{"version_v101.json":{"f":"version_v101.json","v":{"s":40395,"m":"484056223b21a9c3ab1203a69ca474d1"}},"index_v101.html":{"f":"index_v101.html","v":{"s":7163,"m":"a14232a8ff5196428b586e6eea3303bf"}},"ani\/chi.ani":{"f":"ani\/chi0974a437.ani","v":{"s":4039,"m":"0974a4372a8fe1704ea02587a8214338"}},"ani\/free.ani":{"f":"ani\/free4677d9d9.ani","v":{"s":7498,"m":"4677d9d9adb46b1a015eaedca33bc87e"}},"ani\/jiang.ani":{"f":"ani\/jiang869c7646.ani","v":{"s":4039,"m":"869c7646db052fce27e78f95cbe5b3fe"}},"ani\/kill.ani":{"f":"ani\/kill1318b02f.ani","v":{"s":6367,"m":"1318b02fb30b53372fb4c40a6e35a2f7"}},"ani\/lock2.ani":{"f":"ani\/lock2ee7f7de6.ani","v":{"s":4561,"m":"ee7f7de6f9d25a75df52a8b7093f5726"}},"ani\/match.ani":{"f":"ani\/match6e9ca792.ani","v":{"s":5564,"m":"6e9ca7925a49ba7c429baed9aa9c7e7d"}},"ani\/start.ani":{"f":"ani\/starta0bb3601.ani","v":{"s":4039,"m":"a0bb3601d2df8ee3f582b6b9f92c6499"}},"chat\/bg.png":{"f":"chat\/bgcpa4fe1c42.png","v":{"s":5438,"m":"1256c1edc45f07f5ee9ab5dffc0be7b3"}},"cj\/bg0.jpg":{"f":"cj\/bg0cp748037c7.jpg","v":{"s":1644,"m":"c570959fdbb67d29df199eae502d70a4"}},"cj\/bg1.jpg":{"f":"cj\/bg1cp40407ae3.jpg","v":{"s":47012,"m":"82836f5d0b23ad06ac5b9335eab9f006"}},"cj\/bg2.jpg":{"f":"cj\/bg2cp11fa3019.jpg","v":{"s":48058,"m":"c25996b59a075b7b237b6b7c4ee20b91"}},"cj\/bg3.jpg":{"f":"cj\/bg3cp2510740b.jpg","v":{"s":46604,"m":"b802c150f03fd52101e1c428619e1525"}},"cj\/bg4.jpg":{"f":"cj\/bg4cp10177c80.jpg","v":{"s":19518,"m":"f20b6803dc55633c367ff61216b9d4b4"}},"code.js":{"f":"code.js","v":{"s":1466066,"m":"ce5e1c985aee87eb2834283ed4e7518e"}},"conf\/canq.json":{"f":"conf\/canqcpa87c366d.json","v":{"s":65487,"m":"a87c366d9711f47dae6e64ddc390a2dd"}},"conf\/nickname.json":{"f":"conf\/nicknamecpf9240e49.json","v":{"s":4577,"m":"f9240e49bf6bd9032ae6d32e3d390ab7"}},"ddz\/bg\/1.jpg":{"f":"ddz\/bg\/1cp9e78eb0d.jpg","v":{"s":25185,"m":"02a58a709271a4978870053ee5e3d057"}},"ddz\/jiabei.ani":{"f":"ddz\/jiabei9b544d9e.ani","v":{"s":3713,"m":"9b544d9e0e56c60be5264a74f4a56d7e"}},"ddz\/lossbk.png":{"f":"ddz\/lossbkcpcec560a2.png","v":{"s":41269,"m":"14a555f0b2bb904134b9b4946f369923"}},"ddz\/lossitem.png":{"f":"ddz\/lossitemcp2021f7e2.png","v":{"s":3814,"m":"db18c2a41f42db8fd6d0cddb2d5da431"}},"ddz\/mingpai.ani":{"f":"ddz\/mingpai9a8d3bd1.ani","v":{"s":2883,"m":"9a8d3bd1280a4f2676b2e94388f07e69"}},"ddz\/plan.ani":{"f":"ddz\/plane02e54b0.ani","v":{"s":5163,"m":"e02e54b0bad406ce55c7f99e7f0f3c4f"}},"ddz\/slossbg.png":{"f":"ddz\/slossbgcp45640675.png","v":{"s":83983,"m":"718f5cc1f189c1fbb1b8b6fde276fcbe"}},"ddz\/swinbg.png":{"f":"ddz\/swinbgcp2287276b.png","v":{"s":85242,"m":"04017d59398088ab6062b0a8cceed629"}},"ddz\/windb.png":{"f":"ddz\/windbcp0184ffb4.png","v":{"s":34953,"m":"876e69b6bab4d34ceae4fa70f4086f9e"}},"ddz\/winitem.png":{"f":"ddz\/winitemcp8e50f49c.png","v":{"s":4430,"m":"5c50e57ddd1e85e0c34a48d09c164da6"}},"facebook.html":{"f":"facebook3c6bd017.html","v":{"s":1624,"m":"3c6bd0178793364298e3a4dbc2273598"}},"head\/1.jpg":{"f":"head\/1cp6dce97eb.jpg","v":{"s":2348,"m":"a6f5607f374818487805914be0226c0c"}},"head\/10.jpg":{"f":"head\/10cp75b65910.jpg","v":{"s":2245,"m":"5b3baad624f5df8dbd95bd6937bfef14"}},"head\/11.jpg":{"f":"head\/11cp95f7d0cd.jpg","v":{"s":2149,"m":"67d02dcaad5c922a09f8a1dc32e9ab18"}},"head\/12.jpg":{"f":"head\/12cp54bda904.jpg","v":{"s":2119,"m":"cac64a30da828535fdda60642dbad6d9"}},"head\/13.jpg":{"f":"head\/13cpb32b8669.jpg","v":{"s":2392,"m":"bd0d9e62324dfec0e00ba2767fb29443"}},"head\/14.jpg":{"f":"head\/14cp3c87eeab.jpg","v":{"s":2346,"m":"b1f3100077a0b4461a1d1aca89063b38"}},"head\/15.jpg":{"f":"head\/15cp808ce948.jpg","v":{"s":2215,"m":"ed893195710f30ea5e3f0b3ef3c1b25d"}},"head\/16.jpg":{"f":"head\/16cp4d9d7b98.jpg","v":{"s":2485,"m":"bfe0b421a6811c0cc6ddc0f01359b9c2"}},"head\/17.jpg":{"f":"head\/17cp36179942.jpg","v":{"s":2412,"m":"2317f24ef24a8592ceb8797081b3f421"}},"head\/18.jpg":{"f":"head\/18cp4742eadb.jpg","v":{"s":2169,"m":"e516c3b0f31dc8e080ed39d8ec5352bc"}},"head\/19.jpg":{"f":"head\/19cp89076103.jpg","v":{"s":2436,"m":"98fe60e1e082030309eee6793926bd41"}},"head\/2.jpg":{"f":"head\/2cp16e7e9d5.jpg","v":{"s":2349,"m":"53c67d24e79fb18feeb7b830353f58d4"}},"head\/20.jpg":{"f":"head\/20cp10395e2d.jpg","v":{"s":2482,"m":"36b7b2e8a4260f71163caadba8acfc2f"}},"head\/21.jpg":{"f":"head\/21cpb63d8a81.jpg","v":{"s":2265,"m":"78ccac8d2d18cede0c0b6012b3694dd8"}},"head\/22.jpg":{"f":"head\/22cp9ea0b896.jpg","v":{"s":2801,"m":"47a1091b9a50405e9dd8908913fc19b5"}},"head\/23.jpg":{"f":"head\/23cp1e01cdb7.jpg","v":{"s":2447,"m":"cb362ced8fa2de69da112be0325292ac"}},"head\/24.jpg":{"f":"head\/24cp6d319343.jpg","v":{"s":2510,"m":"771c7c2a3dc5a7125e27e76c09458516"}},"head\/25.jpg":{"f":"head\/25cpcc8c0d4b.jpg","v":{"s":2414,"m":"23b7006eb521d77a14738ae4645da13e"}},"head\/26.jpg":{"f":"head\/26cp7e051067.jpg","v":{"s":2285,"m":"708bb5bcf8d094e5f607602fb1109cc9"}},"head\/27.jpg":{"f":"head\/27cpcb548f64.jpg","v":{"s":2910,"m":"fa4e21654bd03022dc06f64093e17f82"}},"head\/28.jpg":{"f":"head\/28cp172b7951.jpg","v":{"s":2289,"m":"c6ef5609977bc025eec1dc17cab2c1fd"}},"head\/29.jpg":{"f":"head\/29cp1c69b166.jpg","v":{"s":2470,"m":"f9f8e1408376dcfcc56e534b5ea96fc6"}},"head\/3.jpg":{"f":"head\/3cpb7000eba.jpg","v":{"s":2363,"m":"089e5144aff7b6437a87c184fbc5d4fd"}},"head\/30.jpg":{"f":"head\/30cp37b5c758.jpg","v":{"s":2565,"m":"d291e8294d3d9beece952bd0a2a56ffc"}},"head\/31.jpg":{"f":"head\/31cpc2068f42.jpg","v":{"s":2269,"m":"a81f3cefea3e0ac89264e2d831640842"}},"head\/32.jpg":{"f":"head\/32cp320e4308.jpg","v":{"s":2454,"m":"9f246204fa19ba6368b83e54d357a0cf"}},"head\/33.jpg":{"f":"head\/33cpedb4fc1b.jpg","v":{"s":2123,"m":"3093dd204208fe2ec79dfff062fd0da4"}},"head\/34.jpg":{"f":"head\/34cp866d032a.jpg","v":{"s":2187,"m":"d9a419bf6201d221192b9847205f6951"}},"head\/35.jpg":{"f":"head\/35cp62dcf523.jpg","v":{"s":2314,"m":"adef7bf49a33ca071045374903d6bd94"}},"head\/4.jpg":{"f":"head\/4cp32d65e9f.jpg","v":{"s":2264,"m":"3375d3ae971fda59b2bf8eb332911e2a"}},"head\/41.jpg":{"f":"head\/41cp91b58fb6.jpg","v":{"s":2236,"m":"d310da51d9562f8e12341c8e31afc050"}},"head\/42.jpg":{"f":"head\/42cpc76cedfd.jpg","v":{"s":2197,"m":"de44f421b313a64b1264198b2bdfe0f1"}},"head\/43.jpg":{"f":"head\/43cp52fb511b.jpg","v":{"s":2366,"m":"6925d3898ca1f3c451ff3bfa64cd5884"}},"head\/44.jpg":{"f":"head\/44cp8f1f0b79.jpg","v":{"s":2286,"m":"700f38ed76e331b1025fe4d2a676995d"}},"head\/45.jpg":{"f":"head\/45cp43c2274a.jpg","v":{"s":2296,"m":"761e36b32bc9d855c21bd5e543d7a638"}},"head\/46.jpg":{"f":"head\/46cp1f408b07.jpg","v":{"s":2084,"m":"5afc2b6a92723e9c0eb2788d58e48d52"}},"head\/5.jpg":{"f":"head\/5cpeb9890a4.jpg","v":{"s":2525,"m":"b28c94e3a29589c6d680d49842188762"}},"head\/6.jpg":{"f":"head\/6cp4ac1091a.jpg","v":{"s":2239,"m":"0357d32fd7c569ee853a3c44e2553d3a"}},"head\/7.jpg":{"f":"head\/7cpf98f92b4.jpg","v":{"s":2385,"m":"75d8e6851b36061e91f038b3dc3a20c3"}},"head\/8.jpg":{"f":"head\/8cpa6c0bef7.jpg","v":{"s":2519,"m":"58e19d2c11710fe34307886539d90eef"}},"head\/9.jpg":{"f":"head\/9cp09e1412c.jpg","v":{"s":2315,"m":"4ab4810f9487ffdaab5f0631344aa8d5"}},"index.html":{"f":"index.html","v":{"s":7163,"m":"a14232a8ff5196428b586e6eea3303bf"}},"js\/app\/ddz\/main.js":{"f":"js\/app\/ddz\/maincpd541e2b0.js","v":{"s":5126,"m":"58016c0ad526a67cc96825b3733ebd6f"}},"js\/app\/ddz\/proto.js":{"f":"js\/app\/ddz\/protocp51203ed0.js","v":{"s":2378,"m":"3a22a1a29c66656976dcb68f0ddfe755"}},"js\/app\/ddz\/view\/battle.js":{"f":"js\/app\/ddz\/view\/battlecp741a0eb1.js","v":{"s":70078,"m":"58ca18cdf96d3a124b04730eba87a280"}},"js\/app\/ddz\/view\/chat.js":{"f":"js\/app\/ddz\/view\/chatcp83418d0b.js","v":{"s":7316,"m":"9b0f660a4b778d05fe1e0ba1f975e025"}},"js\/app\/ddz\/view\/freeback.js":{"f":"js\/app\/ddz\/view\/freebackcp1167b5be.js","v":{"s":5216,"m":"b443ad843201da4b113968b55660a4de"}},"js\/app\/ddz\/view\/lock.js":{"f":"js\/app\/ddz\/view\/lockcpc3b5e1f7.js","v":{"s":2067,"m":"1c0c7625b400c74c551aed5d8fe7e72a"}},"js\/app\/ddz\/view\/match.js":{"f":"js\/app\/ddz\/view\/matchcp07877a49.js","v":{"s":1459,"m":"c5f2ba41aefb516d3b54656a1b7de662"}},"js\/app\/ddz\/view\/player.js":{"f":"js\/app\/ddz\/view\/playercp43bebe6c.js","v":{"s":4339,"m":"9eddd497bc6b57adcf5433ea89d7a33d"}},"js\/app\/ddz\/view\/settle.js":{"f":"js\/app\/ddz\/view\/settlecp83432e57.js","v":{"s":5273,"m":"b300d44e5121dc0aed21373d04dbcf08"}},"js\/app\/ddz\/view\/smiddle.js":{"f":"js\/app\/ddz\/view\/smiddlecp0b8fbcce.js","v":{"s":927,"m":"3755aa232c91a2802684091bc5805b5f"}},"js\/app\/hall\/main.js":{"f":"js\/app\/hall\/maincp6a531f40.js","v":{"s":16458,"m":"ef620e9023d88aab19fb99d95c5c2bc1"}},"js\/app\/hall\/proto.js":{"f":"js\/app\/hall\/protocp607f3204.js","v":{"s":1808,"m":"418cc2b49e6aeef723a528df38770273"}},"js\/app\/hall\/view\/canju.js":{"f":"js\/app\/hall\/view\/canjucp7a1d25d2.js","v":{"s":5396,"m":"8b713cb688757103d1c3a58f5a72f1e3"}},"js\/app\/hall\/view\/canjumap.js":{"f":"js\/app\/hall\/view\/canjumapcp9204274c.js","v":{"s":3242,"m":"cad2ef78d140e07a7ff4aa51fe3f360c"}},"js\/app\/hall\/view\/choujiang.js":{"f":"js\/app\/hall\/view\/choujiangcp1a54e61c.js","v":{"s":6158,"m":"b969b0f091aa3b50af6db8b3605ed61a"}},"js\/app\/hall\/view\/comfire.js":{"f":"js\/app\/hall\/view\/comfirecp169f2375.js","v":{"s":2692,"m":"1d30c7853e801a7c18972bbc14fcc1c9"}},"js\/app\/hall\/view\/email.js":{"f":"js\/app\/hall\/view\/emailcpc79c1990.js","v":{"s":795,"m":"1fd6a239d795e30c84fd43d2dac1f45e"}},"js\/app\/hall\/view\/free.js":{"f":"js\/app\/hall\/view\/freecp71f12619.js","v":{"s":2233,"m":"697ccf779961b509d8374fa7ce9e7c80"}},"js\/app\/hall\/view\/freereward.js":{"f":"js\/app\/hall\/view\/freerewardcp22706ac8.js","v":{"s":3017,"m":"b33af9a16fe2404e241c681bedbb26cb"}},"js\/app\/hall\/view\/friend.js":{"f":"js\/app\/hall\/view\/friendcp44be6223.js","v":{"s":2130,"m":"6773e9531c9380bea454af577859c2ee"}},"js\/app\/hall\/view\/help.js":{"f":"js\/app\/hall\/view\/helpcp4d37b663.js","v":{"s":2632,"m":"ee6037127fcf9b477d489bb1519954ef"}},"js\/app\/hall\/view\/index.js":{"f":"js\/app\/hall\/view\/indexcpda472813.js","v":{"s":16654,"m":"8e0cd4ffdbdced949df95a296b13227c"}},"js\/app\/hall\/view\/join.js":{"f":"js\/app\/hall\/view\/joincpf0990983.js","v":{"s":1748,"m":"02d7a8d52630217d32628b382df0d62b"}},"js\/app\/hall\/view\/lock.js":{"f":"js\/app\/hall\/view\/lockcpc8907272.js","v":{"s":1963,"m":"dce0ef7595b8945b00a4e7b895995c43"}},"js\/app\/hall\/view\/login.js":{"f":"js\/app\/hall\/view\/logincp4b62585d.js","v":{"s":13766,"m":"0c60e083891d43d51952f1e5e5cabf98"}},"js\/app\/hall\/view\/lucky.js":{"f":"js\/app\/hall\/view\/luckycpaaee2342.js","v":{"s":3228,"m":"65e0e2ce9d1caefc9edeb46c1726b4a4"}},"js\/app\/hall\/view\/more.js":{"f":"js\/app\/hall\/view\/morecpb8c44a78.js","v":{"s":3779,"m":"49a4a62cf471e11120be34afc8a254d7"}},"js\/app\/hall\/view\/pk.js":{"f":"js\/app\/hall\/view\/pkcpb83231b7.js","v":{"s":20219,"m":"442c4be255a4f5706f123c9bd93ec9a2"}},"js\/app\/hall\/view\/player.js":{"f":"js\/app\/hall\/view\/playercpd20cc6ef.js","v":{"s":4089,"m":"277f399863ebaa7887359776106a8c97"}},"js\/app\/hall\/view\/pve.js":{"f":"js\/app\/hall\/view\/pvecpa198bca5.js","v":{"s":5507,"m":"e65ef18279bbe6df818f6836ca84a29a"}},"js\/app\/hall\/view\/pvp.js":{"f":"js\/app\/hall\/view\/pvpcp67bf1ae0.js","v":{"s":42240,"m":"dee9da4ef130a74b38523b3342e522a4"}},"js\/app\/hall\/view\/qipu.js":{"f":"js\/app\/hall\/view\/qipucp2cdb0348.js","v":{"s":2244,"m":"aaa8a9ad62303081c650ef801d636d6e"}},"js\/app\/hall\/view\/rank.js":{"f":"js\/app\/hall\/view\/rankcpf1d57243.js","v":{"s":4316,"m":"0456773e7c580241a4892faa69ccd3b9"}},"js\/app\/hall\/view\/reward.js":{"f":"js\/app\/hall\/view\/rewardcpcc13b2f2.js","v":{"s":2404,"m":"ea9e5782783d65f22090572a9ba6b123"}},"js\/app\/hall\/view\/robot.js":{"f":"js\/app\/hall\/view\/robotcpbb451da2.js","v":{"s":1876,"m":"41a257ef72a1757afc9222ef1cb54c3b"}},"js\/app\/hall\/view\/room.js":{"f":"js\/app\/hall\/view\/roomcpd64b3346.js","v":{"s":1843,"m":"d73141fc1aeca6ae551bd28b08630056"}},"js\/app\/hall\/view\/set.js":{"f":"js\/app\/hall\/view\/setcp12d1fb87.js","v":{"s":2645,"m":"831eb286296dfba5f3691c2ab6d1be3e"}},"js\/app\/hall\/view\/settle.js":{"f":"js\/app\/hall\/view\/settlecp0509a7d6.js","v":{"s":10191,"m":"aa8e98a1db6ca9cb677b3705a66fb5e1"}},"js\/app\/hall\/view\/shop.js":{"f":"js\/app\/hall\/view\/shopcpd828f03c.js","v":{"s":6633,"m":"5b37e94b20c5b3b3a681896ea4f37b90"}},"js\/app\/hall\/view\/sign.js":{"f":"js\/app\/hall\/view\/signcpb211acc0.js","v":{"s":4013,"m":"5ce036da112fcd48565d7752e28c7671"}},"js\/app\/hall\/view\/tip.js":{"f":"js\/app\/hall\/view\/tipcp35c673ba.js","v":{"s":1112,"m":"74127c88468dcee8b5435f67453214f4"}},"js\/app\/hall\/view\/welfare.js":{"f":"js\/app\/hall\/view\/welfarecpb6963649.js","v":{"s":4310,"m":"d635aaa33a69be7ac7140cc3c2e680b9"}},"js\/main.js":{"f":"js\/maincpff955bd5.js","v":{"s":1615,"m":"215ad61511c81ced56358ff07f53d80a"}},"js\/model\/app.js":{"f":"js\/model\/appcpb24f52b5.js","v":{"s":22791,"m":"7cae36bd3716e3c116d699db48adbc31"}},"js\/model\/chess.js":{"f":"js\/model\/chesscpa06bb68b.js","v":{"s":40755,"m":"dbabd91b75c7bf9def3fc44c2379bd8f"}},"js\/model\/data.js":{"f":"js\/model\/datacp76f605e2.js","v":{"s":652,"m":"b49903d6a401f5f75274dfc092625c9f"}},"js\/model\/define.js":{"f":"js\/model\/definecp280cbacb.js","v":{"s":10306,"m":"676eafb04d07f2f2cb72eb5a2d2d71b3"}},"js\/model\/effect.js":{"f":"js\/model\/effectcpeea6b570.js","v":{"s":2288,"m":"dd028c1d7292036c75664d40b8aa7518"}},"js\/model\/font.js":{"f":"js\/model\/fontcp788a0a01.js","v":{"s":3688,"m":"c24e0b80dd0f4e5fc25fb0be5d26ee8a"}},"js\/model\/game.js":{"f":"js\/model\/gamecp2427a5da.js","v":{"s":17369,"m":"422fdbe74676e16c2b33c1b5a988c5bb"}},"js\/model\/math.js":{"f":"js\/model\/mathcp69793328.js","v":{"s":13996,"m":"169e5a412db6b43d8857d163d0d25fdd"}},"js\/model\/proto.js":{"f":"js\/model\/protocp8d27b11c.js","v":{"s":5113,"m":"c4159d605455f76941edbeb73aa6a062"}},"js\/model\/view.js":{"f":"js\/model\/viewcp88b212d6.js","v":{"s":16437,"m":"96e9469e4f55b6715356e161211f2431"}},"js\/third\/fingerprint.js":{"f":"js\/third\/fingerprintcp43cd1967.js","v":{"s":4333,"m":"c7335a9f011e17ab8c803c4d3709caa3"}},"js\/third\/md5.js":{"f":"js\/third\/md5cpee3a962f.js","v":{"s":4622,"m":"4f4394c8430cd9162bf8dc7164d507f7"}},"js\/ui\/layaUI.max.all.js":{"f":"js\/ui\/layaUI.max.allcp52ac91eb.js","v":{"s":255997,"m":"390edbc5847f4bebfd4cd682b727bdb6"}},"laya.min.js":{"f":"laya.min4050f71f.js","v":{"s":760984,"m":"4050f71f937bc264cd9e3e78aedc2129"}},"libs.js":{"f":"libs.js","v":{"s":370,"m":"b0a3804ee3733557d111487c316fae32"}},"lobby\/bg1.png":{"f":"lobby\/bg1cp470dc8ca.png","v":{"s":18098,"m":"4e12f8f31b063033bd08eb0d9ac5c61d"}},"lobby\/bg2.png":{"f":"lobby\/bg2cp17418f2e.png","v":{"s":18023,"m":"998f04e39b1c83dd462c4068a2e28b53"}},"lobby\/bg3.png":{"f":"lobby\/bg3cp1bf64cbb.png","v":{"s":21257,"m":"63604b0e7b7baa6cf8ad574d14a42f9b"}},"lobby\/btnxq.png":{"f":"lobby\/btnxqcp2286ee2b.png","v":{"s":38791,"m":"853d1a008234cd1a4632e88a6047978e"}},"lobby\/canju.png":{"f":"lobby\/canjucp29c136fb.png","v":{"s":29355,"m":"ee30666f9614578e523129bbf0cdfbe2"}},"lobby\/comm_bg.jpg":{"f":"lobby\/comm_bgcp1eb08da3.jpg","v":{"s":30367,"m":"7b6648adc9d5ae218bdd29ed80b2c7d2"}},"lobby\/fl1.png":{"f":"lobby\/fl1cp0196aa99.png","v":{"s":23196,"m":"b16b6ae04ded318aa21d61c2f4498c5f"}},"lobby\/hallBg.jpg":{"f":"lobby\/hallBgcpb6719ead.jpg","v":{"s":17439,"m":"4f99fa66b4ee5b10b1b1786901e22c57"}},"lobby\/invitebg.png":{"f":"lobby\/invitebgcpeca86cf3.png","v":{"s":80664,"m":"a61fcdb36a5fd4e47c7fbbc3914f8d0f"}},"lobby\/light.png":{"f":"lobby\/lightcpa8f40b05.png","v":{"s":72870,"m":"9d61362edc9995559fab5fe04ce36a92"}},"lobby\/loading_bg.png":{"f":"lobby\/loading_bgcp4a151773.png","v":{"s":173477,"m":"8920a41c0964256c08ba1213e3d6e7bf"}},"lobby\/loading_board.png":{"f":"lobby\/loading_boardcp5d377c20.png","v":{"s":51982,"m":"aa69e5db99bc654ebdd2ee5613b3cbd1"}},"lobby\/loadingbar.png":{"f":"lobby\/loadingbarcp7b3f0f97.png","v":{"s":2696,"m":"dc9df831b5043955acbc73091eaabff6"}},"lobby\/loadingbarbg.png":{"f":"lobby\/loadingbarbgcpa92088a6.png","v":{"s":1570,"m":"87fc2ce5c0f3b793129619032f8beee9"}},"lobby\/logo.png":{"f":"lobby\/logocp0dbc8c86.png","v":{"s":38089,"m":"ff07c5c18ecccaac5a0e65e37c75075e"}},"lobby\/pkbg.png":{"f":"lobby\/pkbgcp757294d3.png","v":{"s":29521,"m":"4d1978b3f9ef061e1dafe82437eb8bfb"}},"lobby\/pop.png":{"f":"lobby\/popcp0a434305.png","v":{"s":33968,"m":"bc013510689aeba6a89d511add7f9667"}},"lobby\/poptitlebg.png":{"f":"lobby\/poptitlebgcp5526de38.png","v":{"s":4199,"m":"4f3012c0201c904b2f63ca45efdf8494"}},"lobby\/qipan1.png":{"f":"lobby\/qipan1cp7c8819e4.png","v":{"s":125966,"m":"4155d0e8b824c4835b830c4e1cb8b6f6"}},"lobby\/qipan2.png":{"f":"lobby\/qipan2cp329cee00.png","v":{"s":186174,"m":"206bbbec389b2ac2c273584a02991794"}},"lobby\/qipan3.png":{"f":"lobby\/qipan3cp412639b3.png","v":{"s":150321,"m":"6813d2bda0da8811970e9880faa8143d"}},"lobby\/qipan4.png":{"f":"lobby\/qipan4cpe2a6cca0.png","v":{"s":173800,"m":"cf170d7e4ce81554a2a7babd7eed7cc9"}},"lobby\/settle1.jpg":{"f":"lobby\/settle1cp9e3497d2.jpg","v":{"s":4058,"m":"99dd421524e0a2df482eb318524d41a7"}},"lobby\/shopbg.png":{"f":"lobby\/shopbgcpc4d9ef26.png","v":{"s":22283,"m":"674cca60e4bf19dc82699ab6e4eac9db"}},"lobby\/sign.png":{"f":"lobby\/signcp94e81e8a.png","v":{"s":27859,"m":"4b7e4bf314712b31f539e23171e1d95a"}},"lobby\/turnget1.png":{"f":"lobby\/turnget1cp976e49d9.png","v":{"s":60369,"m":"8c9b673e576ffb4b73ba21eb1924c897"}},"lobby\/zhanshu.png":{"f":"lobby\/zhanshucpc8c0912e.png","v":{"s":63929,"m":"55b647431c237540e5978788f8813e93"}},"lobby\/zhanshutitle.png":{"f":"lobby\/zhanshutitlecp136b47d7.png","v":{"s":3219,"m":"26c81b72dfbcf79c88ab1aa5a5d98d56"}},"privacy.html":{"f":"privacy0a143175.html","v":{"s":8183,"m":"0a143175a143ba80ddf15cf06a33518c"}},"release.html":{"f":"releaseb09c2c63.html","v":{"s":3066,"m":"b09c2c639800594f81917ec5c6fb0158"}},"res\/atlas\/chat.atlas":{"f":"res\/atlas\/chatcpa332b010.atlas","v":{"s":3482,"m":"a332b010f98d42a782b6d213c9048c9d"}},"res\/atlas\/chat.png":{"f":"res\/atlas\/chatcp19a668e3.png","v":{"s":66408,"m":"639a4326b91f35daf0e8655e7cbe2f3d"}},"res\/atlas\/ddz.atlas":{"f":"res\/atlas\/ddzcp4f59bb03.atlas","v":{"s":10909,"m":"4f59bb03c9421b049cb7841cc24399f3"}},"res\/atlas\/ddz.png":{"f":"res\/atlas\/ddzcp5bd4e591.png","v":{"s":1109546,"m":"c830b1c29aeb7a3f0655257bc6e101d3"}},"res\/atlas\/effect.atlas":{"f":"res\/atlas\/effectcp18146503.atlas","v":{"s":2290,"m":"1814650300730a2b03bb037bb3690ffd"}},"res\/atlas\/effect.png":{"f":"res\/atlas\/effectcp02a2cfa2.png","v":{"s":103942,"m":"54c0944b284d29f91f6a0ad477203572"}},"res\/atlas\/head.atlas":{"f":"res\/atlas\/headcpdd0551a8.atlas","v":{"s":3480,"m":"dd0551a869dd7a62008c628b26da737b"}},"res\/atlas\/head.png":{"f":"res\/atlas\/headcp68e982b2.png","v":{"s":451925,"m":"6a5ecced60649494e97546dc84fcb8e5"}},"res\/atlas\/lobby.atlas":{"f":"res\/atlas\/lobbycpbb254a57.atlas","v":{"s":31648,"m":"bb254a574d958317b81c2c59d2712255"}},"res\/atlas\/lobby.png":{"f":"res\/atlas\/lobbycp05475522.png","v":{"s":2447416,"m":"69ba7fc73a8338167f3cf5b43a136c23"}},"res\/atlas\/lucky.atlas":{"f":"res\/atlas\/luckycpdf43220a.atlas","v":{"s":924,"m":"df43220a620b3fdef6d2589949fbe6e9"}},"res\/atlas\/lucky.png":{"f":"res\/atlas\/luckycp99974c43.png","v":{"s":60820,"m":"a4869d76f070a97482638f88937906ea"}},"res\/atlas\/poker.atlas":{"f":"res\/atlas\/pokercpa02772ca.atlas","v":{"s":7881,"m":"a02772cacb0bda0a21750d6edaeec63e"}},"res\/atlas\/poker.png":{"f":"res\/atlas\/pokercp02e60f69.png","v":{"s":50374,"m":"2db4d33c8efc5302aa117b121b3e1c48"}},"unpack.json":{"f":"unpackcpf4afb2dc.json","v":{"s":720,"m":"f4afb2dc96b26e6d90a43f0e875cea21"}}}