{"version_v5.json":{"f":"version_v5.json","v":{"s":46931,"m":"f189382b57ba75865807281f662e94b2"}},"wangzhe_v5.js":{"f":"wangzhe_v5.js","v":{"s":1456814,"m":"845772f53fe559ebe1055f101a636990"}},"release_v5.html":{"f":"release_v5.html","v":{"s":903,"m":"72458d02ce6ccd2fd209953edec4b548"}},"ani\/girl.ani":{"f":"ani\/girl87a8c859.ani","v":{"s":4499,"m":"87a8c8590058d6f6f6f9e4dd8160e42e"}},"ani\/lightroll.ani":{"f":"ani\/lightroll24dc1902.ani","v":{"s":1226,"m":"24dc1902fd06b9ce0b3783b879e29a55"}},"ani\/openbox.ani":{"f":"ani\/openbox1fd379e2.ani","v":{"s":5949,"m":"1fd379e2d7b1404d67a8b7b6b8ab99e9"}},"ani\/openred.ani":{"f":"ani\/openred91a8227c.ani","v":{"s":6057,"m":"91a8227ce39b571b9a7c3416ada44355"}},"ani\/red.ani":{"f":"ani\/red508070e4.ani","v":{"s":2033,"m":"508070e45aa771566b8c04a2081d7747"}},"ani\/reddot.ani":{"f":"ani\/reddot1f7355a3.ani","v":{"s":3643,"m":"1f7355a3f3217d7802d84495b006f736"}},"ani\/rewardar.ani":{"f":"ani\/rewardar15a9de45.ani","v":{"s":1460,"m":"15a9de459590f1fe929e0c7660789ca7"}},"ani\/roll1.ani":{"f":"ani\/roll1add5dfeb.ani","v":{"s":2268,"m":"add5dfebd360defb64b0159e3cb20725"}},"ani\/shop.ani":{"f":"ani\/shopdcfdf61e.ani","v":{"s":1860,"m":"dcfdf61e78861ded2eb52c1737ab97a1"}},"ani\/signbox.ani":{"f":"ani\/signbox74fc5bd2.ani","v":{"s":2348,"m":"74fc5bd260ad8e2648696c73124fc993"}},"ani\/star.ani":{"f":"ani\/starc743720c.ani","v":{"s":4507,"m":"c743720c03aad282b01da2b2360eba8a"}},"bisai\/10.png":{"f":"bisai\/10cpe69fda93.png","v":{"s":47253,"m":"8aa86e058d26cc5ae89d012105b82ce4"}},"bisai\/13.png":{"f":"bisai\/13cp252a1cf3.png","v":{"s":24492,"m":"ec9c0118df393383747480d7ec439cfb"}},"chat\/bg.png":{"f":"chat\/bgcpa4fe1c42.png","v":{"s":5438,"m":"1256c1edc45f07f5ee9ab5dffc0be7b3"}},"chat\/biaoqing\/ddz_bqb_bengkui_ani.png":{"f":"chat\/biaoqing\/ddz_bqb_bengkui_anicp116fe9ff.png","v":{"s":7711,"m":"6c0d6a1b03b9fc75356e7e741ac8e18c"}},"chat\/biaoqing\/ddz_bqb_bengkui_ani.sk":{"f":"chat\/biaoqing\/ddz_bqb_bengkui_anid95e1eba.sk","v":{"s":18122,"m":"dcf8c39da9cd6fdd60327373598623bf"}},"chat\/biaoqing\/ddz_bqb_bishi_ani.png":{"f":"chat\/biaoqing\/ddz_bqb_bishi_anicp2970a43c.png","v":{"s":7428,"m":"79e7354bd4f63b4eb63fc1e8833aed3d"}},"chat\/biaoqing\/ddz_bqb_bishi_ani.sk":{"f":"chat\/biaoqing\/ddz_bqb_bishi_ani8842ae01.sk","v":{"s":13032,"m":"a721a066d71ad3b05f15f69929e92095"}},"chat\/biaoqing\/ddz_bqb_daku_ani.png":{"f":"chat\/biaoqing\/ddz_bqb_daku_anicp734348dc.png","v":{"s":8625,"m":"9a14bda5134585f0a5425751cb9e3de1"}},"chat\/biaoqing\/ddz_bqb_daku_ani.sk":{"f":"chat\/biaoqing\/ddz_bqb_daku_ani679faa89.sk","v":{"s":26368,"m":"7cc1161e4f6f3a9c5b59233e688ae3fc"}},"chat\/biaoqing\/ddz_bqb_daxiao_ani.png":{"f":"chat\/biaoqing\/ddz_bqb_daxiao_anicpb69976ed.png","v":{"s":6969,"m":"e51f59b6b9b804da0e3765a6e6decd00"}},"chat\/biaoqing\/ddz_bqb_daxiao_ani.sk":{"f":"chat\/biaoqing\/ddz_bqb_daxiao_ani0890a8f4.sk","v":{"s":20620,"m":"6aa25dbbea0c619747b005892e93dc5a"}},"chat\/biaoqing\/ddz_bqb_dazhaohu_ani.png":{"f":"chat\/biaoqing\/ddz_bqb_dazhaohu_anicp538ab65f.png","v":{"s":7799,"m":"c1ea08a1074791ed0fbc4cb48655928e"}},"chat\/biaoqing\/ddz_bqb_dazhaohu_ani.sk":{"f":"chat\/biaoqing\/ddz_bqb_dazhaohu_ani5c172925.sk","v":{"s":22069,"m":"f5d1677db385fce85e8c8155c8e710df"}},"chat\/biaoqing\/ddz_bqb_dianzan_ani.png":{"f":"chat\/biaoqing\/ddz_bqb_dianzan_anicp11fdfd71.png","v":{"s":6777,"m":"8ae34aa3860561d28136d5c316f676bc"}},"chat\/biaoqing\/ddz_bqb_dianzan_ani.sk":{"f":"chat\/biaoqing\/ddz_bqb_dianzan_ani6d4ede0b.sk","v":{"s":20633,"m":"04b76c49c523db714c2e70f1d37c7a5a"}},"chat\/biaoqing\/ddz_bqb_haixiu_ani.png":{"f":"chat\/biaoqing\/ddz_bqb_haixiu_anicpd0ee4b05.png","v":{"s":7537,"m":"ebe931366a5a7e2595a7f3ee3e3ddeb4"}},"chat\/biaoqing\/ddz_bqb_haixiu_ani.sk":{"f":"chat\/biaoqing\/ddz_bqb_haixiu_aniee04119e.sk","v":{"s":15387,"m":"492f070529208ebcbcd768a212ec964d"}},"chat\/biaoqing\/ddz_bqb_ku_ani.png":{"f":"chat\/biaoqing\/ddz_bqb_ku_anicpecb8563f.png","v":{"s":11891,"m":"de2b3ff46ddf6060d75f348c33425446"}},"chat\/biaoqing\/ddz_bqb_ku_ani.sk":{"f":"chat\/biaoqing\/ddz_bqb_ku_anic96eb19c.sk","v":{"s":24874,"m":"72dcf5ab3435e479093714ee0f1dbd3b"}},"chat\/biaoqing\/ddz_bqb_kun_ani.png":{"f":"chat\/biaoqing\/ddz_bqb_kun_anicp0c4dfa75.png","v":{"s":7210,"m":"93bd957555aac747632165ea91baded9"}},"chat\/biaoqing\/ddz_bqb_kun_ani.sk":{"f":"chat\/biaoqing\/ddz_bqb_kun_aniecc82879.sk","v":{"s":13904,"m":"edd7e6c5465abf28b222a59b74755022"}},"chat\/biaoqing\/ddz_bqb_liuhan_ani.png":{"f":"chat\/biaoqing\/ddz_bqb_liuhan_anicp6f97e589.png","v":{"s":6008,"m":"b98fc5222003faff2177b06ecca8cdeb"}},"chat\/biaoqing\/ddz_bqb_liuhan_ani.sk":{"f":"chat\/biaoqing\/ddz_bqb_liuhan_ania5a49730.sk","v":{"s":24984,"m":"cfb9d732c5ecacddee3811f5a71da545"}},"chat\/biaoqing\/ddz_bqb_qidao_ani.png":{"f":"chat\/biaoqing\/ddz_bqb_qidao_anicp67bd999d.png","v":{"s":7298,"m":"a7ba224f515499bbd634c62fbbdcdea1"}},"chat\/biaoqing\/ddz_bqb_qidao_ani.sk":{"f":"chat\/biaoqing\/ddz_bqb_qidao_ani016cd3db.sk","v":{"s":19464,"m":"81bb0bbf84360d2e337284d375113a6f"}},"chat\/biaoqing\/ddz_bqb_se_ani.png":{"f":"chat\/biaoqing\/ddz_bqb_se_anicp24b77567.png","v":{"s":8705,"m":"8180032ab1c483e29aed1346a2d66200"}},"chat\/biaoqing\/ddz_bqb_se_ani.sk":{"f":"chat\/biaoqing\/ddz_bqb_se_ani0e225cbc.sk","v":{"s":30557,"m":"bdfa9b9091474d27c60990ff534cacf5"}},"chat\/biaoqing\/ddz_bqb_shangxin_ani.png":{"f":"chat\/biaoqing\/ddz_bqb_shangxin_anicpb63f1eae.png","v":{"s":8837,"m":"9b14eb1e0fb73cffd9fc96b111fe81b6"}},"chat\/biaoqing\/ddz_bqb_shangxin_ani.sk":{"f":"chat\/biaoqing\/ddz_bqb_shangxin_ani52c16c12.sk","v":{"s":20269,"m":"c30bd654f2ad8edb44648973b60ab40d"}},"chat\/biaoqing\/ddz_bqb_shengqi_ani.png":{"f":"chat\/biaoqing\/ddz_bqb_shengqi_anicpa5cd0c4d.png","v":{"s":10187,"m":"e5b78190cbc1d30dce5ad32726d50922"}},"chat\/biaoqing\/ddz_bqb_shengqi_ani.sk":{"f":"chat\/biaoqing\/ddz_bqb_shengqi_ani9fd7a5a2.sk","v":{"s":22577,"m":"b1d1e0afdcae1743d7d1c053c1ae95a9"}},"chat\/biaoqing\/ddz_bqb_tiaopi_ani.png":{"f":"chat\/biaoqing\/ddz_bqb_tiaopi_anicp198c298b.png","v":{"s":7644,"m":"d60b5dda49964e37f104994366843a56"}},"chat\/biaoqing\/ddz_bqb_tiaopi_ani.sk":{"f":"chat\/biaoqing\/ddz_bqb_tiaopi_ani6dcb5243.sk","v":{"s":18331,"m":"07842221ea9940d78979eb0bec1cf394"}},"chat\/biaoqing\/ddz_bqb_tu_ani.png":{"f":"chat\/biaoqing\/ddz_bqb_tu_anicp8486d43d.png","v":{"s":8445,"m":"197f9a99dc2b537527600e81663769a7"}},"chat\/biaoqing\/ddz_bqb_tu_ani.sk":{"f":"chat\/biaoqing\/ddz_bqb_tu_ani2d01facd.sk","v":{"s":21787,"m":"4cbf10ee3a0c9faa3fab45be7ef877af"}},"chat\/biaoqing\/ddz_bqb_weixie_ani.png":{"f":"chat\/biaoqing\/ddz_bqb_weixie_anicp7ba4c501.png","v":{"s":8839,"m":"f943b786a90a7d64ff731ce20ed60f77"}},"chat\/biaoqing\/ddz_bqb_weixie_ani.sk":{"f":"chat\/biaoqing\/ddz_bqb_weixie_anifb77644e.sk","v":{"s":23066,"m":"0e837857dc5087e089b579b82662e634"}},"chat\/biaoqing\/ddz_bqb_yun_ani.png":{"f":"chat\/biaoqing\/ddz_bqb_yun_anicp68c4dc3c.png","v":{"s":7139,"m":"954ae2da783c6d83f1341f8508c9c5b6"}},"chat\/biaoqing\/ddz_bqb_yun_ani.sk":{"f":"chat\/biaoqing\/ddz_bqb_yun_aniaba1779e.sk","v":{"s":18147,"m":"25fdb730ff4d27684a31317d255a163b"}},"chat\/worldMsg_groupBg.png":{"f":"chat\/worldMsg_groupBgcp937587cb.png","v":{"s":11340,"m":"017b7071dcb08b597c2a58ff4882468b"}},"conf\/nickname.json":{"f":"conf\/nicknamecpf62d7ec4.json","v":{"s":17861,"m":"f62d7ec4e0ec3642f1a0d2ca429c7801"}},"ddz\/bg\/1.jpg":{"f":"ddz\/bg\/1cpe93afc5b.jpg","v":{"s":57760,"m":"a9a27cf6055f1411b8efc77a493e8524"}},"ddz\/bg\/2.png":{"f":"ddz\/bg\/2cpb2380ba4.png","v":{"s":153759,"m":"f2266fe48abaa0d357b7fca8ddc1bc41"}},"ddz\/bg\/broke1.png":{"f":"ddz\/bg\/broke1cpde99be28.png","v":{"s":76360,"m":"ad8011c50caa94be40c5ea5e8de099fc"}},"ddz\/bg\/broke2.png":{"f":"ddz\/bg\/broke2cp9bce44b4.png","v":{"s":64051,"m":"1fbe136a548cf9be1519ebf1c9d633e0"}},"ddz\/bg\/broke3.png":{"f":"ddz\/bg\/broke3cp1a47ceea.png","v":{"s":59445,"m":"ec9610ea422ea60e4f45251644f2f4e3"}},"ddz\/bg\/broke4.png":{"f":"ddz\/bg\/broke4cpbe006326.png","v":{"s":126290,"m":"cacc560bb67b88aa86630ae91c2c3af8"}},"ddz\/bg\/broke5.png":{"f":"ddz\/bg\/broke5cp7a52eadd.png","v":{"s":91868,"m":"7415bc4cd6f3d743272d8762700b6ec0"}},"ddz\/history2.png":{"f":"ddz\/history2cp4a9b9627.png","v":{"s":2429,"m":"77902a46d85ef32025b53624b169d60f"}},"ddz\/jiabei.ani":{"f":"ddz\/jiabei9b544d9e.ani","v":{"s":3713,"m":"9b544d9e0e56c60be5264a74f4a56d7e"}},"ddz\/lossbg2.png":{"f":"ddz\/lossbg2cp06579690.png","v":{"s":72636,"m":"dfabbd4b966f2cceacd413658134d616"}},"ddz\/lossbg3.png":{"f":"ddz\/lossbg3cp063549af.png","v":{"s":11058,"m":"ca25239d83802301d07e01b8c0953f37"}},"ddz\/lossitem.png":{"f":"ddz\/lossitemcp2021f7e2.png","v":{"s":3814,"m":"db18c2a41f42db8fd6d0cddb2d5da431"}},"ddz\/mingpai.ani":{"f":"ddz\/mingpai9a8d3bd1.ani","v":{"s":2883,"m":"9a8d3bd1280a4f2676b2e94388f07e69"}},"ddz\/plan.ani":{"f":"ddz\/plane02e54b0.ani","v":{"s":5163,"m":"e02e54b0bad406ce55c7f99e7f0f3c4f"}},"ddz\/slossbg.png":{"f":"ddz\/slossbgcp45640675.png","v":{"s":83983,"m":"718f5cc1f189c1fbb1b8b6fde276fcbe"}},"ddz\/swinbg.png":{"f":"ddz\/swinbgcp2287276b.png","v":{"s":85242,"m":"04017d59398088ab6062b0a8cceed629"}},"ddz\/winbg2.png":{"f":"ddz\/winbg2cpa0e146cd.png","v":{"s":73191,"m":"9e9d8cab4f9a0bef2b70a9fa40af92cf"}},"ddz\/winbg3.png":{"f":"ddz\/winbg3cp50102bdf.png","v":{"s":15686,"m":"7569b9df4a5fc68b0635ffd63c3603cb"}},"ddz\/winitem.png":{"f":"ddz\/winitemcp8e50f49c.png","v":{"s":4430,"m":"5c50e57ddd1e85e0c34a48d09c164da6"}},"first\/f12.png":{"f":"first\/f12cp6153f66d.png","v":{"s":122508,"m":"0742917688ce351ad07a6df023baa2af"}},"first\/f14.png":{"f":"first\/f14cpff23ed69.png","v":{"s":35855,"m":"c2e541597fa2487df639cb684aec6507"}},"first\/f15.png":{"f":"first\/f15cp9ea83ee0.png","v":{"s":132032,"m":"21c3d897a425c3d1636420d5cbcba66c"}},"first\/f16.png":{"f":"first\/f16cpc5f53a35.png","v":{"s":25834,"m":"dfbe6e19cae7be78da5c3b75c33f0a55"}},"first\/first.png":{"f":"first\/firstcp17e06d1f.png","v":{"s":71174,"m":"fd26319c9fb3f2c6efa8d9110a78b955"}},"first\/invite.png":{"f":"first\/invitecpfdfbde77.png","v":{"s":99199,"m":"a8b0fd18b4168ecc12aeed5c96dec933"}},"first\/jldlbg.png":{"f":"first\/jldlbgcp698d829c.png","v":{"s":36179,"m":"30e7b3fe0c4adbf3e82f6b6ff90e7ccf"}},"first\/lossbk.png":{"f":"first\/lossbkcpcec560a2.png","v":{"s":41269,"m":"14a555f0b2bb904134b9b4946f369923"}},"first\/monthbg.png":{"f":"first\/monthbgcpaea72883.png","v":{"s":92667,"m":"129dd8edf3ac0165f34ec57a8e646e80"}},"first\/reward.png":{"f":"first\/rewardcp5f3742db.png","v":{"s":136379,"m":"db136450a8b439382290e1357713a5d4"}},"first\/sign.png":{"f":"first\/signcpf4521082.png","v":{"s":144201,"m":"9ea3cfab2eeb0d3c74b122e41208db3b"}},"first\/windb.png":{"f":"first\/windbcp0184ffb4.png","v":{"s":34953,"m":"876e69b6bab4d34ceae4fa70f4086f9e"}},"first\/xssmlb.png":{"f":"first\/xssmlbcp653c272f.png","v":{"s":652290,"m":"6022a1213c09235c06886c9cd0b9cf6e"}},"first\/xunbao.png":{"f":"first\/xunbaocp82ac2b17.png","v":{"s":93776,"m":"463f3ac22065be145ac6bea761bdb95f"}},"font\/loss.fnt":{"f":"font\/loss63b2751f.fnt","v":{"s":1949,"m":"63b2751f078c2e4bf63ee70e6c7fce0c"}},"font\/loss.png":{"f":"font\/losscpa4ddefe2.png","v":{"s":9657,"m":"68950488da128b9cb378f41121ba3ec5"}},"font\/win.fnt":{"f":"font\/win4c14ae62.fnt","v":{"s":1946,"m":"4c14ae62a679fcda1fe02e3a075b6f07"}},"font\/win.png":{"f":"font\/wincp8e3ad395.png","v":{"s":11539,"m":"a75f27b58b809710b81ffea181f45f48"}},"gift\/gift1.ani":{"f":"gift\/gift106f0d51d.ani","v":{"s":2432,"m":"06f0d51d61c7bf2880ea6db4336f016b"}},"gift\/gift2.ani":{"f":"gift\/gift24bb66359.ani","v":{"s":3642,"m":"4bb6635946f2eb6bc3b53fed38029b2d"}},"gift\/gift3.ani":{"f":"gift\/gift38d71b0cb.ani","v":{"s":5276,"m":"8d71b0cb5ac05e35dc5f912290bb6b12"}},"gift\/gift4.ani":{"f":"gift\/gift4b93709a3.ani","v":{"s":2241,"m":"b93709a38cdd0c6636993e317241fe75"}},"gift\/gift5.ani":{"f":"gift\/gift528c878a2.ani","v":{"s":2126,"m":"28c878a263e1e1c34e51c42527524f91"}},"lobby\/bg2.jpg":{"f":"lobby\/bg2cp302b72e9.jpg","v":{"s":64383,"m":"71916d849cdd226d72ff0e57de7c75d7"}},"lobby\/bottombg.png":{"f":"lobby\/bottombgcpcad52dbf.png","v":{"s":4987,"m":"33f68381629b13386bedd27158e49878"}},"lobby\/bsbg.png":{"f":"lobby\/bsbgcp29abc99e.png","v":{"s":7089,"m":"4c5cfa67357a34ff04063c2a694466ef"}},"lobby\/hall.jpg":{"f":"lobby\/hallcpc673e592.jpg","v":{"s":196753,"m":"64699b5f5e477da296447de544a4a025"}},"lobby\/notice.png":{"f":"lobby\/noticecpb09db653.png","v":{"s":5523,"m":"9daf16b53bdc15fdbc6de464bb703cb7"}},"lobby\/poptitlebg.png":{"f":"lobby\/poptitlebgcp5526de38.png","v":{"s":4199,"m":"4f3012c0201c904b2f63ca45efdf8494"}},"lobby\/rankpop.png":{"f":"lobby\/rankpopcp07326275.png","v":{"s":20826,"m":"3acaf3e524bc46a9cf3ee671cc833149"}},"lobby\/rule.png":{"f":"lobby\/rulecp16fbda4a.png","v":{"s":74358,"m":"76e10f9e261884d222dfad988c82e239"}},"lobby\/tip.png":{"f":"lobby\/tipcp83fed7fe.png","v":{"s":4627,"m":"4d2046a96d504c20bba5552af298fef5"}},"lobby\/zd3.png":{"f":"lobby\/zd3cp81b9f6cc.png","v":{"s":4677,"m":"58861591280f68191e5fcda74f196b98"}},"login\/lockbg.png":{"f":"login\/lockbgcp35ba96b5.png","v":{"s":6552,"m":"f6b217977f813bf5be3fa61ed514f99b"}},"login\/login.png":{"f":"login\/logincp98c5be77.png","v":{"s":382728,"m":"4b2d5956b9e4c93aae533da152ce4091"}},"login\/loginBarP.png":{"f":"login\/loginBarPcpa076a473.png","v":{"s":1023,"m":"663173022b022ea90a256bd2fab1b80e"}},"part\/star1.part":{"f":"part\/star15f39890a.part","v":{"s":1840,"m":"5f39890aae38942de175eab1276bc7a2"}},"res\/atlas\/bisai.atlas":{"f":"res\/atlas\/bisaicpec5dffbc.atlas","v":{"s":3757,"m":"ec5dffbcefd658e536cfcf2d300ab3ee"}},"res\/atlas\/bisai.png":{"f":"res\/atlas\/bisaicp1ca4e36e.png","v":{"s":181477,"m":"e12f1aaa7e60a7861906654551f1f843"}},"res\/atlas\/chat.atlas":{"f":"res\/atlas\/chatcpa332b010.atlas","v":{"s":3482,"m":"a332b010f98d42a782b6d213c9048c9d"}},"res\/atlas\/chat.png":{"f":"res\/atlas\/chatcp19a668e3.png","v":{"s":66408,"m":"639a4326b91f35daf0e8655e7cbe2f3d"}},"res\/atlas\/ddz.atlas":{"f":"res\/atlas\/ddzcpde050cf2.atlas","v":{"s":10408,"m":"de050cf218f19dd084356721a844fe44"}},"res\/atlas\/ddz.png":{"f":"res\/atlas\/ddzcp671185a4.png","v":{"s":1335220,"m":"99d12f6805dda2eac7e079c8d23ae8a0"}},"res\/atlas\/dw.atlas":{"f":"res\/atlas\/dwcpa8d1359e.atlas","v":{"s":5439,"m":"a8d1359e55847de451bf931fe19681f9"}},"res\/atlas\/dw.png":{"f":"res\/atlas\/dwcpdb304064.png","v":{"s":413460,"m":"b855489bfa8748f272157579f3a04397"}},"res\/atlas\/first.atlas":{"f":"res\/atlas\/firstcpd9867f94.atlas","v":{"s":8645,"m":"d9867f945bc477855dc22117935a77f5"}},"res\/atlas\/first.png":{"f":"res\/atlas\/firstcpbd588f3f.png","v":{"s":922270,"m":"a58b23729df6de5a2227bcb8289ee924"}},"res\/atlas\/game.atlas":{"f":"res\/atlas\/gamecpd250bdc2.atlas","v":{"s":813,"m":"d250bdc2767bd9c3574674d6cd8de6ed"}},"res\/atlas\/game.png":{"f":"res\/atlas\/gamecp5e5dc1bc.png","v":{"s":101688,"m":"2dce61f0243b19e67b9815f802e0a6ad"}},"res\/atlas\/gift.atlas":{"f":"res\/atlas\/giftcpb1f4c03a.atlas","v":{"s":10875,"m":"b1f4c03a70fddd88d0065c17fff3626c"}},"res\/atlas\/gift.png":{"f":"res\/atlas\/giftcpb6d98474.png","v":{"s":1481490,"m":"90e56de061ed40688a497ff214db6f65"}},"res\/atlas\/head.atlas":{"f":"res\/atlas\/headcpdad89ad9.atlas","v":{"s":8890,"m":"dad89ad9a9f6c7203f76b9998983eb04"}},"res\/atlas\/head.png":{"f":"res\/atlas\/headcp7f6fc53c.png","v":{"s":1022519,"m":"de89516b0010382027378c533866be79"}},"res\/atlas\/lobby.atlas":{"f":"res\/atlas\/lobbycp2f4a2d69.atlas","v":{"s":26540,"m":"2f4a2d69ed58c2351295a44404fd637d"}},"res\/atlas\/lobby.png":{"f":"res\/atlas\/lobbycpf482351a.png","v":{"s":2021231,"m":"712ea666d6bf06c2fc9273b879e21799"}},"res\/atlas\/login.atlas":{"f":"res\/atlas\/logincpe3a445bd.atlas","v":{"s":2427,"m":"e3a445bd7e37d20b1ca5063b4445d2b4"}},"res\/atlas\/login.png":{"f":"res\/atlas\/logincp2c893de5.png","v":{"s":28806,"m":"b6a82b815854164de0dfcd2a4940106e"}},"res\/atlas\/poker.atlas":{"f":"res\/atlas\/pokercp88adc406.atlas","v":{"s":7881,"m":"88adc4066a47086f51cac8488bf42963"}},"res\/atlas\/poker.png":{"f":"res\/atlas\/pokercp11973125.png","v":{"s":50966,"m":"7bca05f16f92e9893ffaada866c8b31e"}},"res\/atlas\/shop.atlas":{"f":"res\/atlas\/shopcp50d06bf7.atlas","v":{"s":9520,"m":"50d06bf797f218406e7db9011a118832"}},"res\/atlas\/shop.png":{"f":"res\/atlas\/shopcp3e9e6f36.png","v":{"s":963298,"m":"d2f141cbcda5e689aceac7798367b32e"}},"res\/atlas\/star.atlas":{"f":"res\/atlas\/starcp1f1372a6.atlas","v":{"s":2058,"m":"1f1372a643b37767ebe0b1fcba83db87"}},"res\/atlas\/star.png":{"f":"res\/atlas\/starcpb5918618.png","v":{"s":17517,"m":"c77ae3c5e20f7a03bc57e4b2ffd0eaad"}},"shop\/active.png":{"f":"shop\/activecpd5a93ed9.png","v":{"s":60611,"m":"c81500aab47d1f973e96fc626de2df5c"}},"shop\/caishensl.png":{"f":"shop\/caishenslcp52b8327b.png","v":{"s":88747,"m":"74aa2cf4f76d48e6a94722b41b95266a"}},"shop\/f1.png":{"f":"shop\/f1cp0918e0e6.png","v":{"s":30999,"m":"360b153dda5202de9e56bfee99eb27d8"}},"shop\/f2.png":{"f":"shop\/f2cp85976cde.png","v":{"s":35692,"m":"1f868fba5ed1ad14fb18879da826b0a5"}},"shop\/firstbg.png":{"f":"shop\/firstbgcpfcd8d7d5.png","v":{"s":139074,"m":"9338abdc122908b922c679475e36be41"}},"shop\/rechargerank.png":{"f":"shop\/rechargerankcpfa848fe8.png","v":{"s":47762,"m":"654fed90f6938a1dc23ec7eb36f794bc"}},"shop\/sharecj.png":{"f":"shop\/sharecjcp93a5f74f.png","v":{"s":75866,"m":"2a12e0e9543742cb97f0079c518df3d0"}},"shop\/sign1.png":{"f":"shop\/sign1cp0f1377b1.png","v":{"s":106322,"m":"f8b4171474a640599ed26564e9107878"}},"shop\/vip.png":{"f":"shop\/vipcp36b9294e.png","v":{"s":100209,"m":"606457f12e9fc45e3177b748ccb2f2b4"}},"shop\/xgtx.png":{"f":"shop\/xgtxcpb0fd4961.png","v":{"s":87596,"m":"23c690ae7d9ddc47ad60b4b1b5b22431"}},"texture.png":{"f":"texturecp37a6259c.png","v":{"s":4,"m":"37a6259cc0c1dae299a7866489dff0bd"}},"unpack.json":{"f":"unpackcp9d10e376.json","v":{"s":986,"m":"9d10e376eb66fccc7bbcf2d9e44f195c"}}}