{"ani/girl.ani":"ani/girl87a8c859.ani","ani/lightroll.ani":"ani/lightroll24dc1902.ani","ani/openbox.ani":"ani/openbox1fd379e2.ani","ani/openred.ani":"ani/openred91a8227c.ani","ani/red.ani":"ani/red508070e4.ani","ani/reddot.ani":"ani/reddot1f7355a3.ani","ani/rewardar.ani":"ani/rewardar15a9de45.ani","ani/roll1.ani":"ani/roll1add5dfeb.ani","ani/shop.ani":"ani/shopdcfdf61e.ani","ani/signbox.ani":"ani/signbox74fc5bd2.ani","ani/star.ani":"ani/starc743720c.ani","bisai/10.png":"bisai/10cpe69fda93.png","bisai/13.png":"bisai/13cp252a1cf3.png","chat/bg.png":"chat/bgcpa4fe1c42.png","chat/biaoqing/ddz_bqb_bengkui_ani.png":"chat/biaoqing/ddz_bqb_bengkui_anicp116fe9ff.png","chat/biaoqing/ddz_bqb_bengkui_ani.sk":"chat/biaoqing/ddz_bqb_bengkui_anid95e1eba.sk","chat/biaoqing/ddz_bqb_bishi_ani.png":"chat/biaoqing/ddz_bqb_bishi_anicp2970a43c.png","chat/biaoqing/ddz_bqb_bishi_ani.sk":"chat/biaoqing/ddz_bqb_bishi_ani8842ae01.sk","chat/biaoqing/ddz_bqb_daku_ani.png":"chat/biaoqing/ddz_bqb_daku_anicp734348dc.png","chat/biaoqing/ddz_bqb_daku_ani.sk":"chat/biaoqing/ddz_bqb_daku_ani679faa89.sk","chat/biaoqing/ddz_bqb_daxiao_ani.png":"chat/biaoqing/ddz_bqb_daxiao_anicpb69976ed.png","chat/biaoqing/ddz_bqb_daxiao_ani.sk":"chat/biaoqing/ddz_bqb_daxiao_ani0890a8f4.sk","chat/biaoqing/ddz_bqb_dazhaohu_ani.png":"chat/biaoqing/ddz_bqb_dazhaohu_anicp538ab65f.png","chat/biaoqing/ddz_bqb_dazhaohu_ani.sk":"chat/biaoqing/ddz_bqb_dazhaohu_ani5c172925.sk","chat/biaoqing/ddz_bqb_dianzan_ani.png":"chat/biaoqing/ddz_bqb_dianzan_anicp11fdfd71.png","chat/biaoqing/ddz_bqb_dianzan_ani.sk":"chat/biaoqing/ddz_bqb_dianzan_ani6d4ede0b.sk","chat/biaoqing/ddz_bqb_haixiu_ani.png":"chat/biaoqing/ddz_bqb_haixiu_anicpd0ee4b05.png","chat/biaoqing/ddz_bqb_haixiu_ani.sk":"chat/biaoqing/ddz_bqb_haixiu_aniee04119e.sk","chat/biaoqing/ddz_bqb_ku_ani.png":"chat/biaoqing/ddz_bqb_ku_anicpecb8563f.png","chat/biaoqing/ddz_bqb_ku_ani.sk":"chat/biaoqing/ddz_bqb_ku_anic96eb19c.sk","chat/biaoqing/ddz_bqb_kun_ani.png":"chat/biaoqing/ddz_bqb_kun_anicp0c4dfa75.png","chat/biaoqing/ddz_bqb_kun_ani.sk":"chat/biaoqing/ddz_bqb_kun_aniecc82879.sk","chat/biaoqing/ddz_bqb_liuhan_ani.png":"chat/biaoqing/ddz_bqb_liuhan_anicp6f97e589.png","chat/biaoqing/ddz_bqb_liuhan_ani.sk":"chat/biaoqing/ddz_bqb_liuhan_ania5a49730.sk","chat/biaoqing/ddz_bqb_qidao_ani.png":"chat/biaoqing/ddz_bqb_qidao_anicp67bd999d.png","chat/biaoqing/ddz_bqb_qidao_ani.sk":"chat/biaoqing/ddz_bqb_qidao_ani016cd3db.sk","chat/biaoqing/ddz_bqb_se_ani.png":"chat/biaoqing/ddz_bqb_se_anicp24b77567.png","chat/biaoqing/ddz_bqb_se_ani.sk":"chat/biaoqing/ddz_bqb_se_ani0e225cbc.sk","chat/biaoqing/ddz_bqb_shangxin_ani.png":"chat/biaoqing/ddz_bqb_shangxin_anicpb63f1eae.png","chat/biaoqing/ddz_bqb_shangxin_ani.sk":"chat/biaoqing/ddz_bqb_shangxin_ani52c16c12.sk","chat/biaoqing/ddz_bqb_shengqi_ani.png":"chat/biaoqing/ddz_bqb_shengqi_anicpa5cd0c4d.png","chat/biaoqing/ddz_bqb_shengqi_ani.sk":"chat/biaoqing/ddz_bqb_shengqi_ani9fd7a5a2.sk","chat/biaoqing/ddz_bqb_tiaopi_ani.png":"chat/biaoqing/ddz_bqb_tiaopi_anicp198c298b.png","chat/biaoqing/ddz_bqb_tiaopi_ani.sk":"chat/biaoqing/ddz_bqb_tiaopi_ani6dcb5243.sk","chat/biaoqing/ddz_bqb_tu_ani.png":"chat/biaoqing/ddz_bqb_tu_anicp8486d43d.png","chat/biaoqing/ddz_bqb_tu_ani.sk":"chat/biaoqing/ddz_bqb_tu_ani2d01facd.sk","chat/biaoqing/ddz_bqb_weixie_ani.png":"chat/biaoqing/ddz_bqb_weixie_anicp7ba4c501.png","chat/biaoqing/ddz_bqb_weixie_ani.sk":"chat/biaoqing/ddz_bqb_weixie_anifb77644e.sk","chat/biaoqing/ddz_bqb_yun_ani.png":"chat/biaoqing/ddz_bqb_yun_anicp68c4dc3c.png","chat/biaoqing/ddz_bqb_yun_ani.sk":"chat/biaoqing/ddz_bqb_yun_aniaba1779e.sk","chat/worldMsg_groupBg.png":"chat/worldMsg_groupBgcp937587cb.png","code.js":"code.js","conf/nickname.json":"conf/nicknamecpf62d7ec4.json","ddz/bg/1.jpg":"ddz/bg/1cpe93afc5b.jpg","ddz/bg/2.png":"ddz/bg/2cpb2380ba4.png","ddz/bg/broke1.png":"ddz/bg/broke1cpde99be28.png","ddz/bg/broke2.png":"ddz/bg/broke2cp9bce44b4.png","ddz/bg/broke3.png":"ddz/bg/broke3cp1a47ceea.png","ddz/bg/broke4.png":"ddz/bg/broke4cpbe006326.png","ddz/bg/broke5.png":"ddz/bg/broke5cp7a52eadd.png","ddz/history2.png":"ddz/history2cp4a9b9627.png","ddz/jiabei.ani":"ddz/jiabei9b544d9e.ani","ddz/lossbg2.png":"ddz/lossbg2cp06579690.png","ddz/lossbg3.png":"ddz/lossbg3cp063549af.png","ddz/lossitem.png":"ddz/lossitemcp2021f7e2.png","ddz/mingpai.ani":"ddz/mingpai9a8d3bd1.ani","ddz/plan.ani":"ddz/plane02e54b0.ani","ddz/slossbg.png":"ddz/slossbgcp45640675.png","ddz/swinbg.png":"ddz/swinbgcp2287276b.png","ddz/winbg2.png":"ddz/winbg2cpa0e146cd.png","ddz/winbg3.png":"ddz/winbg3cp50102bdf.png","ddz/winitem.png":"ddz/winitemcp8e50f49c.png","debug.html":"debug6436555f.html","emotion/10101_v20180515165755.json":"emotion/10101_v20180515165755cp5e902d1f.json","emotion/10101_v20180515165755.png":"emotion/10101_v20180515165755cpcf02cf55.png","emotion/10101_v20180515165755.swf":"emotion/10101_v201805151657553537221e.swf","emotion/10102_v20180515165755.json":"emotion/10102_v20180515165755cp3356e783.json","emotion/10102_v20180515165755.png":"emotion/10102_v20180515165755cpd7ae0992.png","emotion/10102_v20180515165755.swf":"emotion/10102_v20180515165755e62c5613.swf","emotion/10103_v20180515165755.json":"emotion/10103_v20180515165755cpb0d68aad.json","emotion/10103_v20180515165755.png":"emotion/10103_v20180515165755cp779ccddb.png","emotion/10103_v20180515165755.swf":"emotion/10103_v20180515165755084b1b8f.swf","emotion/10104_v20180515165755.json":"emotion/10104_v20180515165755cp4700efd7.json","emotion/10104_v20180515165755.png":"emotion/10104_v20180515165755cp0e930eb1.png","emotion/10104_v20180515165755.swf":"emotion/10104_v20180515165755a70860cd.swf","emotion/10105_v20180515165755.json":"emotion/10105_v20180515165755cpd544ee82.json","emotion/10105_v20180515165755.png":"emotion/10105_v20180515165755cp479bd071.png","emotion/10105_v20180515165755.swf":"emotion/10105_v201805151657555951f96e.swf","emotion/10106_v20180515165755.json":"emotion/10106_v20180515165755cp6ab0defa.json","emotion/10106_v20180515165755.png":"emotion/10106_v20180515165755cp1e613d32.png","emotion/10106_v20180515165755.swf":"emotion/10106_v20180515165755bc68aa3a.swf","emotion/10107_v20180515165755.json":"emotion/10107_v20180515165755cp9fc6c378.json","emotion/10107_v20180515165755.png":"emotion/10107_v20180515165755cpeb7518b6.png","emotion/10107_v20180515165755.swf":"emotion/10107_v2018051516575564a7c4d3.swf","emotion/10108_v20180515165755.json":"emotion/10108_v20180515165755cpf305cc87.json","emotion/10108_v20180515165755.png":"emotion/10108_v20180515165755cp9f9dd6f2.png","emotion/10108_v20180515165755.swf":"emotion/10108_v201805151657556533ab77.swf","emotion/10109_v20180515165755.json":"emotion/10109_v20180515165755cp16f7162a.json","emotion/10109_v20180515165755.png":"emotion/10109_v20180515165755cp8d66d3d5.png","emotion/10109_v20180515165755.swf":"emotion/10109_v20180515165755a97b8ad1.swf","emotion/10110_v20180515165755.json":"emotion/10110_v20180515165755cpa2f9bf03.json","emotion/10110_v20180515165755.png":"emotion/10110_v20180515165755cp8f42f141.png","emotion/10110_v20180515165755.swf":"emotion/10110_v2018051516575532deb845.swf","emotion/10111_v20180515165755.json":"emotion/10111_v20180515165755cpd506ee4b.json","emotion/10111_v20180515165755.png":"emotion/10111_v20180515165755cp08a386a2.png","emotion/10111_v20180515165755.swf":"emotion/10111_v20180515165755afdcc01c.swf","emotion/10112_v20180515165755.json":"emotion/10112_v20180515165755cp82d59c18.json","emotion/10112_v20180515165755.png":"emotion/10112_v20180515165755cp67f80722.png","emotion/10112_v20180515165755.swf":"emotion/10112_v20180515165755731741aa.swf","emotion/10113_v20180515165755.json":"emotion/10113_v20180515165755cp44ac3a3a.json","emotion/10113_v20180515165755.png":"emotion/10113_v20180515165755cp12ffa582.png","emotion/10113_v20180515165755.swf":"emotion/10113_v20180515165755b388ee1a.swf","emotion/10114_v20180515165755.json":"emotion/10114_v20180515165755cpb75cde29.json","emotion/10114_v20180515165755.png":"emotion/10114_v20180515165755cp62189ab2.png","emotion/10114_v20180515165755.swf":"emotion/10114_v20180515165755f38c77f4.swf","emotion/10115_v20180515165755.json":"emotion/10115_v20180515165755cpcd9a775c.json","emotion/10115_v20180515165755.png":"emotion/10115_v20180515165755cp3bff057a.png","emotion/10115_v20180515165755.swf":"emotion/10115_v20180515165755f2a48d6d.swf","emotion/10116_v20180515165755.json":"emotion/10116_v20180515165755cp8dae4e6f.json","emotion/10116_v20180515165755.png":"emotion/10116_v20180515165755cp92f23713.png","emotion/10116_v20180515165755.swf":"emotion/10116_v201805151657556f10264d.swf","emotion/10117_v20180515165755.json":"emotion/10117_v20180515165755cp3d62b305.json","emotion/10117_v20180515165755.png":"emotion/10117_v20180515165755cpff17e735.png","emotion/10117_v20180515165755.swf":"emotion/10117_v2018051516575534a02078.swf","emotion/10118_v20180515165755.json":"emotion/10118_v20180515165755cp86cd2dc5.json","emotion/10118_v20180515165755.png":"emotion/10118_v20180515165755cp90127096.png","emotion/10118_v20180515165755.swf":"emotion/10118_v20180515165755c4645bf6.swf","emotion/10119_v20180515165755.json":"emotion/10119_v20180515165755cp592a6d69.json","emotion/10119_v20180515165755.png":"emotion/10119_v20180515165755cp41add499.png","emotion/10119_v20180515165755.swf":"emotion/10119_v20180515165755e8d9c0ab.swf","emotion/10120_v20180515165755.json":"emotion/10120_v20180515165755cp6b9982e5.json","emotion/10120_v20180515165755.png":"emotion/10120_v20180515165755cpc390f63e.png","emotion/10120_v20180515165755.swf":"emotion/10120_v20180515165755704a5e47.swf","facebook.html":"facebook3c6bd017.html","first/f12.png":"first/f12cp6153f66d.png","first/f14.png":"first/f14cpff23ed69.png","first/f15.png":"first/f15cp9ea83ee0.png","first/f16.png":"first/f16cpc5f53a35.png","first/first.png":"first/firstcp17e06d1f.png","first/invite.png":"first/invitecpfdfbde77.png","first/jldlbg.png":"first/jldlbgcp698d829c.png","first/lossbk.png":"first/lossbkcpcec560a2.png","first/monthbg.png":"first/monthbgcpaea72883.png","first/reward.png":"first/rewardcp5f3742db.png","first/sign.png":"first/signcpf4521082.png","first/windb.png":"first/windbcp0184ffb4.png","first/xssmlb.png":"first/xssmlbcp653c272f.png","first/xunbao.png":"first/xunbaocp82ac2b17.png","font/loss.fnt":"font/loss63b2751f.fnt","font/loss.png":"font/losscpa4ddefe2.png","font/win.fnt":"font/win4c14ae62.fnt","font/win.png":"font/wincp8e3ad395.png","gift/gift1.ani":"gift/gift106f0d51d.ani","gift/gift2.ani":"gift/gift24bb66359.ani","gift/gift3.ani":"gift/gift38d71b0cb.ani","gift/gift4.ani":"gift/gift4b93709a3.ani","gift/gift5.ani":"gift/gift528c878a2.ani","index.html":"index.html","js/app/ddz/main.js":"js/app/ddz/maincp7d8ac58c.js","js/app/ddz/proto.js":"js/app/ddz/protocp30465646.js","js/app/ddz/view/battle.js":"js/app/ddz/view/battlecp3b11487c.js","js/app/ddz/view/matchsettle.js":"js/app/ddz/view/matchsettlecp7da17228.js","js/app/ddz/view/proto.js":"js/app/ddz/view/protocp6fa36c08.js","js/app/ddz/view/settle.js":"js/app/ddz/view/settlecp77ef2672.js","js/app/ddz/view/smiddle.js":"js/app/ddz/view/smiddlecp61a6c6e0.js","js/app/ddz.js":"js/app/ddzcp083bd9a4.js","js/app/hall/main.js":"js/app/hall/maincpcff2e480.js","js/app/hall/proto.js":"js/app/hall/protocpae1266ca.js","js/app/hall/view/active.js":"js/app/hall/view/activecp5623a076.js","js/app/hall/view/autoreward.js":"js/app/hall/view/autorewardcpa233aac4.js","js/app/hall/view/bag.js":"js/app/hall/view/bagcp73cba3c1.js","js/app/hall/view/boxeffect.js":"js/app/hall/view/boxeffectcpcf60f452.js","js/app/hall/view/broke.js":"js/app/hall/view/brokecp9c063a1d.js","js/app/hall/view/bsrule.js":"js/app/hall/view/bsrulecpd86c7c69.js","js/app/hall/view/buildroom.js":"js/app/hall/view/buildroomcp60d2890f.js","js/app/hall/view/buyitem.js":"js/app/hall/view/buyitemcpfee060bf.js","js/app/hall/view/chat.js":"js/app/hall/view/chatcpf748d4bc.js","js/app/hall/view/confirm.js":"js/app/hall/view/confirmcp40deaa30.js","js/app/hall/view/create.js":"js/app/hall/view/createcp72ec9258.js","js/app/hall/view/dwrule.js":"js/app/hall/view/dwrulecp5db9384b.js","js/app/hall/view/email.js":"js/app/hall/view/emailcp6998602b.js","js/app/hall/view/fbsq.js":"js/app/hall/view/fbsqcp7602a7b2.js","js/app/hall/view/fed.js":"js/app/hall/view/fedcpc0428727.js","js/app/hall/view/first.js":"js/app/hall/view/firstcpcb3bafb4.js","js/app/hall/view/free.js":"js/app/hall/view/freecp52e58f00.js","js/app/hall/view/freeback.js":"js/app/hall/view/freebackcp486ba379.js","js/app/hall/view/friend.js":"js/app/hall/view/friendcp3f95872b.js","js/app/hall/view/fuli.js":"js/app/hall/view/fulicp69ffab75.js","js/app/hall/view/help.js":"js/app/hall/view/helpcpceca052f.js","js/app/hall/view/homer.js":"js/app/hall/view/homercp5d956a14.js","js/app/hall/view/index.js":"js/app/hall/view/indexcp4b49ef61.js","js/app/hall/view/invite.js":"js/app/hall/view/invitecp97fa85ed.js","js/app/hall/view/join.js":"js/app/hall/view/joincp60fcedcf.js","js/app/hall/view/lock.js":"js/app/hall/view/lockcpce829979.js","js/app/hall/view/login.js":"js/app/hall/view/logincp840994b3.js","js/app/hall/view/ltrule.js":"js/app/hall/view/ltrulecp907f620b.js","js/app/hall/view/lucky.js":"js/app/hall/view/luckycp9088aaf7.js","js/app/hall/view/luckyqian.js":"js/app/hall/view/luckyqiancp2b705450.js","js/app/hall/view/match.js":"js/app/hall/view/matchcp75681d14.js","js/app/hall/view/month.js":"js/app/hall/view/monthcp3575e4ba.js","js/app/hall/view/openbox.js":"js/app/hall/view/openboxcp5a5a17d7.js","js/app/hall/view/player.js":"js/app/hall/view/playercp7545a9df.js","js/app/hall/view/rank.js":"js/app/hall/view/rankcp3d0e46c1.js","js/app/hall/view/reward.js":"js/app/hall/view/rewardcpb250535f.js","js/app/hall/view/room.js":"js/app/hall/view/roomcpb26af324.js","js/app/hall/view/rule.js":"js/app/hall/view/rulecp10b5cb55.js","js/app/hall/view/set.js":"js/app/hall/view/setcp8216b7d4.js","js/app/hall/view/shop.js":"js/app/hall/view/shopcpeea74ed0.js","js/app/hall/view/sign.js":"js/app/hall/view/signcp88954430.js","js/app/hall/view/task.js":"js/app/hall/view/taskcp3c30cf6d.js","js/app/hall/view/tehui.js":"js/app/hall/view/tehuicp2d5d95b1.js","js/app/hall/view/test.js":"js/app/hall/view/testcp82594d62.js","js/app/hall/view/tip.js":"js/app/hall/view/tipcpc66a6484.js","js/app/hall/view/update.js":"js/app/hall/view/updatecpc122a4d3.js","js/app/hall/view/vip.js":"js/app/hall/view/vipcpb49b0d0a.js","js/app/hall/view/wait.js":"js/app/hall/view/waitcp529f287c.js","js/app/hall/view/welfare.js":"js/app/hall/view/welfarecp0b086884.js","js/app/hall/view/xunbao.js":"js/app/hall/view/xunbaocp882526de.js","js/app/hall/view/zhanji.js":"js/app/hall/view/zhanjicp0138e8da.js","js/app/hall/view/zudui.js":"js/app/hall/view/zuduicp5d1e114c.js","js/app/main.js":"js/app/maincp1499b322.js","js/app/mj/main.js":"js/app/mj/maincp39f45ad6.js","js/app/mj/proto.js":"js/app/mj/protocpd967ca24.js","js/app/mj/view/battle.js":"js/app/mj/view/battlecp6573fd83.js","js/app/mj/view/settle.js":"js/app/mj/view/settlecpfae4cb5d.js","js/main.js":"js/maincpe4024d31.js","js/model/animation.js":"js/model/animationcpf8c6e251.js","js/model/app.js":"js/model/appcp66e46fab.js","js/model/data.js":"js/model/datacp76f605e2.js","js/model/ddz.js":"js/model/ddzcp083bd9a4.js","js/model/define.js":"js/model/definecp4dee1c73.js","js/model/denglu.js":"js/model/denglucp82c0fc4a.js","js/model/effect.js":"js/model/effectcpeea6b570.js","js/model/font.js":"js/model/fontcp458df39c.js","js/model/game.js":"js/model/gamecpd940dbb2.js","js/model/hall.js":"js/model/hallcp58f74c7f.js","js/model/hero.js":"js/model/herocp9f0576c2.js","js/model/login.js":"js/model/logincpef706979.js","js/model/math.js":"js/model/mathcp2add7f30.js","js/model/proto.js":"js/model/protocp8fdec169.js","js/model/view.js":"js/model/viewcp46b93709.js","js/third/fingerprint.js":"js/third/fingerprintcp43cd1967.js","js/third/md5.js":"js/third/md5cpee3a962f.js","js/ui/layaUI.max.all.js":"js/ui/layaUI.max.allcp8321405b.js","laya.min.js":"laya.min2c2f03f4.js","libs/LayaRender.js":"libs/LayaRendercp3dd13c29.js","libs/bytebuffer.js":"libs/bytebuffercpc301aa56.js","libs/domparserinone.js":"libs/domparserinonecp5aea3abb.js","libs/laya.ani.js":"libs/laya.anicpc08b66b9.js","libs/laya.core.js":"libs/laya.corecpb7bc4890.js","libs/laya.d3.js":"libs/laya.d3cp5be0c844.js","libs/laya.d3Plugin.js":"libs/laya.d3Plugincpfc8b7175.js","libs/laya.debugtool.js":"libs/laya.debugtoolcp81c9e88e.js","libs/laya.device.js":"libs/laya.devicecpaecb4557.js","libs/laya.filter.js":"libs/laya.filtercp2c2684e7.js","libs/laya.html.js":"libs/laya.htmlcpf17047a0.js","libs/laya.particle.js":"libs/laya.particlecpe6b567d9.js","libs/laya.pathfinding.js":"libs/laya.pathfindingcp5b8da2fc.js","libs/laya.tiledmap.js":"libs/laya.tiledmapcp0513d336.js","libs/laya.ui.js":"libs/laya.uicp6b932ba4.js","libs/laya.webgl.js":"libs/laya.webglcp3f64c5ec.js","libs/laya.wxmini.js":"libs/laya.wxmini.js","libs/matter-RenderLaya.js":"libs/matter-RenderLayacpe4ef9118.js","libs/matter.js":"libs/mattercp3d83b7d4.js","libs/min/laya.ani.min.js":"libs/min/laya.ani.minb1c382be.js","libs/min/laya.core.min.js":"libs/min/laya.core.minde637957.js","libs/min/laya.d3.min.js":"libs/min/laya.d3.min773582c0.js","libs/min/laya.d3Plugin.min.js":"libs/min/laya.d3Plugin.min89a39108.js","libs/min/laya.debugtool.min.js":"libs/min/laya.debugtool.min8abf33ad.js","libs/min/laya.device.min.js":"libs/min/laya.device.min0464229a.js","libs/min/laya.filter.min.js":"libs/min/laya.filter.min731bbd84.js","libs/min/laya.html.min.js":"libs/min/laya.html.mina2f79d38.js","libs/min/laya.particle.min.js":"libs/min/laya.particle.minf96a88c1.js","libs/min/laya.pathfinding.min.js":"libs/min/laya.pathfinding.min5a8de35c.js","libs/min/laya.tiledmap.min.js":"libs/min/laya.tiledmap.min111afef2.js","libs/min/laya.ui.min.js":"libs/min/laya.ui.min3da64911.js","libs/min/laya.webgl.min.js":"libs/min/laya.webgl.min70e2ba5c.js","libs/min/laya.wxmini.min.js":"libs/min/laya.wxmini.min9aaa88cb.js","libs/protobuf.js":"libs/protobufcpd2ff6ec9.js","libs/worker.js":"libs/workercpa3c7f3ba.js","libs.js":"libs.js","lobby/bg2.jpg":"lobby/bg2cp302b72e9.jpg","lobby/bottombg.png":"lobby/bottombgcpcad52dbf.png","lobby/bsbg.png":"lobby/bsbgcp29abc99e.png","lobby/hall.jpg":"lobby/hallcpc673e592.jpg","lobby/notice.png":"lobby/noticecpb09db653.png","lobby/poptitlebg.png":"lobby/poptitlebgcp5526de38.png","lobby/rankpop.png":"lobby/rankpopcp07326275.png","lobby/rule.png":"lobby/rulecp16fbda4a.png","lobby/tip.png":"lobby/tipcp83fed7fe.png","lobby/zd3.png":"lobby/zd3cp81b9f6cc.png","login/lockbg.png":"login/lockbgcp35ba96b5.png","login/login.png":"login/logincp98c5be77.png","login/loginBarP.png":"login/loginBarPcpa076a473.png","music/chat/boy_1.mp3":"music/chat/boy_1b27fb56e.mp3","music/chat/boy_10.mp3":"music/chat/boy_10a9b690fc.mp3","music/chat/boy_11.mp3":"music/chat/boy_11b7237f72.mp3","music/chat/boy_12.mp3":"music/chat/boy_1223e2ebca.mp3","music/chat/boy_13.mp3":"music/chat/boy_13b7db43b6.mp3","music/chat/boy_14.mp3":"music/chat/boy_14a0e0242d.mp3","music/chat/boy_15.mp3":"music/chat/boy_152a53bb78.mp3","music/chat/boy_16.mp3":"music/chat/boy_16a051c904.mp3","music/chat/boy_17.mp3":"music/chat/boy_17cbc74882.mp3","music/chat/boy_18.mp3":"music/chat/boy_18c21cc47f.mp3","music/chat/boy_19.mp3":"music/chat/boy_19cb03850d.mp3","music/chat/boy_2.mp3":"music/chat/boy_20a092f64.mp3","music/chat/boy_20.mp3":"music/chat/boy_20194bdae5.mp3","music/chat/boy_21.mp3":"music/chat/boy_213947ea72.mp3","music/chat/boy_3.mp3":"music/chat/boy_366df94c2.mp3","music/chat/boy_4.mp3":"music/chat/boy_42fb1dfb6.mp3","music/chat/boy_5.mp3":"music/chat/boy_57e2a5a0e.mp3","music/chat/boy_6.mp3":"music/chat/boy_6a87a324a.mp3","music/chat/boy_7.mp3":"music/chat/boy_78b89ffb7.mp3","music/chat/boy_8.mp3":"music/chat/boy_81be65d12.mp3","music/chat/boy_9.mp3":"music/chat/boy_92b766280.mp3","music/chat/girl_1.mp3":"music/chat/girl_19feba024.mp3","music/chat/girl_10.mp3":"music/chat/girl_10171e070a.mp3","music/chat/girl_11.mp3":"music/chat/girl_11f67e57ad.mp3","music/chat/girl_12.mp3":"music/chat/girl_122585a97e.mp3","music/chat/girl_14.mp3":"music/chat/girl_14ae21729c.mp3","music/chat/girl_15.mp3":"music/chat/girl_157b5df210.mp3","music/chat/girl_16.mp3":"music/chat/girl_161469c3d6.mp3","music/chat/girl_17.mp3":"music/chat/girl_17268de72d.mp3","music/chat/girl_18.mp3":"music/chat/girl_1883eea2ca.mp3","music/chat/girl_19.mp3":"music/chat/girl_19d9924229.mp3","music/chat/girl_2.mp3":"music/chat/girl_20f4c593c.mp3","music/chat/girl_20.mp3":"music/chat/girl_204483a1aa.mp3","music/chat/girl_21.mp3":"music/chat/girl_2147eb3e83.mp3","music/chat/girl_3.mp3":"music/chat/girl_34dc14ed0.mp3","music/chat/girl_4.mp3":"music/chat/girl_461250684.mp3","music/chat/girl_5.mp3":"music/chat/girl_5749b0a5c.mp3","music/chat/girl_6.mp3":"music/chat/girl_6ef78d173.mp3","music/chat/girl_7.mp3":"music/chat/girl_72ae82ea2.mp3","music/chat/girl_8.mp3":"music/chat/girl_84901d835.mp3","music/chat/girl_9.mp3":"music/chat/girl_9a2e31e08.mp3","music/click.mp3":"music/clickd6292e13.mp3","music/ddz/Man/10.ogg":"music/ddz/Man/10af7d820e.ogg","music/ddz/Man/11.ogg":"music/ddz/Man/11dc4050cc.ogg","music/ddz/Man/12.ogg":"music/ddz/Man/1269463888.ogg","music/ddz/Man/13.ogg":"music/ddz/Man/132494897e.ogg","music/ddz/Man/14.ogg":"music/ddz/Man/141fa4ea03.ogg","music/ddz/Man/16.ogg":"music/ddz/Man/16f259fba0.ogg","music/ddz/Man/25.ogg":"music/ddz/Man/250747596b.ogg","music/ddz/Man/27.ogg":"music/ddz/Man/27a2c185ce.ogg","music/ddz/Man/3.ogg":"music/ddz/Man/3d2d87cdf.ogg","music/ddz/Man/4.ogg":"music/ddz/Man/46ed8105f.ogg","music/ddz/Man/5.ogg":"music/ddz/Man/5d0780fd9.ogg","music/ddz/Man/6.ogg":"music/ddz/Man/65d13bd4b.ogg","music/ddz/Man/7.ogg":"music/ddz/Man/7cc876c7e.ogg","music/ddz/Man/8.ogg":"music/ddz/Man/8e4d51f71.ogg","music/ddz/Man/9.ogg":"music/ddz/Man/9bf9d2b0d.ogg","music/ddz/Man/Chat_0.ogg":"music/ddz/Man/Chat_027837e1b.ogg","music/ddz/Man/Chat_1.ogg":"music/ddz/Man/Chat_1bbafa471.ogg","music/ddz/Man/Chat_10.ogg":"music/ddz/Man/Chat_10e1615081.ogg","music/ddz/Man/Chat_11.ogg":"music/ddz/Man/Chat_11a1f0cc3a.ogg","music/ddz/Man/Chat_12.ogg":"music/ddz/Man/Chat_1219743c93.ogg","music/ddz/Man/Chat_13.ogg":"music/ddz/Man/Chat_13d6b3c849.ogg","music/ddz/Man/Chat_14.ogg":"music/ddz/Man/Chat_1487b1b255.ogg","music/ddz/Man/Chat_15.ogg":"music/ddz/Man/Chat_15e99d32cc.ogg","music/ddz/Man/Chat_16.ogg":"music/ddz/Man/Chat_168eeb5f8d.ogg","music/ddz/Man/Chat_17.ogg":"music/ddz/Man/Chat_1723230b40.ogg","music/ddz/Man/Chat_18.ogg":"music/ddz/Man/Chat_1836f41253.ogg","music/ddz/Man/Chat_2.ogg":"music/ddz/Man/Chat_2adae9529.ogg","music/ddz/Man/Chat_201.ogg":"music/ddz/Man/Chat_2015197618c.ogg","music/ddz/Man/Chat_202.ogg":"music/ddz/Man/Chat_202f36693f6.ogg","music/ddz/Man/Chat_203.ogg":"music/ddz/Man/Chat_203282c8667.ogg","music/ddz/Man/Chat_204.ogg":"music/ddz/Man/Chat_204bc11978f.ogg","music/ddz/Man/Chat_205.ogg":"music/ddz/Man/Chat_20557a3e3eb.ogg","music/ddz/Man/Chat_206.ogg":"music/ddz/Man/Chat_2065670abb8.ogg","music/ddz/Man/Chat_21.ogg":"music/ddz/Man/Chat_2118de2a50.ogg","music/ddz/Man/Chat_22.ogg":"music/ddz/Man/Chat_22124b38c2.ogg","music/ddz/Man/Chat_23.ogg":"music/ddz/Man/Chat_235f6b8dac.ogg","music/ddz/Man/Chat_24.ogg":"music/ddz/Man/Chat_24c755feca.ogg","music/ddz/Man/Chat_25.ogg":"music/ddz/Man/Chat_2580106dc1.ogg","music/ddz/Man/Chat_26.ogg":"music/ddz/Man/Chat_2603000b71.ogg","music/ddz/Man/Chat_27.ogg":"music/ddz/Man/Chat_27e32b823e.ogg","music/ddz/Man/Chat_28.ogg":"music/ddz/Man/Chat_282c46ce67.ogg","music/ddz/Man/Chat_29.ogg":"music/ddz/Man/Chat_29d38cea54.ogg","music/ddz/Man/Chat_3.ogg":"music/ddz/Man/Chat_369adf2a4.ogg","music/ddz/Man/Chat_30.ogg":"music/ddz/Man/Chat_30cb859027.ogg","music/ddz/Man/Chat_31.ogg":"music/ddz/Man/Chat_319a24cc70.ogg","music/ddz/Man/Chat_32.ogg":"music/ddz/Man/Chat_3293da88f0.ogg","music/ddz/Man/Chat_33.ogg":"music/ddz/Man/Chat_333be12eee.ogg","music/ddz/Man/Chat_34.ogg":"music/ddz/Man/Chat_34911b174a.ogg","music/ddz/Man/Chat_35.ogg":"music/ddz/Man/Chat_3560be4c69.ogg","music/ddz/Man/Chat_36.ogg":"music/ddz/Man/Chat_364e9b2879.ogg","music/ddz/Man/Chat_4.ogg":"music/ddz/Man/Chat_414f659b9.ogg","music/ddz/Man/Chat_5.ogg":"music/ddz/Man/Chat_5d8fba4f3.ogg","music/ddz/Man/Chat_6.ogg":"music/ddz/Man/Chat_6bbb0828c.ogg","music/ddz/Man/Chat_7.ogg":"music/ddz/Man/Chat_73fbcd31d.ogg","music/ddz/Man/Chat_8.ogg":"music/ddz/Man/Chat_849983137.ogg","music/ddz/Man/Chat_9.ogg":"music/ddz/Man/Chat_908ff967e.ogg","music/ddz/Man/NoDiscard.ogg":"music/ddz/Man/NoDiscardf6b7fb97.ogg","music/ddz/Man/NoOrder.ogg":"music/ddz/Man/NoOrder5333b1b0.ogg","music/ddz/Man/NoRob.ogg":"music/ddz/Man/NoRob4eddfb5b.ogg","music/ddz/Man/Order.ogg":"music/ddz/Man/Ordera7013b60.ogg","music/ddz/Man/Rob1.ogg":"music/ddz/Man/Rob1b60d6214.ogg","music/ddz/Man/Rob2.ogg":"music/ddz/Man/Rob2853c9a94.ogg","music/ddz/Man/Rob3.ogg":"music/ddz/Man/Rob3d1805e1f.ogg","music/ddz/Man/ScoreNoOrder.ogg":"music/ddz/Man/ScoreNoOrder91e3b794.ogg","music/ddz/Man/ScoreOrder1.ogg":"music/ddz/Man/ScoreOrder19747b386.ogg","music/ddz/Man/ScoreOrder2.ogg":"music/ddz/Man/ScoreOrder2453dbf47.ogg","music/ddz/Man/ScoreOrder3.ogg":"music/ddz/Man/ScoreOrder3334f7097.ogg","music/ddz/Man/Share.ogg":"music/ddz/Man/Share0be6fce1.ogg","music/ddz/Man/WoXianChu.ogg":"music/ddz/Man/WoXianChuff7fd4cb.ogg","music/ddz/Man/baojing1.ogg":"music/ddz/Man/baojing15cacbfdb.ogg","music/ddz/Man/baojing2.ogg":"music/ddz/Man/baojing272722ced.ogg","music/ddz/Man/bomb.ogg":"music/ddz/Man/bomb6c0646c8.ogg","music/ddz/Man/bujiabei.ogg":"music/ddz/Man/bujiabei48e745e3.ogg","music/ddz/Man/buyao1.ogg":"music/ddz/Man/buyao17146ebf2.ogg","music/ddz/Man/buyao2.ogg":"music/ddz/Man/buyao2b66bb9b5.ogg","music/ddz/Man/buyao3.ogg":"music/ddz/Man/buyao34360e4f7.ogg","music/ddz/Man/buyao4.ogg":"music/ddz/Man/buyao4d5b521ce.ogg","music/ddz/Man/chaojijiabei.ogg":"music/ddz/Man/chaojijiabei4ca72b87.ogg","music/ddz/Man/dani1.ogg":"music/ddz/Man/dani174c2f419.ogg","music/ddz/Man/dani2.ogg":"music/ddz/Man/dani2c2476ada.ogg","music/ddz/Man/dani3.ogg":"music/ddz/Man/dani3f706061d.ogg","music/ddz/Man/dui10.ogg":"music/ddz/Man/dui1005bdbc5c.ogg","music/ddz/Man/dui11.ogg":"music/ddz/Man/dui11e80c7fad.ogg","music/ddz/Man/dui12.ogg":"music/ddz/Man/dui127df8c064.ogg","music/ddz/Man/dui13.ogg":"music/ddz/Man/dui1342e890c7.ogg","music/ddz/Man/dui14.ogg":"music/ddz/Man/dui143ccf455e.ogg","music/ddz/Man/dui16.ogg":"music/ddz/Man/dui1686139d22.ogg","music/ddz/Man/dui3.ogg":"music/ddz/Man/dui3d53336d3.ogg","music/ddz/Man/dui4.ogg":"music/ddz/Man/dui4d0cb7576.ogg","music/ddz/Man/dui5.ogg":"music/ddz/Man/dui527b91567.ogg","music/ddz/Man/dui6.ogg":"music/ddz/Man/dui62cb4822c.ogg","music/ddz/Man/dui7.ogg":"music/ddz/Man/dui75515a3b0.ogg","music/ddz/Man/dui8.ogg":"music/ddz/Man/dui80e38343f.ogg","music/ddz/Man/dui9.ogg":"music/ddz/Man/dui902631d05.ogg","music/ddz/Man/heitao3xianchu.ogg":"music/ddz/Man/heitao3xianchu92a74798.ogg","music/ddz/Man/jiabei.ogg":"music/ddz/Man/jiabei668cb2c6.ogg","music/ddz/Man/kingbomb.ogg":"music/ddz/Man/kingbomb6815cf09.ogg","music/ddz/Man/liandui.ogg":"music/ddz/Man/liandui3dfc512d.ogg","music/ddz/Man/plan.ogg":"music/ddz/Man/plan617a9171.ogg","music/ddz/Man/sandaier.ogg":"music/ddz/Man/sandaier9c36c623.ogg","music/ddz/Man/sandaiyi.ogg":"music/ddz/Man/sandaiyi4b9d9ba0.ogg","music/ddz/Man/sandaiyidui.ogg":"music/ddz/Man/sandaiyidui7e60bc0f.ogg","music/ddz/Man/shunzi.ogg":"music/ddz/Man/shunzi1c6097e4.ogg","music/ddz/Man/sidaier.ogg":"music/ddz/Man/sidaier936175a3.ogg","music/ddz/Man/sidailiangdui.ogg":"music/ddz/Man/sidailiangduie841c717.ogg","music/ddz/Man/sidaisan.ogg":"music/ddz/Man/sidaisan1ca1860f.ogg","music/ddz/Man/tuple10.ogg":"music/ddz/Man/tuple10f2f4f8d8.ogg","music/ddz/Man/tuple11.ogg":"music/ddz/Man/tuple11d25026c9.ogg","music/ddz/Man/tuple12.ogg":"music/ddz/Man/tuple12dec819e8.ogg","music/ddz/Man/tuple13.ogg":"music/ddz/Man/tuple13decf8738.ogg","music/ddz/Man/tuple14.ogg":"music/ddz/Man/tuple1452569f59.ogg","music/ddz/Man/tuple16.ogg":"music/ddz/Man/tuple16172bf2f6.ogg","music/ddz/Man/tuple3.ogg":"music/ddz/Man/tuple382a166cc.ogg","music/ddz/Man/tuple4.ogg":"music/ddz/Man/tuple48f215ffc.ogg","music/ddz/Man/tuple5.ogg":"music/ddz/Man/tuple5b01af5a5.ogg","music/ddz/Man/tuple6.ogg":"music/ddz/Man/tuple65ccb8db0.ogg","music/ddz/Man/tuple7.ogg":"music/ddz/Man/tuple771cb50f2.ogg","music/ddz/Man/tuple8.ogg":"music/ddz/Man/tuple87f35886a.ogg","music/ddz/Man/tuple9.ogg":"music/ddz/Man/tuple91359c2b8.ogg","music/ddz/Woman/10.ogg":"music/ddz/Woman/10d10f745f.ogg","music/ddz/Woman/11.ogg":"music/ddz/Woman/11ad91af0b.ogg","music/ddz/Woman/12.ogg":"music/ddz/Woman/1219a51594.ogg","music/ddz/Woman/13.ogg":"music/ddz/Woman/13ef092e04.ogg","music/ddz/Woman/14.ogg":"music/ddz/Woman/149c7eabfa.ogg","music/ddz/Woman/16.ogg":"music/ddz/Woman/16eb9b6541.ogg","music/ddz/Woman/25.ogg":"music/ddz/Woman/254c2f6465.ogg","music/ddz/Woman/27.ogg":"music/ddz/Woman/274a23b392.ogg","music/ddz/Woman/3.ogg":"music/ddz/Woman/3fadc2f96.ogg","music/ddz/Woman/4.ogg":"music/ddz/Woman/4a250f47b.ogg","music/ddz/Woman/5.ogg":"music/ddz/Woman/55e56f5bf.ogg","music/ddz/Woman/6.ogg":"music/ddz/Woman/6affffbc1.ogg","music/ddz/Woman/7.ogg":"music/ddz/Woman/793e48a51.ogg","music/ddz/Woman/8.ogg":"music/ddz/Woman/84b381e86.ogg","music/ddz/Woman/9.ogg":"music/ddz/Woman/9d234ca2e.ogg","music/ddz/Woman/Chat_0.ogg":"music/ddz/Woman/Chat_0086a6c7d.ogg","music/ddz/Woman/Chat_1.ogg":"music/ddz/Woman/Chat_1e2dc531c.ogg","music/ddz/Woman/Chat_10.ogg":"music/ddz/Woman/Chat_1008b190b5.ogg","music/ddz/Woman/Chat_101.ogg":"music/ddz/Woman/Chat_10100bab1bb.ogg","music/ddz/Woman/Chat_102.ogg":"music/ddz/Woman/Chat_10275869fba.ogg","music/ddz/Woman/Chat_103.ogg":"music/ddz/Woman/Chat_1034c8da998.ogg","music/ddz/Woman/Chat_104.ogg":"music/ddz/Woman/Chat_104afb38d73.ogg","music/ddz/Woman/Chat_105.ogg":"music/ddz/Woman/Chat_1058cd71902.ogg","music/ddz/Woman/Chat_106.ogg":"music/ddz/Woman/Chat_10685be8890.ogg","music/ddz/Woman/Chat_107.ogg":"music/ddz/Woman/Chat_107a2398251.ogg","music/ddz/Woman/Chat_108.ogg":"music/ddz/Woman/Chat_108b6079a02.ogg","music/ddz/Woman/Chat_109.ogg":"music/ddz/Woman/Chat_109ac398bdd.ogg","music/ddz/Woman/Chat_11.ogg":"music/ddz/Woman/Chat_11a3a84ec3.ogg","music/ddz/Woman/Chat_12.ogg":"music/ddz/Woman/Chat_126c84be37.ogg","music/ddz/Woman/Chat_13.ogg":"music/ddz/Woman/Chat_13f68a931b.ogg","music/ddz/Woman/Chat_14.ogg":"music/ddz/Woman/Chat_1424dec746.ogg","music/ddz/Woman/Chat_15.ogg":"music/ddz/Woman/Chat_15ff9db0cd.ogg","music/ddz/Woman/Chat_16.ogg":"music/ddz/Woman/Chat_166a503abb.ogg","music/ddz/Woman/Chat_17.ogg":"music/ddz/Woman/Chat_17a835fc54.ogg","music/ddz/Woman/Chat_18.ogg":"music/ddz/Woman/Chat_18d6b29e16.ogg","music/ddz/Woman/Chat_2.ogg":"music/ddz/Woman/Chat_2ad45f295.ogg","music/ddz/Woman/Chat_201.ogg":"music/ddz/Woman/Chat_201578b8a3b.ogg","music/ddz/Woman/Chat_202.ogg":"music/ddz/Woman/Chat_202c92dddf6.ogg","music/ddz/Woman/Chat_203.ogg":"music/ddz/Woman/Chat_20343dd9aa9.ogg","music/ddz/Woman/Chat_204.ogg":"music/ddz/Woman/Chat_204bb47bfaa.ogg","music/ddz/Woman/Chat_205.ogg":"music/ddz/Woman/Chat_20545102a3f.ogg","music/ddz/Woman/Chat_206.ogg":"music/ddz/Woman/Chat_2066abca951.ogg","music/ddz/Woman/Chat_21.ogg":"music/ddz/Woman/Chat_219aab3cb7.ogg","music/ddz/Woman/Chat_22.ogg":"music/ddz/Woman/Chat_22042a2138.ogg","music/ddz/Woman/Chat_23.ogg":"music/ddz/Woman/Chat_23dfdefe1c.ogg","music/ddz/Woman/Chat_24.ogg":"music/ddz/Woman/Chat_240950ae38.ogg","music/ddz/Woman/Chat_25.ogg":"music/ddz/Woman/Chat_25767bd177.ogg","music/ddz/Woman/Chat_26.ogg":"music/ddz/Woman/Chat_264e276af1.ogg","music/ddz/Woman/Chat_27.ogg":"music/ddz/Woman/Chat_275dfe9d52.ogg","music/ddz/Woman/Chat_28.ogg":"music/ddz/Woman/Chat_2886a633f8.ogg","music/ddz/Woman/Chat_29.ogg":"music/ddz/Woman/Chat_29461e6731.ogg","music/ddz/Woman/Chat_3.ogg":"music/ddz/Woman/Chat_354ea995e.ogg","music/ddz/Woman/Chat_30.ogg":"music/ddz/Woman/Chat_301eb2d320.ogg","music/ddz/Woman/Chat_31.ogg":"music/ddz/Woman/Chat_31e878c98f.ogg","music/ddz/Woman/Chat_32.ogg":"music/ddz/Woman/Chat_3204fe2b70.ogg","music/ddz/Woman/Chat_33.ogg":"music/ddz/Woman/Chat_33bed4ecd9.ogg","music/ddz/Woman/Chat_34.ogg":"music/ddz/Woman/Chat_34c8764802.ogg","music/ddz/Woman/Chat_35.ogg":"music/ddz/Woman/Chat_359010dbe1.ogg","music/ddz/Woman/Chat_36.ogg":"music/ddz/Woman/Chat_367532e98a.ogg","music/ddz/Woman/Chat_4.ogg":"music/ddz/Woman/Chat_46c60933f.ogg","music/ddz/Woman/Chat_5.ogg":"music/ddz/Woman/Chat_53b183ef9.ogg","music/ddz/Woman/Chat_6.ogg":"music/ddz/Woman/Chat_6ae998cba.ogg","music/ddz/Woman/Chat_7.ogg":"music/ddz/Woman/Chat_7fd20c7a0.ogg","music/ddz/Woman/Chat_8.ogg":"music/ddz/Woman/Chat_897151b10.ogg","music/ddz/Woman/Chat_9.ogg":"music/ddz/Woman/Chat_99950ebf5.ogg","music/ddz/Woman/NoDiscard.ogg":"music/ddz/Woman/NoDiscardafdfbf28.ogg","music/ddz/Woman/NoOrder.ogg":"music/ddz/Woman/NoOrderf5d226ca.ogg","music/ddz/Woman/NoRob.ogg":"music/ddz/Woman/NoRobe851761f.ogg","music/ddz/Woman/Order.ogg":"music/ddz/Woman/Ordere175c411.ogg","music/ddz/Woman/Rob1.ogg":"music/ddz/Woman/Rob1d39a9cb9.ogg","music/ddz/Woman/Rob2.ogg":"music/ddz/Woman/Rob2081092c3.ogg","music/ddz/Woman/Rob3.ogg":"music/ddz/Woman/Rob39bddb785.ogg","music/ddz/Woman/ScoreNoOrder.ogg":"music/ddz/Woman/ScoreNoOrdera237e175.ogg","music/ddz/Woman/ScoreOrder1.ogg":"music/ddz/Woman/ScoreOrder107ce83df.ogg","music/ddz/Woman/ScoreOrder2.ogg":"music/ddz/Woman/ScoreOrder2371c96a3.ogg","music/ddz/Woman/ScoreOrder3.ogg":"music/ddz/Woman/ScoreOrder36b73afc4.ogg","music/ddz/Woman/Share.ogg":"music/ddz/Woman/Sharea1529cb8.ogg","music/ddz/Woman/WoXianChu.ogg":"music/ddz/Woman/WoXianChu8440141a.ogg","music/ddz/Woman/baojing1.ogg":"music/ddz/Woman/baojing1c3987476.ogg","music/ddz/Woman/baojing2.ogg":"music/ddz/Woman/baojing2ec93614d.ogg","music/ddz/Woman/bomb.ogg":"music/ddz/Woman/bombdc386be7.ogg","music/ddz/Woman/bujiabei.ogg":"music/ddz/Woman/bujiabeide7b69a8.ogg","music/ddz/Woman/buyao1.ogg":"music/ddz/Woman/buyao12d591875.ogg","music/ddz/Woman/buyao2.ogg":"music/ddz/Woman/buyao2434960a8.ogg","music/ddz/Woman/buyao3.ogg":"music/ddz/Woman/buyao30c0ef617.ogg","music/ddz/Woman/buyao4.ogg":"music/ddz/Woman/buyao4708faf7a.ogg","music/ddz/Woman/chaojijiabei.ogg":"music/ddz/Woman/chaojijiabeia90ed4a5.ogg","music/ddz/Woman/dani1.ogg":"music/ddz/Woman/dani10926c7ae.ogg","music/ddz/Woman/dani2.ogg":"music/ddz/Woman/dani2ba97dae7.ogg","music/ddz/Woman/dani3.ogg":"music/ddz/Woman/dani373d727fe.ogg","music/ddz/Woman/dui10.ogg":"music/ddz/Woman/dui107fe50045.ogg","music/ddz/Woman/dui11.ogg":"music/ddz/Woman/dui11ef9e0f62.ogg","music/ddz/Woman/dui12.ogg":"music/ddz/Woman/dui12c20dbe6b.ogg","music/ddz/Woman/dui13.ogg":"music/ddz/Woman/dui132c2cde03.ogg","music/ddz/Woman/dui14.ogg":"music/ddz/Woman/dui148c158697.ogg","music/ddz/Woman/dui16.ogg":"music/ddz/Woman/dui16da338e9b.ogg","music/ddz/Woman/dui3.ogg":"music/ddz/Woman/dui381a485c0.ogg","music/ddz/Woman/dui4.ogg":"music/ddz/Woman/dui479310531.ogg","music/ddz/Woman/dui5.ogg":"music/ddz/Woman/dui595cdbbd6.ogg","music/ddz/Woman/dui6.ogg":"music/ddz/Woman/dui6fcb3899c.ogg","music/ddz/Woman/dui7.ogg":"music/ddz/Woman/dui71b3c8d8a.ogg","music/ddz/Woman/dui8.ogg":"music/ddz/Woman/dui8224effc4.ogg","music/ddz/Woman/dui9.ogg":"music/ddz/Woman/dui962125235.ogg","music/ddz/Woman/heitao3xianchu.ogg":"music/ddz/Woman/heitao3xianchu40a02636.ogg","music/ddz/Woman/jiabei.ogg":"music/ddz/Woman/jiabeif9c7eacf.ogg","music/ddz/Woman/kingbomb.ogg":"music/ddz/Woman/kingbomb10fda28d.ogg","music/ddz/Woman/liandui.ogg":"music/ddz/Woman/lianduifee54cbc.ogg","music/ddz/Woman/plan.ogg":"music/ddz/Woman/planad593583.ogg","music/ddz/Woman/sandaier.ogg":"music/ddz/Woman/sandaier45151556.ogg","music/ddz/Woman/sandaiyi.ogg":"music/ddz/Woman/sandaiyi595b6b86.ogg","music/ddz/Woman/sandaiyidui.ogg":"music/ddz/Woman/sandaiyidui3cbf8598.ogg","music/ddz/Woman/shunzi.ogg":"music/ddz/Woman/shunzi4588da38.ogg","music/ddz/Woman/sidaier.ogg":"music/ddz/Woman/sidaierb61141a8.ogg","music/ddz/Woman/sidailiangdui.ogg":"music/ddz/Woman/sidailiangdui2a9e2115.ogg","music/ddz/Woman/sidaisan.ogg":"music/ddz/Woman/sidaisan85315025.ogg","music/ddz/Woman/tuple10.ogg":"music/ddz/Woman/tuple1003a216d5.ogg","music/ddz/Woman/tuple11.ogg":"music/ddz/Woman/tuple117d5373c3.ogg","music/ddz/Woman/tuple12.ogg":"music/ddz/Woman/tuple1272b62fa5.ogg","music/ddz/Woman/tuple13.ogg":"music/ddz/Woman/tuple134343cf03.ogg","music/ddz/Woman/tuple14.ogg":"music/ddz/Woman/tuple146171237e.ogg","music/ddz/Woman/tuple16.ogg":"music/ddz/Woman/tuple168d69d1e8.ogg","music/ddz/Woman/tuple3.ogg":"music/ddz/Woman/tuple3430d0ac9.ogg","music/ddz/Woman/tuple4.ogg":"music/ddz/Woman/tuple4d2bd4a8c.ogg","music/ddz/Woman/tuple5.ogg":"music/ddz/Woman/tuple5570c608a.ogg","music/ddz/Woman/tuple6.ogg":"music/ddz/Woman/tuple6ccfb8d3f.ogg","music/ddz/Woman/tuple7.ogg":"music/ddz/Woman/tuple7380187b4.ogg","music/ddz/Woman/tuple8.ogg":"music/ddz/Woman/tuple8072d5293.ogg","music/ddz/Woman/tuple9.ogg":"music/ddz/Woman/tuple9233c02d8.ogg","music/ddz/bomb.mp3":"music/ddz/bombd90e3e11.mp3","music/ddz/chat/Man_Chat_91.mp3":"music/ddz/chat/Man_Chat_9122bd63ea.mp3","music/ddz/chat/Man_Chat_92.mp3":"music/ddz/chat/Man_Chat_9248373c67.mp3","music/ddz/chat/Man_Chat_93.mp3":"music/ddz/chat/Man_Chat_93b840ebb1.mp3","music/ddz/chat/Man_Chat_94.mp3":"music/ddz/chat/Man_Chat_9481fca1c2.mp3","music/ddz/chat/Man_Chat_95.mp3":"music/ddz/chat/Man_Chat_9500ef05da.mp3","music/ddz/chat/Man_Chat_96.mp3":"music/ddz/chat/Man_Chat_96fc66b085.mp3","music/ddz/chat/Man_Chat_97.mp3":"music/ddz/chat/Man_Chat_975e191a26.mp3","music/ddz/chat/Woman_Chat_91.mp3":"music/ddz/chat/Woman_Chat_9108950c4b.mp3","music/ddz/chat/Woman_Chat_92.mp3":"music/ddz/chat/Woman_Chat_92576e329f.mp3","music/ddz/chat/Woman_Chat_93.mp3":"music/ddz/chat/Woman_Chat_93432afcfd.mp3","music/ddz/chat/Woman_Chat_94.mp3":"music/ddz/chat/Woman_Chat_942b42a284.mp3","music/ddz/chat/Woman_Chat_95.mp3":"music/ddz/chat/Woman_Chat_9518335360.mp3","music/ddz/chat/Woman_Chat_96.mp3":"music/ddz/chat/Woman_Chat_96f0c408cc.mp3","music/ddz/chat/Woman_Chat_97.mp3":"music/ddz/chat/Woman_Chat_97baf0e587.mp3","music/ddz/deal.mp3":"music/ddz/deala7b243a9.mp3","music/ddz/kingbomb.mp3":"music/ddz/kingbomb522a7c3c.mp3","music/ddz/loss.mp3":"music/ddz/loss23dc5184.mp3","music/ddz/outpoker.mp3":"music/ddz/outpokerd70cc055.mp3","music/ddz/plan.mp3":"music/ddz/plan6c305a53.mp3","music/ddz/select.mp3":"music/ddz/select9449cfef.mp3","music/ddz/win.mp3":"music/ddz/win5562dac4.mp3","music/ddz.mp3":"music/ddz9672f171.mp3","music/gift/gift1.mp3":"music/gift/gift137c711ba.mp3","music/gift/gift10.mp3":"music/gift/gift108b02b654.mp3","music/gift/gift2.mp3":"music/gift/gift2bbb54b9c.mp3","music/gift/gift3.mp3":"music/gift/gift35c80b4c3.mp3","music/gift/gift4.mp3":"music/gift/gift49c86f1ea.mp3","music/gift/gift5.mp3":"music/gift/gift5cbbadb08.mp3","music/gift/gift6.mp3":"music/gift/gift6b1622e16.mp3","music/gift/gift7.mp3":"music/gift/gift7dfe45dd4.mp3","music/gift/gift8.mp3":"music/gift/gift8687620f8.mp3","music/gift/gift9.mp3":"music/gift/gift9bb8dc779.mp3","music/hall.mp3":"music/hall9eec0563.mp3","music/lucky.mp3":"music/lucky3fbc7220.mp3","music/match/hlh.mp3":"music/match/hlh40727afd.mp3","music/match/jj.mp3":"music/match/jj116c9226.mp3","music/match/js.mp3":"music/match/js83dc1fff.mp3","music/match/start.mp3":"music/match/start24b74556.mp3","music/match/tkx.mp3":"music/match/tkx5f1ae7ed.mp3","music/match/zjzl.mp3":"music/match/zjzl021ac08d.mp3","music/mj.mp3":"music/mjd0b1bd6c.mp3","music/reward.mp3":"music/reward354a6afa.mp3","music/saizi.mp3":"music/saizi23d308c5.mp3","part/star1.part":"part/star15f39890a.part","privacy.html":"privacy3e9cb296.html","release.html":"release07215d9c.html","res/atlas/bisai.atlas":"res/atlas/bisaicpec5dffbc.atlas","res/atlas/bisai.png":"res/atlas/bisaicp1ca4e36e.png","res/atlas/chat.atlas":"res/atlas/chatcpa332b010.atlas","res/atlas/chat.png":"res/atlas/chatcp19a668e3.png","res/atlas/ddz.atlas":"res/atlas/ddzcpde050cf2.atlas","res/atlas/ddz.png":"res/atlas/ddzcp671185a4.png","res/atlas/dw.atlas":"res/atlas/dwcpa8d1359e.atlas","res/atlas/dw.png":"res/atlas/dwcpdb304064.png","res/atlas/first.atlas":"res/atlas/firstcpd9867f94.atlas","res/atlas/first.png":"res/atlas/firstcpbd588f3f.png","res/atlas/game.atlas":"res/atlas/gamecpd250bdc2.atlas","res/atlas/game.png":"res/atlas/gamecp5e5dc1bc.png","res/atlas/gift.atlas":"res/atlas/giftcpb1f4c03a.atlas","res/atlas/gift.png":"res/atlas/giftcpb6d98474.png","res/atlas/head.atlas":"res/atlas/headcpdad89ad9.atlas","res/atlas/head.png":"res/atlas/headcp7f6fc53c.png","res/atlas/lobby.atlas":"res/atlas/lobbycp2f4a2d69.atlas","res/atlas/lobby.png":"res/atlas/lobbycpf482351a.png","res/atlas/login.atlas":"res/atlas/logincpe3a445bd.atlas","res/atlas/login.png":"res/atlas/logincp2c893de5.png","res/atlas/poker.atlas":"res/atlas/pokercp88adc406.atlas","res/atlas/poker.png":"res/atlas/pokercp11973125.png","res/atlas/shop.atlas":"res/atlas/shopcp50d06bf7.atlas","res/atlas/shop.png":"res/atlas/shopcp3e9e6f36.png","res/atlas/star.atlas":"res/atlas/starcp1f1372a6.atlas","res/atlas/star.png":"res/atlas/starcpb5918618.png","shop/active.png":"shop/activecpd5a93ed9.png","shop/caishensl.png":"shop/caishenslcp52b8327b.png","shop/f1.png":"shop/f1cp0918e0e6.png","shop/f2.png":"shop/f2cp85976cde.png","shop/firstbg.png":"shop/firstbgcpfcd8d7d5.png","shop/rechargerank.png":"shop/rechargerankcpfa848fe8.png","shop/sharecj.png":"shop/sharecjcp93a5f74f.png","shop/sign1.png":"shop/sign1cp0f1377b1.png","shop/vip.png":"shop/vipcp36b9294e.png","shop/xgtx.png":"shop/xgtxcpb0fd4961.png","spine/chuntian.atlas":"spine/chuntiancpa22e8e54.atlas","spine/chuntian.png":"spine/chuntiancp6ba27653.png","spine/chuntian.sk":"spine/chuntianfe5962e1.sk","spine/ddz_dw_ani.png":"spine/ddz_dw_anicp0725db35.png","spine/ddz_dw_ani.sk":"spine/ddz_dw_ani36704f69.sk","spine/ddz_dw_ani2.png":"spine/ddz_dw_ani2cp622a0590.png","spine/ddz_dw_ani3.png":"spine/ddz_dw_ani3cp70259877.png","spine/eff_bianshen.atlas":"spine/eff_bianshencpe0157085.atlas","spine/eff_bianshen.png":"spine/eff_bianshencpb36aa758.png","spine/eff_bianshen.sk":"spine/eff_bianshen06afb3f9.sk","spine/eff_daocha.atlas":"spine/eff_daochacp57dea54d.atlas","spine/eff_daocha.png":"spine/eff_daochacp6f11847d.png","spine/eff_daocha.sk":"spine/eff_daocha58e14335.sk","spine/eff_daoshui.atlas":"spine/eff_daoshuicp59ee1f18.atlas","spine/eff_daoshui.png":"spine/eff_daoshuicpc29a2228.png","spine/eff_daoshui.sk":"spine/eff_daoshui7f1fb1e7.sk","spine/eff_diufanqie.atlas":"spine/eff_diufanqiecpa6d9cc7b.atlas","spine/eff_diufanqie.png":"spine/eff_diufanqiecp918fb7b8.png","spine/eff_diufanqie.sk":"spine/eff_diufanqie92fbd352.sk","spine/eff_diujidan.atlas":"spine/eff_diujidancp434a6cd0.atlas","spine/eff_diujidan.png":"spine/eff_diujidancp93b33071.png","spine/eff_diujidan.sk":"spine/eff_diujidan78c85d0d.sk","spine/eff_facezhadan.atlas":"spine/eff_facezhadancp8f872008.atlas","spine/eff_facezhadan.png":"spine/eff_facezhadancpabb32dc7.png","spine/eff_facezhadan.sk":"spine/eff_facezhadana66adc55.sk","spine/eff_guangxiao.atlas":"spine/eff_guangxiaocpd16c8fb7.atlas","spine/eff_guangxiao.png":"spine/eff_guangxiaocpfee580d2.png","spine/eff_guangxiao.sk":"spine/eff_guangxiao2709bf56.sk","spine/eff_huojian_baozha.atlas":"spine/eff_huojian_baozhacpc7fb0d12.atlas","spine/eff_huojian_baozha.png":"spine/eff_huojian_baozhacp1aadc4ba.png","spine/eff_huojian_baozha.sk":"spine/eff_huojian_baozhab1a2a5d8.sk","spine/eff_huojian_daiji.atlas":"spine/eff_huojian_daijicp6190c1f8.atlas","spine/eff_huojian_daiji.png":"spine/eff_huojian_daijicpa9517bb6.png","spine/eff_huojian_daiji.sk":"spine/eff_huojian_daiji06495ca8.sk","spine/eff_shangcheng.atlas":"spine/eff_shangchengcpfcb1e129.atlas","spine/eff_shangcheng.png":"spine/eff_shangchengcp12447db0.png","spine/eff_shangcheng.sk":"spine/eff_shangcheng00b6d63e.sk","spine/eff_tuoxie.atlas":"spine/eff_tuoxiecp4a6da3bd.atlas","spine/eff_tuoxie.png":"spine/eff_tuoxiecpb7be0118.png","spine/eff_tuoxie.sk":"spine/eff_tuoxiee782f7f5.sk","spine/eff_xingyunbaoxiang.atlas":"spine/eff_xingyunbaoxiangcp54a844d8.atlas","spine/eff_xingyunbaoxiang.png":"spine/eff_xingyunbaoxiangcp24d53598.png","spine/eff_xingyunbaoxiang.sk":"spine/eff_xingyunbaoxiang8f79e3ce.sk","spine/eff_zhadan.atlas":"spine/eff_zhadancpe3406b4d.atlas","spine/eff_zhadan.png":"spine/eff_zhadancp61f21d92.png","spine/eff_zhadan.sk":"spine/eff_zhadanf0b1303b.sk","spine/eff_zhadan_baozha.atlas":"spine/eff_zhadan_baozhacp9af34e2f.atlas","spine/eff_zhadan_baozha.png":"spine/eff_zhadan_baozhacp6df679bd.png","spine/eff_zhadan_baozha.sk":"spine/eff_zhadan_baozha037718ed.sk","spine/farmer_fail_ani.atlas":"spine/farmer_fail_anicp50c6ef90.atlas","spine/farmer_fail_ani.png":"spine/farmer_fail_anicpe0b16774.png","spine/farmer_fail_ani.sk":"spine/farmer_fail_ani9d1ee97c.sk","spine/farmer_idle_ani.atlas":"spine/farmer_idle_anicpce148e9e.atlas","spine/farmer_idle_ani.png":"spine/farmer_idle_anicp6c881326.png","spine/farmer_idle_ani.sk":"spine/farmer_idle_ania6148ab5.sk","spine/farmer_victory_ani.atlas":"spine/farmer_victory_anicp87a31473.atlas","spine/farmer_victory_ani.png":"spine/farmer_victory_anicpa94019ff.png","spine/farmer_victory_ani.sk":"spine/farmer_victory_anid935c0b6.sk","spine/feiji.atlas":"spine/feijicp46710554.atlas","spine/feiji.png":"spine/feijicpb51b269d.png","spine/feiji.sk":"spine/feiji2416971c.sk","spine/hyyj.atlas":"spine/hyyjcp72010f4f.atlas","spine/hyyj.png":"spine/hyyjcp4282840d.png","spine/hyyj.sk":"spine/hyyjcdba49f3.sk","spine/landlord_fail_ani.atlas":"spine/landlord_fail_anicp15fae263.atlas","spine/landlord_fail_ani.png":"spine/landlord_fail_anicp3177e238.png","spine/landlord_fail_ani.sk":"spine/landlord_fail_anicdf47aa1.sk","spine/landlord_idle_ani.atlas":"spine/landlord_idle_anicp22317967.atlas","spine/landlord_idle_ani.png":"spine/landlord_idle_anicp5a975b2d.png","spine/landlord_idle_ani.sk":"spine/landlord_idle_ani019ed61e.sk","spine/landlord_victory_ani.atlas":"spine/landlord_victory_anicp2b5b9c52.atlas","spine/landlord_victory_ani.png":"spine/landlord_victory_anicp4eaf4d94.png","spine/landlord_victory_ani.sk":"spine/landlord_victory_ani9362a352.sk","spine/liandui.atlas":"spine/lianduicp7b5c7033.atlas","spine/liandui.png":"spine/lianduicp4607e4ce.png","spine/liandui.sk":"spine/liandui74797fc9.sk","spine/liwu_ddz.atlas":"spine/liwu_ddzcp1955c158.atlas","spine/liwu_ddz.png":"spine/liwu_ddzcp07b576e2.png","spine/liwu_ddz.sk":"spine/liwu_ddz5df682ab.sk","spine/zi_FJ.atlas":"spine/zi_FJcpfe954390.atlas","spine/zi_FJ.png":"spine/zi_FJcpaf85a348.png","spine/zi_FJ.sk":"spine/zi_FJ6846039f.sk","spine/zi_feiji.atlas":"spine/zi_feijicpc5236b66.atlas","spine/zi_feiji.png":"spine/zi_feijicpa7426fd2.png","spine/zi_feiji.sk":"spine/zi_feiji526c6181.sk","spine/zi_liandui.sk":"spine/zi_liandui6967b2b5.sk","spine/zi_shunzi.atlas":"spine/zi_shunzicpa2e3e473.atlas","spine/zi_shunzi.png":"spine/zi_shunzicp5e5d9561.png","spine/zi_shunzi.sk":"spine/zi_shunzi2de59bbc.sk","texture.png":"texturecp37a6259c.png","unpack.json":"unpackcp9d10e376.json"}