{"skeleton":{"hash":"OqujJnRkH23V5LgPYzbTR7c1x1U","spine":"3.5.51","width":717,"height":477,"images":"./images/"},"bones":[{"name":"root"},{"name":"01","parent":"root","length":81.54,"rotation":39.04,"x":-118.46,"y":-85.79},{"name":"02","parent":"root","length":48.68,"rotation":159.69,"x":-170.45,"y":-68.63},{"name":"03","parent":"root","length":54.43,"rotation":65.08,"x":62.18,"y":-70.24},{"name":"04","parent":"root","length":91.85,"rotation":61.83,"x":205.82,"y":-29.51},{"name":"05","parent":"root","length":183.35,"rotation":175.5,"x":-0.54,"y":40.71},{"name":"06","parent":"root","length":205.54,"rotation":92.65,"x":-177.42,"y":-59.49},{"name":"07","parent":"root","length":103.62,"rotation":75.32,"x":-63.13,"y":59.6},{"name":"08","parent":"root","length":195.49,"rotation":145.85,"x":-138.82,"y":-48.24},{"name":"09","parent":"root","length":32.6,"rotation":46.39,"x":-196.71,"y":39.67},{"name":"10","parent":"root","length":91.02,"rotation":108.44,"x":69.14,"y":-40.73},{"name":"11","parent":"root","length":129.51,"rotation":67.02,"x":177.95,"y":19.3},{"name":"13","parent":"root","length":146.52,"rotation":154.79,"x":182.24,"y":134.54},{"name":"12","parent":"13","length":59.38,"rotation":-95.4,"x":-7.62,"y":2.34},{"name":"14","parent":"13","length":77.19,"rotation":34.72,"x":7.28,"y":-6.65},{"name":"15","parent":"root","length":69.94,"rotation":49.53,"x":92.19,"y":-91.65},{"name":"16","parent":"root","length":61.26,"rotation":74.59,"x":-33.16,"y":-55.82},{"name":"17","parent":"root","length":181.3,"rotation":-94.5,"x":-0.54,"y":78.53},{"name":"18","parent":"root","length":19.69,"rotation":76.71,"x":-310.56,"y":53.36}],"slots":[{"name":"20","bone":"root","color":"ffffff00","attachment":"20","blend":"additive"},{"name":"17-a","bone":"17","color":"ffffff00","attachment":"17"},{"name":"16-a","bone":"16","color":"ffffff00","attachment":"16"},{"name":"15-a","bone":"15","color":"ffffff00","attachment":"15"},{"name":"14-a","bone":"14","color":"ffffff00","attachment":"14"},{"name":"13-a","bone":"13","color":"ffffff00","attachment":"13"},{"name":"12-a","bone":"12","color":"ffffff00","attachment":"12"},{"name":"11-a","bone":"11","color":"ffffff00","attachment":"11"},{"name":"10-a","bone":"10","color":"ffffff00","attachment":"10"},{"name":"09-a","bone":"09","color":"ffffff00","attachment":"09"},{"name":"08-a","bone":"08","color":"ffffff00","attachment":"08"},{"name":"07-a","bone":"07","color":"ffffff00","attachment":"07"},{"name":"06-a","bone":"06","color":"ffffff00","attachment":"06"},{"name":"05-a","bone":"05","attachment":"05"},{"name":"04-a","bone":"04","color":"ffffff00","attachment":"04"},{"name":"03-a","bone":"03","color":"ffffff00","attachment":"03"},{"name":"02-a","bone":"02","color":"ffffff00","attachment":"02"},{"name":"01-a","bone":"01","color":"ffffff00","attachment":"01"},{"name":"18-a","bone":"18","attachment":"18"}],"skins":{"default":{"20":{"20":{"x":-6.89,"y":28.18,"scaleX":3,"scaleY":3,"width":239,"height":159}},"01-a":{"01":{"x":18.77,"y":2.74,"rotation":-39.04,"width":131,"height":134}},"02-a":{"02":{"x":12.3,"y":-1.1,"rotation":-159.69,"width":75,"height":99}},"03-a":{"03":{"x":8.04,"y":-0.92,"rotation":-65.08,"width":89,"height":93}},"04-a":{"04":{"x":16.89,"y":2.72,"rotation":-61.83,"width":155,"height":135}},"05-a":{"05":{"x":-1.35,"y":-1.07,"rotation":-175.5,"width":382,"height":201}},"06-a":{"06":{"x":97.78,"y":11.18,"rotation":-92.65,"width":68,"height":221}},"07-a":{"07":{"x":45.67,"y":8.63,"rotation":-75.32,"width":89,"height":115}},"08-a":{"08":{"x":101.47,"y":-6.57,"rotation":-145.85,"width":172,"height":134}},"09-a":{"09":{"x":3.45,"y":-6.53,"rotation":-46.39,"width":65,"height":65}},"10-a":{"10":{"x":50.42,"y":7.69,"rotation":-108.44,"width":74,"height":95}},"11-a":{"11":{"x":61.61,"y":9.34,"rotation":-67.02,"width":109,"height":123}},"12-a":{"12":{"x":27.93,"y":2.85,"rotation":-59.39,"width":40,"height":53}},"13-a":{"13":{"x":68.22,"y":3.8,"rotation":-154.79,"width":146,"height":142}},"14-a":{"14":{"x":38.55,"y":-3.43,"rotation":170.49,"width":76,"height":51}},"15-a":{"15":{"x":43.48,"y":-6.56,"rotation":-49.53,"width":75,"height":62}},"16-a":{"16":{"x":5.46,"y":2.41,"rotation":-74.59,"width":96,"height":108}},"17-a":{"17":{"x":80.98,"y":27.33,"rotation":94.5,"width":561,"height":309}},"18-a":{"18":{"x":13.79,"y":-3.31,"rotation":-76.71,"width":71,"height":54}}}},"animations":{"animation":{"slots":{"20":{"color":[{"time":0.2,"color":"ffffffff"}]},"01-a":{"color":[{"time":0.2667,"color":"ffffffff"}]},"02-a":{"color":[{"time":0.4,"color":"ffffffff"}]},"03-a":{"color":[{"time":0.5333,"color":"ffffffff"}]},"04-a":{"color":[{"time":0.4,"color":"ffffffff"}]},"06-a":{"color":[{"time":0.2,"color":"ffffffff"}]},"07-a":{"color":[{"time":0.5667,"color":"ffffffff"}]},"08-a":{"color":[{"time":0.3333,"color":"ffffffff"}]},"09-a":{"color":[{"time":0.4667,"color":"ffffffff"}]},"10-a":{"color":[{"time":0.5667,"color":"ffffffff"}]},"11-a":{"color":[{"time":0.4667,"color":"ffffffff"}]},"12-a":{"color":[{"time":0.9333,"color":"ffffffff"}]},"13-a":{"color":[{"time":0.7333,"color":"ffffffff"}]},"14-a":{"color":[{"time":0.8333,"color":"ffffffff"}]},"15-a":{"color":[{"time":0.6667,"color":"ffffffff"}]},"16-a":{"color":[{"time":0.4667,"color":"ffffffff"}]},"17-a":{"color":[{"time":0.2667,"color":"ffffffff"}]},"18-a":{"color":[{"time":0,"color":"ffffff00"},{"time":0.4667,"color":"ffffffff"}]}},"bones":{"10":{"scale":[{"time":0.4667,"x":0.42,"y":0.42},{"time":0.5667,"x":1.05,"y":1.05},{"time":0.6667,"x":0.97,"y":0.97},{"time":0.7667,"x":1.02,"y":1.02},{"time":0.8667,"x":0.99,"y":0.99},{"time":0.9667,"x":1.05,"y":1.05},{"time":1.0667,"x":1,"y":1}]},"11":{"rotate":[{"time":0.8,"angle":0},{"time":1.3333,"angle":0.98},{"time":2,"angle":0},{"time":3.1333,"angle":0.98},{"time":4.0333,"angle":0}],"scale":[{"time":0.4667,"x":0.42,"y":0.42},{"time":0.5667,"x":1.05,"y":1.05},{"time":0.6667,"x":0.97,"y":0.97},{"time":0.7667,"x":1.02,"y":1.02},{"time":0.8667,"x":0.99,"y":0.99},{"time":0.9667,"x":1.05,"y":1.05},{"time":1.0667,"x":1,"y":1}]},"12":{"scale":[{"time":0.9333,"x":0.42,"y":0.42},{"time":1,"x":1.05,"y":1.05},{"time":1.0667,"x":0.97,"y":0.97},{"time":1.1333,"x":1.02,"y":1.02},{"time":1.2,"x":0.99,"y":0.99},{"time":1.2667,"x":1.05,"y":1.05},{"time":1.3333,"x":1,"y":1}]},"13":{"rotate":[{"time":0.8333,"angle":0},{"time":1.3667,"angle":1.21},{"time":2,"angle":0},{"time":3.0333,"angle":1.21},{"time":4,"angle":0}],"scale":[{"time":0.7333,"x":0.42,"y":0.42},{"time":0.8333,"x":1.05,"y":1.05},{"time":0.9333,"x":0.97,"y":0.97},{"time":1.0333,"x":1.02,"y":1.02},{"time":1.1333,"x":0.99,"y":0.99},{"time":1.2333,"x":1.05,"y":1.05},{"time":1.3333,"x":1,"y":1}]},"14":{"scale":[{"time":0.8333,"x":0.42,"y":0.42},{"time":0.9,"x":1.05,"y":1.05},{"time":0.9667,"x":0.97,"y":0.97},{"time":1.0333,"x":1.02,"y":1.02},{"time":1.1,"x":0.99,"y":0.99},{"time":1.1667,"x":1.05,"y":1.05},{"time":1.2333,"x":1,"y":1}]},"15":{"scale":[{"time":0.6667,"x":0.42,"y":0.42},{"time":0.7667,"x":1.05,"y":1.05},{"time":0.8667,"x":0.97,"y":0.97},{"time":0.9667,"x":1.02,"y":1.02},{"time":1.0667,"x":0.99,"y":0.99},{"time":1.1667,"x":1.05,"y":1.05},{"time":1.2667,"x":1,"y":1}]},"16":{"scale":[{"time":0.4667,"x":0.42,"y":0.42},{"time":0.5667,"x":1.05,"y":1.05},{"time":0.6667,"x":0.97,"y":0.97},{"time":0.7667,"x":1.02,"y":1.02},{"time":0.8667,"x":0.99,"y":0.99},{"time":0.9667,"x":1.05,"y":1.05},{"time":1.0667,"x":1,"y":1}]},"17":{"scale":[{"time":0.1667,"x":0,"y":0},{"time":0.2667,"x":1.05,"y":1.05},{"time":0.3667,"x":0.98,"y":0.98},{"time":0.4667,"x":1.02,"y":1.02},{"time":0.5667,"x":0.99,"y":0.99},{"time":0.6667,"x":1.05,"y":1.05},{"time":0.7667,"x":1,"y":1}]},"18":{"rotate":[{"time":0,"angle":21.82},{"time":0.3,"angle":43.55},{"time":0.8333,"angle":19.13}],"translate":[{"time":0,"x":-132.64,"y":11.64},{"time":0.3,"x":-26.25,"y":40.74},{"time":0.8333,"x":16.02,"y":9.25},{"time":1.0667,"x":13.47,"y":7.68},{"time":1.8333,"x":14.84,"y":11.02},{"time":3,"x":11.94,"y":6.32},{"time":4,"x":16.91,"y":13.46}],"scale":[{"time":0,"x":0.5,"y":1},{"time":0.0333,"x":1,"y":1},{"time":0.1,"x":0.5,"y":1},{"time":0.1333,"x":1,"y":1},{"time":0.2,"x":0.5,"y":1},{"time":0.2333,"x":1,"y":1,"curve":"stepped"},{"time":0.3,"x":1,"y":1},{"time":0.3333,"x":0.5,"y":1},{"time":0.4,"x":1,"y":1},{"time":0.4333,"x":0.5,"y":1},{"time":0.5,"x":1,"y":1,"curve":"stepped"},{"time":0.5333,"x":1,"y":1},{"time":0.6,"x":0.5,"y":1},{"time":0.6333,"x":1,"y":1},{"time":0.7,"x":0.5,"y":1},{"time":0.7333,"x":1,"y":1,"curve":"stepped"},{"time":0.8,"x":1,"y":1},{"time":0.8333,"x":0.5,"y":1},{"time":0.9,"x":1,"y":1},{"time":0.9333,"x":0.5,"y":1},{"time":1,"x":1,"y":1,"curve":"stepped"},{"time":1.0333,"x":1,"y":1},{"time":1.1,"x":0.5,"y":1},{"time":1.1333,"x":1,"y":1},{"time":1.2,"x":0.5,"y":1},{"time":1.2333,"x":1,"y":1},{"time":1.3,"x":0.5,"y":1},{"time":1.3333,"x":1,"y":1},{"time":1.5,"x":0.5,"y":1},{"time":1.5333,"x":1,"y":1,"curve":"stepped"},{"time":1.6,"x":1,"y":1},{"time":1.7333,"x":0.5,"y":1},{"time":1.8,"x":1,"y":1},{"time":1.8333,"x":0.5,"y":1},{"time":2,"x":1,"y":1,"curve":"stepped"},{"time":2.0333,"x":1,"y":1},{"time":2.1,"x":0.5,"y":1},{"time":2.2333,"x":1,"y":1},{"time":2.2667,"x":0.5,"y":1},{"time":2.3333,"x":1,"y":1},{"time":2.4333,"x":0.5,"y":1},{"time":2.5,"x":1,"y":1,"curve":"stepped"},{"time":2.6333,"x":1,"y":1},{"time":2.7,"x":0.5,"y":1},{"time":2.8,"x":1,"y":1},{"time":2.8667,"x":0.5,"y":1},{"time":3,"x":1,"y":1},{"time":3.1,"x":0.5,"y":1},{"time":3.1333,"x":1,"y":1},{"time":3.2333,"x":0.5,"y":1},{"time":3.3333,"x":1,"y":1,"curve":"stepped"},{"time":3.4333,"x":1,"y":1},{"time":3.5,"x":0.5,"y":1},{"time":3.6,"x":1,"y":1},{"time":3.6333,"x":0.5,"y":1},{"time":3.7333,"x":1,"y":1,"curve":"stepped"},{"time":3.8333,"x":1,"y":1},{"time":4,"x":0.5,"y":1}]},"05":{"scale":[{"time":0,"x":0,"y":0,"curve":"stepped"},{"time":0.1,"x":0,"y":0},{"time":0.2,"x":1.5,"y":1.5},{"time":0.3,"x":0.95,"y":0.95},{"time":0.4,"x":1.05,"y":1.05},{"time":0.5,"x":0.98,"y":0.98},{"time":0.6,"x":1.02,"y":1.02},{"time":0.7,"x":0.99,"y":0.99},{"time":0.8,"x":1.01,"y":1.01},{"time":0.9,"x":1,"y":1}]},"06":{"rotate":[{"time":0.4,"angle":0},{"time":1.1,"angle":1.35},{"time":2,"angle":0},{"time":3,"angle":1.35},{"time":4,"angle":0}],"scale":[{"time":0.2,"x":0.42,"y":0.42},{"time":0.3,"x":1.05,"y":1.05},{"time":0.4,"x":0.97,"y":0.97},{"time":0.5,"x":1.02,"y":1.02},{"time":0.6,"x":0.99,"y":0.99},{"time":0.7,"x":1.05,"y":1.05},{"time":0.8,"x":1,"y":1}]},"01":{"scale":[{"time":0.2667,"x":0.42,"y":0.42},{"time":0.3667,"x":1.1,"y":1.1},{"time":0.4667,"x":0.95,"y":0.95},{"time":0.5667,"x":1.05,"y":1.05},{"time":0.6667,"x":0.98,"y":0.98},{"time":0.7667,"x":1.02,"y":1.02},{"time":0.8667,"x":1,"y":1}]},"08":{"rotate":[{"time":0.5,"angle":0},{"time":1.1333,"angle":2.15},{"time":1.8333,"angle":0},{"time":3,"angle":2.15},{"time":4,"angle":0}],"scale":[{"time":0.3333,"x":0.42,"y":0.42},{"time":0.4333,"x":1.05,"y":1.05},{"time":0.5333,"x":0.97,"y":0.97},{"time":0.6333,"x":1.02,"y":1.02},{"time":0.7333,"x":0.99,"y":0.99},{"time":0.8333,"x":1.05,"y":1.05},{"time":0.9333,"x":1,"y":1}]},"02":{"scale":[{"time":0.4,"x":0.42,"y":0.42},{"time":0.5,"x":1.05,"y":1.05},{"time":0.6,"x":0.97,"y":0.97},{"time":0.7,"x":1.02,"y":1.02},{"time":0.8,"x":0.99,"y":0.99},{"time":0.9,"x":1.05,"y":1.05},{"time":1,"x":1,"y":1}]},"04":{"scale":[{"time":0.4,"x":0.42,"y":0.42},{"time":0.5,"x":1.05,"y":1.05},{"time":0.6,"x":0.97,"y":0.97},{"time":0.7,"x":1.02,"y":1.02},{"time":0.8,"x":0.99,"y":0.99},{"time":0.9,"x":1.05,"y":1.05},{"time":1,"x":1,"y":1}]},"07":{"rotate":[{"time":0.5667,"angle":0},{"time":1.0667,"angle":1.68},{"time":2.0333,"angle":0},{"time":3.1667,"angle":1.68},{"time":3.9667,"angle":0}],"scale":[{"time":0.5667,"x":0.42,"y":0.42},{"time":0.6667,"x":1.05,"y":1.05},{"time":0.7667,"x":0.97,"y":0.97},{"time":0.8667,"x":1.02,"y":1.02},{"time":0.9667,"x":0.99,"y":0.99},{"time":1.0667,"x":1.05,"y":1.05},{"time":1.1667,"x":1,"y":1}]},"03":{"scale":[{"time":0.5333,"x":0.42,"y":0.42},{"time":0.6667,"x":1.05,"y":1.05},{"time":0.7667,"x":0.97,"y":0.97},{"time":0.8667,"x":1.02,"y":1.02},{"time":0.9667,"x":0.99,"y":0.99},{"time":1.0667,"x":1.05,"y":1.05},{"time":1.1667,"x":1,"y":1}]},"09":{"scale":[{"time":0.4667,"x":0.42,"y":0.42},{"time":0.5667,"x":1.05,"y":1.05},{"time":0.6667,"x":0.97,"y":0.97},{"time":0.7667,"x":1.02,"y":1.02},{"time":0.8667,"x":0.99,"y":0.99},{"time":0.9667,"x":1.05,"y":1.05},{"time":1.0667,"x":1,"y":1}]}}}}}