{"skeleton":{"hash":"trxA0RPUOghY7JJ35Ik50pybvaE","spine":"3.7.92","width":192.76,"height":238.01,"images":"","audio":""},"bones":[{"name":"root"},{"name":"bone","parent":"root","x":39.26,"y":83.18,"scaleX":2.7,"scaleY":2.7}],"slots":[{"name":"zhadan1","bone":"root","attachment":"zhadan1"},{"name":"huoxing_00000","bone":"bone","attachment":"huoxing_00006"}],"skins":{"default":{"huoxing_00000":{"huoxing_00000":{"x":0.5,"y":0.5,"width":55,"height":55},"huoxing_00001":{"x":0.5,"y":0.5,"width":55,"height":55},"huoxing_00002":{"x":0.5,"y":0.5,"width":55,"height":55},"huoxing_00003":{"x":0.5,"y":0.5,"width":55,"height":55},"huoxing_00004":{"x":0.5,"y":0.5,"width":55,"height":55},"huoxing_00005":{"x":0.5,"y":0.5,"width":55,"height":55},"huoxing_00006":{"x":0.5,"y":0.5,"width":55,"height":55}},"zhadan1":{"zhadan1":{"x":9.61,"y":11.26,"width":175,"height":181}}}},"animations":{"animation":{"slots":{"huoxing_00000":{"attachment":[{"time":0,"name":"huoxing_00000"},{"time":0.0333,"name":"huoxing_00001"},{"time":0.0667,"name":"huoxing_00002"},{"time":0.1,"name":"huoxing_00003"},{"time":0.1333,"name":"huoxing_00004"},{"time":0.1667,"name":"huoxing_00005"},{"time":0.2,"name":"huoxing_00006"}]}},"bones":{"bone":{"translate":[{"time":0.2333,"x":0,"y":0}]}}}}}