{"skeleton":{"hash":"2Equr1xJ4aNCKXYS8FwzV9H+DA4","spine":"3.7.92","width":173,"height":202.49,"images":"","audio":"E:/工作盘/打大A项目(可spine)/加倍场头像框特效20201015/images"},"bones":[{"name":"root"},{"name":"touxiang","parent":"root"},{"name":"xian","parent":"touxiang","length":10.16,"rotation":84.29,"x":15.3,"y":-52.3},{"name":"xian2","parent":"xian","length":11.5,"rotation":81.95,"x":10.25,"y":1.24},{"name":"xian4","parent":"xian2","length":12.14,"rotation":39.36,"x":11.51,"y":0.94},{"name":"xian5","parent":"xian4","length":6.39,"rotation":-23.56,"x":12.65,"y":0.01},{"name":"d1","parent":"touxiang","length":12.13,"rotation":-156.04,"x":-43.32,"y":32.2},{"name":"d2","parent":"d1","length":13.25,"rotation":-22.63,"x":12.13},{"name":"d5","parent":"touxiang","length":13.23,"rotation":-24.78,"x":43.85,"y":31.89},{"name":"d6","parent":"d5","length":10.16,"rotation":24.78,"x":13.23},{"name":"caidai","parent":"touxiang","x":0.09,"y":-101.6},{"name":"G5","parent":"caidai","length":4.76,"rotation":82.87,"x":-29.04,"y":28.05},{"name":"G3","parent":"caidai","length":4.66,"rotation":124.7,"x":-40.84,"y":42.5},{"name":"G2","parent":"caidai","length":6.47,"rotation":43.15,"x":-62.96,"y":52.83},{"name":"G4","parent":"caidai","length":5.32,"rotation":56.31,"x":-45.85,"y":60.79},{"name":"G1","parent":"caidai","length":8.02,"rotation":53.97,"x":-68.57,"y":88.23},{"name":"h1","parent":"caidai","length":19,"rotation":166.81,"x":-23.28,"y":44.62},{"name":"h2","parent":"h1","length":13.59,"rotation":14.41,"x":19},{"name":"h3","parent":"h2","length":15.28,"rotation":14.13,"x":13.59},{"name":"h4","parent":"caidai","length":13.18,"rotation":176.7,"x":-24.47,"y":37.02},{"name":"h5","parent":"h4","length":14.98,"rotation":18.98,"x":13.18},{"name":"h6","parent":"caidai","length":11.89,"rotation":-178.78,"x":-17.63,"y":30.69},{"name":"h7","parent":"h6","length":9.87,"rotation":21.4,"x":11.89},{"name":"shengli","parent":"touxiang","x":1.35,"y":60.22},{"name":"caidai2","parent":"touxiang","x":0.09,"y":-101.6,"scaleX":-1},{"name":"G6","parent":"caidai2","length":4.76,"rotation":82.87,"x":-29.04,"y":28.05},{"name":"G7","parent":"caidai2","length":4.66,"rotation":124.7,"x":-40.84,"y":42.5},{"name":"G8","parent":"caidai2","length":6.47,"rotation":43.15,"x":-62.96,"y":52.83},{"name":"G9","parent":"caidai2","length":5.32,"rotation":56.31,"x":-45.85,"y":60.79},{"name":"G10","parent":"caidai2","length":8.02,"rotation":53.97,"x":-68.57,"y":88.23},{"name":"h8","parent":"caidai2","length":19,"rotation":166.81,"x":-23.28,"y":44.62},{"name":"h9","parent":"h8","length":13.59,"rotation":14.41,"x":19},{"name":"h10","parent":"h9","length":15.28,"rotation":14.13,"x":13.59},{"name":"h11","parent":"caidai2","length":13.18,"rotation":176.7,"x":-24.47,"y":37.02},{"name":"h12","parent":"h11","length":14.98,"rotation":18.98,"x":13.18},{"name":"h13","parent":"caidai2","length":11.89,"rotation":-178.78,"x":-17.63,"y":30.69},{"name":"h14","parent":"h13","length":9.87,"rotation":21.4,"x":11.89},{"name":"PL","parent":"touxiang","length":6.58,"rotation":80.05,"x":44.39,"y":100.16,"color":"f3ff00ff"},{"name":"PZ","parent":"touxiang","length":7.3,"rotation":128.05,"x":-74.2,"y":92.11,"color":"f3ff00ff"},{"name":"PH","parent":"touxiang","length":7.38,"rotation":311,"x":-44.16,"y":78.43,"color":"f3ff00ff"},{"name":"PZ2","parent":"touxiang","length":7.3,"rotation":398.35,"x":-6.41,"y":96.33,"color":"f3ff00ff"},{"name":"huoxing","parent":"xian5","x":6.46,"y":-0.15,"transform":"noRotationOrReflection"},{"name":"XG","parent":"touxiang","x":-16.1,"y":79.85,"scaleX":0.6,"scaleY":0.6},{"name":"XG2","parent":"touxiang","x":-2.67,"y":46.57,"scaleX":0.6,"scaleY":0.6},{"name":"XG3","parent":"touxiang","x":19.89,"y":68.65,"scaleX":0.6,"scaleY":0.6},{"name":"LG","parent":"touxiang","x":-53.84,"y":-1.57,"scaleX":2,"scaleY":2},{"name":"LG2","parent":"touxiang","x":55.6,"y":-1.57,"scaleX":-2,"scaleY":2}],"slots":[{"name":"qq","bone":"touxiang","attachment":"qq"},{"name":"liuguang_00001","bone":"LG","attachment":"liuguang_00013","blend":"additive"},{"name":"liuguang_1","bone":"LG2","attachment":"liuguang_00013","blend":"additive"},{"name":"d5","bone":"d5","attachment":"d5"},{"name":"d4","bone":"touxiang","attachment":"d4"},{"name":"d3","bone":"touxiang","attachment":"d3"},{"name":"d2","bone":"touxiang","attachment":"d2"},{"name":"d1","bone":"d1","attachment":"d1"},{"name":"h3","bone":"h6","attachment":"h3"},{"name":"h6","bone":"h13","attachment":"h3"},{"name":"h2","bone":"h4","attachment":"h2"},{"name":"h5","bone":"h11","attachment":"h2"},{"name":"h1","bone":"h1","attachment":"h1"},{"name":"h4","bone":"h8","attachment":"h1"},{"name":"G5","bone":"G5","attachment":"G5"},{"name":"G6","bone":"G6","attachment":"G5"},{"name":"baozha","bone":"touxiang","attachment":"baozha"},{"name":"G4","bone":"G4","attachment":"G4"},{"name":"G9","bone":"G9","attachment":"G4"},{"name":"G3","bone":"G3","attachment":"G3"},{"name":"G7","bone":"G7","attachment":"G3"},{"name":"G2","bone":"G2","attachment":"G2"},{"name":"G8","bone":"G8","attachment":"G2"},{"name":"G1","bone":"G1","attachment":"G1"},{"name":"G10","bone":"G10","attachment":"G1"},{"name":"sl","bone":"touxiang","attachment":"sl"},{"name":"PL","bone":"PL","attachment":"PL"},{"name":"PH","bone":"PH","attachment":"PH"},{"name":"PZ","bone":"PZ","attachment":"PZ"},{"name":"PZ2","bone":"PZ2","attachment":"PZ"},{"name":"zhadan","bone":"touxiang","attachment":"zhadan"},{"name":"xian","bone":"xian4","attachment":"xian"},{"name":"sheng_00002","bone":"shengli","color":"ffffffa3","attachment":"sheng_00012","blend":"additive"},{"name":"huoxing_00000","bone":"huoxing","attachment":"huoxing_00011"},{"name":"230310wn64b6sf6xjsu4x8","bone":"XG","attachment":"230310wn64b6sf6xjsu4x8","blend":"additive"},{"name":"230310wn64b6sf6xjsu4x9","bone":"XG2","attachment":"230310wn64b6sf6xjsu4x8","blend":"additive"},{"name":"230310wn64b6sf6xjsu4x10","bone":"XG3","attachment":"230310wn64b6sf6xjsu4x8","blend":"additive"}],"skins":{"default":{"230310wn64b6sf6xjsu4x10":{"230310wn64b6sf6xjsu4x8":{"width":64,"height":64}},"230310wn64b6sf6xjsu4x8":{"230310wn64b6sf6xjsu4x8":{"width":64,"height":64}},"230310wn64b6sf6xjsu4x9":{"230310wn64b6sf6xjsu4x8":{"width":64,"height":64}},"G1":{"G1":{"x":-1.61,"y":0.34,"rotation":-53.97,"width":24,"height":19}},"G10":{"G1":{"x":-1.61,"y":0.34,"rotation":-53.97,"width":24,"height":19}},"G2":{"G2":{"x":-0.02,"y":-0.27,"rotation":-43.15,"width":24,"height":26}},"G3":{"G3":{"x":0.48,"y":-0.39,"rotation":-124.7,"width":20,"height":15}},"G4":{"G4":{"x":1.28,"y":-0.42,"rotation":-56.31,"width":16,"height":10}},"G5":{"G5":{"x":0.04,"y":0.26,"rotation":-82.87,"width":17,"height":11}},"G6":{"G5":{"x":0.04,"y":0.26,"rotation":-82.87,"width":17,"height":11}},"G7":{"G3":{"x":0.48,"y":-0.39,"rotation":-124.7,"width":20,"height":15}},"G8":{"G2":{"x":-0.02,"y":-0.27,"rotation":-43.15,"width":24,"height":26}},"G9":{"G4":{"x":1.28,"y":-0.42,"rotation":-56.31,"width":16,"height":10}},"PH":{"PH":{"x":1.05,"y":0.09,"rotation":-151.7,"width":15,"height":15}},"PL":{"PL":{"x":1.11,"y":0.76,"rotation":-171.25,"width":18,"height":13}},"PZ":{"PZ":{"x":0.61,"y":0.11,"rotation":-128.05,"width":11,"height":13}},"PZ2":{"PZ":{"x":0.61,"y":0.11,"rotation":-128.05,"width":11,"height":13}},"baozha":{"baozha":{"x":1.3,"y":-54.97,"width":84,"height":42}},"d1":{"d1":{"type":"mesh","uvs":[1,0.34391,0.88255,0.56957,0.79414,0.73943,0.49858,1,0,1,0.13895,0.09671,0.43219,0.20285,0.64791,0.23081,0.82561,0.19971,1,0],"triangles":[3,4,6,4,5,6,6,2,3,2,6,7,2,7,1,7,8,1,1,8,0,8,9,0],"vertices":[1,6,-4.72,0.75,1,1,6,1.44,4.19,1,2,6,6.07,6.78,0.78203,7,-8.2,3.93,0.21797,2,6,18.44,8.41,0.55005,7,2.59,10.19,0.44995,2,6,34.84,1.12,0.02032,7,20.53,9.77,0.97968,2,6,21.1,-17.48,0.08069,7,15,-12.69,0.91931,2,6,12.53,-10.77,0.45351,7,4.51,-9.79,0.54649,2,6,5.72,-6.98,0.7629,7,-3.24,-8.91,0.2371,1,6,-0.44,-5.09,1,2,6,-8.21,-7.1,0.99946,7,-16.04,-14.38,0.00054],"hull":10,"edges":[6,8,14,12,12,10,10,8,6,4,0,18,14,16,16,18,12,6,14,4,0,2,2,4,16,2],"width":36,"height":25}},"d2":{"d2":{"x":1.3,"y":59.53,"width":74,"height":41}},"d3":{"d3":{"x":-38.2,"y":51.53,"width":41,"height":23}},"d4":{"d4":{"x":39.3,"y":51.53,"width":42,"height":23}},"d5":{"d5":{"type":"mesh","uvs":[0.26527,0.21561,0.39094,0.24005,0.50827,0.26286,0.68379,0.19898,0.87916,0.12786,1,1,0.747,1,0.47416,1,0.26101,0.82986,0.14366,0.55978,0,0.22911,0,0,0.10753,0],"triangles":[10,11,12,10,12,0,9,10,0,8,1,2,1,9,0,1,8,9,7,8,2,7,2,6,5,6,3,4,5,3,2,3,6],"vertices":[1,8,2.04,6.4,1,2,9,-2.71,9.91,0.248,8,6.62,7.87,0.752,2,9,1.75,9.37,0.27163,8,10.9,9.24,0.72837,2,9,8.42,10.9,0.87139,8,16.31,13.43,0.12861,2,9,15.85,12.61,0.98133,8,22.33,18.09,0.01867,1,9,20.44,-8.32,1,2,9,10.83,-8.32,0.79883,8,26.55,-3.02,0.20117,2,9,0.46,-8.32,0.30116,8,17.13,-7.37,0.69884,2,9,-7.64,-4.24,0.22518,8,8.07,-7.05,0.77482,2,9,-12.1,2.24,0.00724,8,1.3,-3.04,0.99276,1,8,-6.98,1.88,1,1,8,-9.28,6.87,1,2,9,-13.47,15.68,0.00307,8,-5.57,8.59,0.99693],"hull":13,"edges":[20,22,16,14,10,12,12,14,22,24,24,0,8,10,4,14,16,18,18,20,0,18,0,2,2,4,16,2,4,6,6,8,12,6],"width":38,"height":24}},"h1":{"h1":{"type":"mesh","uvs":[1,0.17978,1,0.40142,1,0.82492,0.73676,0.76442,0.50043,0.83096,0.20366,1,0,0.25882,0,0.14646,0.31326,0,0.61576,0,0.43231,0.37982,0.09468,0.58724,0.68212,0.32364],"triangles":[6,7,8,6,8,10,11,6,10,11,10,4,5,11,4,6,11,5,4,10,3,10,8,9,12,9,0,12,0,1,3,12,1,10,12,3,3,1,2,10,9,12],"vertices":[1,16,0.82,-10.04,1,1,16,-0.59,-4,1,1,16,-3.3,7.55,1,3,16,12.98,9.62,0.69466,17,-3.44,10.82,0.30532,18,-13.87,14.64,0.00002,3,16,26.82,14.78,0.03401,17,11.25,12.37,0.60453,18,0.76,12.56,0.36146,2,17,29.75,16.71,0.01505,18,19.75,12.26,0.98495,1,18,26.44,-11.1,1,1,18,25.6,-14.13,1,2,17,22.36,-11.14,0.56623,18,5.79,-12.95,0.43377,3,16,25.17,-9.51,0.68349,17,3.61,-10.74,0.31571,18,-12.3,-7.98,0.0008,2,17,15.21,-0.35,0.576,18,1.49,-0.74,0.424,1,18,23.21,-0.68,1,2,16,19.09,-1.62,0.65876,17,-0.31,-1.6,0.34124],"hull":10,"edges":[8,10,8,6,6,4,8,20,20,16,16,14,20,22,22,10,12,14,22,12,20,24,24,6,16,18,24,18,4,2,24,2,2,0,18,0,10,12],"width":62,"height":28}},"h2":{"h2":{"type":"mesh","uvs":[1,0.75643,0.7934,0.66817,0.61131,0.68709,0.40898,0.86361,0.19992,1,0,0.37817,0.17294,0,0.43596,0,0.73945,0,1,0],"triangles":[4,5,3,6,3,5,7,3,6,2,3,7,1,9,0,2,8,1,2,7,8,1,8,9],"vertices":[1,19,-7.11,7.4,1,2,19,1.87,5.88,0.94828,20,-8.78,9.24,0.05172,2,19,9.67,6.77,0.60219,20,-1.12,7.54,0.39781,2,19,18.12,11.32,0.23294,20,8.35,9.1,0.76706,2,19,26.91,14.97,0.03322,20,17.86,9.69,0.96678,2,19,36.32,1.19,0.00014,20,22.27,-6.41,0.99986,2,19,29.4,-7.93,0.20016,20,12.76,-12.77,0.79984,2,19,18.1,-8.58,0.69563,20,1.87,-9.71,0.30437,2,19,5.08,-9.33,0.8436,20,-10.7,-6.19,0.1564,2,19,-6.11,-9.97,0.99767,20,-21.48,-3.16,0.00233],"hull":10,"edges":[4,14,4,6,6,8,4,2,0,18,2,0,12,14,6,12,10,12,14,16,16,18,2,16,8,10],"width":43,"height":23}},"h3":{"h3":{"type":"mesh","uvs":[0.86326,0.65149,0.53095,0.79189,0.22911,1,0,0.24649,0.37865,0,0.82449,0],"triangles":[3,4,1,2,3,1,0,1,4,0,4,5],"vertices":[2,21,-4.38,6.19,0.99669,22,-12.89,11.7,0.00331,2,21,8.64,8.73,0.51732,22,0.15,9.31,0.48268,2,21,20.5,12.64,0.00125,22,12.62,8.63,0.99875,1,22,15.07,-8.72,1,2,21,14.24,-7.24,0.4696,22,-0.46,-7.59,0.5304,2,21,-3.14,-6.87,0.99991,22,-16.51,-0.9,0.00009],"hull":6,"edges":[2,4,2,0,0,10,8,10,2,8,8,6,6,4],"width":39,"height":20}},"h4":{"h1":{"type":"mesh","uvs":[1,0.17978,1,0.40142,1,0.82492,0.73676,0.76442,0.50043,0.83096,0.20366,1,0,0.25882,0,0.14646,0.31326,0,0.61576,0,0.43231,0.37982,0.09468,0.58724,0.68212,0.32364],"triangles":[6,7,8,6,8,10,11,6,10,11,10,4,5,11,4,6,11,5,4,10,3,10,8,9,12,9,0,12,0,1,3,12,1,10,12,3,3,1,2,10,9,12],"vertices":[1,30,0.82,-10.04,1,1,30,-0.59,-4,1,1,30,-3.3,7.55,1,3,30,12.98,9.62,0.69466,31,-3.44,10.82,0.30532,32,-13.87,14.64,0.00002,3,30,26.82,14.78,0.03401,31,11.25,12.37,0.60453,32,0.76,12.56,0.36146,2,31,29.75,16.71,0.01505,32,19.75,12.26,0.98495,1,32,26.44,-11.1,1,1,32,25.6,-14.13,1,2,31,22.36,-11.14,0.56623,32,5.79,-12.95,0.43377,3,30,25.17,-9.51,0.68349,31,3.61,-10.74,0.31571,32,-12.3,-7.98,0.0008,2,31,15.21,-0.35,0.576,32,1.49,-0.74,0.424,1,32,23.21,-0.68,1,2,30,19.09,-1.62,0.65876,31,-0.31,-1.6,0.34124],"hull":10,"edges":[8,10,8,6,6,4,8,20,20,16,16,14,20,22,22,10,12,14,22,12,20,24,24,6,16,18,24,18,4,2,24,2,2,0,18,0,10,12],"width":62,"height":28}},"h5":{"h2":{"type":"mesh","uvs":[1,0.75643,0.7934,0.66817,0.61131,0.68709,0.40898,0.86361,0.19992,1,0,0.37817,0.17294,0,0.43596,0,0.73945,0,1,0],"triangles":[4,5,3,6,3,5,7,3,6,2,3,7,1,9,0,2,8,1,2,7,8,1,8,9],"vertices":[1,33,-7.11,7.4,1,2,33,1.87,5.88,0.94828,34,-8.78,9.24,0.05172,2,33,9.67,6.77,0.60219,34,-1.12,7.54,0.39781,2,33,18.12,11.32,0.23294,34,8.35,9.1,0.76706,2,33,26.91,14.97,0.03322,34,17.86,9.69,0.96678,2,33,36.32,1.19,0.00014,34,22.27,-6.41,0.99986,2,33,29.4,-7.93,0.20016,34,12.76,-12.77,0.79984,2,33,18.1,-8.58,0.69563,34,1.87,-9.71,0.30437,2,33,5.08,-9.33,0.8436,34,-10.7,-6.19,0.1564,2,33,-6.11,-9.97,0.99767,34,-21.48,-3.16,0.00233],"hull":10,"edges":[4,14,4,6,6,8,4,2,0,18,2,0,12,14,6,12,10,12,14,16,16,18,2,16,8,10],"width":43,"height":23}},"h6":{"h3":{"type":"mesh","uvs":[0.86326,0.65149,0.53095,0.79189,0.22911,1,0,0.24649,0.37865,0,0.82449,0],"triangles":[3,4,1,2,3,1,0,1,4,0,4,5],"vertices":[2,35,-4.38,6.19,0.99669,36,-12.89,11.7,0.00331,2,35,8.64,8.73,0.51732,36,0.15,9.31,0.48268,2,35,20.5,12.64,0.00125,36,12.62,8.63,0.99875,1,36,15.07,-8.72,1,2,35,14.24,-7.24,0.4696,36,-0.46,-7.59,0.5304,2,35,-3.14,-6.87,0.99991,36,-16.51,-0.9,0.00009],"hull":6,"edges":[2,4,2,0,0,10,8,10,2,8,8,6,6,4],"width":39,"height":20}},"huoxing_00000":{"huoxing_00000":{"width":64,"height":64},"huoxing_00001":{"width":64,"height":64},"huoxing_00002":{"width":64,"height":64},"huoxing_00003":{"width":64,"height":64},"huoxing_00004":{"width":64,"height":64},"huoxing_00005":{"width":64,"height":64},"huoxing_00006":{"width":64,"height":64},"huoxing_00007":{"width":64,"height":64},"huoxing_00008":{"width":64,"height":64},"huoxing_00009":{"width":64,"height":64},"huoxing_00010":{"width":64,"height":64},"huoxing_00011":{"width":64,"height":64}},"liuguang_00001":{"liuguang_00001":{"y":0.5,"width":30,"height":55},"liuguang_00003":{"y":0.5,"width":30,"height":55},"liuguang_00005":{"y":0.5,"width":30,"height":55},"liuguang_00007":{"y":0.5,"width":30,"height":55},"liuguang_00009":{"y":0.5,"width":30,"height":55},"liuguang_00011":{"y":0.5,"width":30,"height":55},"liuguang_00013":{"y":0.5,"width":30,"height":55},"liuguang_00015":{"y":0.5,"width":30,"height":55},"liuguang_00017":{"y":0.5,"width":30,"height":55},"liuguang_00019":{"y":0.5,"width":30,"height":55},"liuguang_00021":{"y":0.5,"width":30,"height":55},"liuguang_00023":{"y":0.5,"width":30,"height":55},"liuguang_00025":{"y":0.5,"width":30,"height":55}},"liuguang_1":{"liuguang_00001":{"y":0.5,"width":30,"height":55},"liuguang_00003":{"y":0.5,"width":30,"height":55},"liuguang_00005":{"y":0.5,"width":30,"height":55},"liuguang_00007":{"y":0.5,"width":30,"height":55},"liuguang_00009":{"y":0.5,"width":30,"height":55},"liuguang_00011":{"y":0.5,"width":30,"height":55},"liuguang_00013":{"y":0.5,"width":30,"height":55},"liuguang_00015":{"y":0.5,"width":30,"height":55},"liuguang_00017":{"y":0.5,"width":30,"height":55},"liuguang_00019":{"y":0.5,"width":30,"height":55},"liuguang_00021":{"y":0.5,"width":30,"height":55},"liuguang_00023":{"y":0.5,"width":30,"height":55},"liuguang_00025":{"y":0.5,"width":30,"height":55}},"qq":{"qq":{"x":0.8,"y":-3.66,"width":173,"height":167}},"sheng_00002":{"sheng_00002":{"width":60,"height":60},"sheng_00004":{"width":60,"height":60},"sheng_00006":{"width":60,"height":60},"sheng_00008":{"width":60,"height":60},"sheng_00010":{"width":60,"height":60},"sheng_00012":{"width":60,"height":60},"sheng_00014":{"width":60,"height":60},"sheng_00016":{"width":60,"height":60},"sheng_00018":{"width":60,"height":60},"sheng_00020":{"width":60,"height":60},"sheng_00022":{"width":60,"height":60},"sheng_00024":{"width":60,"height":60},"sheng_00026":{"width":60,"height":60},"sheng_00028":{"width":60,"height":60}},"sl":{"sl":{"x":1.8,"y":59.53,"width":45,"height":43}},"xian":{"xian":{"type":"mesh","uvs":[0.21475,0.56196,0.33421,0.4722,0.50357,0.34566,0.7039,0.28582,0.93695,0.4581,0.95687,0.7298,0.92476,1,0.83155,1,0.7402,0.9105,0.78939,0.7337,0.76479,0.6245,0.68,0.52246,0.56238,0.56326,0.42059,0.68708,0.246,0.78772,0.11735,0.8122,0,0.717,0.12286,0.581],"triangles":[10,11,4,5,6,8,6,7,8,5,8,9,9,10,5,10,4,5,1,2,12,12,2,11,11,3,4,11,2,3,14,0,13,0,1,13,13,1,12,17,0,14,14,15,17,15,16,17],"vertices":[2,5,-0.05,-2.6,0.24342,4,11.56,-2.36,0.75658,2,4,6.61,-2.47,0.864,3,18.18,3.22,0.136,2,4,-0.41,-2.62,0.2172,3,12.85,-1.34,0.7828,2,3,6,-4.56,0.88,2,15.6,6.55,0.12,2,3,-3.4,-2.43,0.1228,2,12.18,-2.46,0.8772,1,2,5.49,-3.87,1,1,2,-1.35,-3.36,1,1,2,-1.69,0.07,1,1,2,0.2,3.66,1,1,2,4.78,2.28,1,2,3,1.8,3.13,0.328,2,7.4,3.46,0.672,3,4,-4.39,4.19,0.00585,3,5.46,1.4,0.8179,2,9.63,6.84,0.17625,2,4,-0.02,3.23,0.31662,3,9.44,3.42,0.68338,2,4,6.05,3.75,0.744,3,13.8,7.68,0.256,2,5,-1,3.08,0.27343,4,12.96,3.23,0.72657,2,5,3.78,3.52,0.848,4,17.52,1.73,0.152,1,5,8.03,0.99,1,2,5,3.37,-2.25,0.92648,4,14.83,-3.4,0.07352],"hull":18,"edges":[8,20,20,18,18,16,16,14,18,10,10,8,12,14,10,12,22,20,22,24,24,4,4,6,6,8,22,6,2,4,24,26,26,28,26,2,2,0,0,28,28,30,30,32,30,34,34,0,34,32],"width":37,"height":25}},"zhadan":{"zhadan":{"x":0.8,"y":-61.97,"width":49,"height":60}}}},"animations":{"animation":{"slots":{"230310wn64b6sf6xjsu4x8":{"color":[{"time":0,"color":"ffffff00","curve":"stepped"},{"time":0.3333,"color":"ffffff00"},{"time":0.4667,"color":"ffffffff","curve":"stepped"},{"time":0.8667,"color":"ffffffff"},{"time":1,"color":"ffffff00","curve":"stepped"},{"time":2,"color":"ffffff00"},{"time":2.1333,"color":"ffffffff","curve":"stepped"},{"time":2.5333,"color":"ffffffff"},{"time":2.6667,"color":"ffffff00"}]},"230310wn64b6sf6xjsu4x9":{"color":[{"time":0,"color":"ffffff00","curve":"stepped"},{"time":0.8,"color":"ffffff00"},{"time":0.9333,"color":"ffffffff","curve":"stepped"},{"time":1.3333,"color":"ffffffff"},{"time":1.4667,"color":"ffffff00","curve":"stepped"},{"time":2.2333,"color":"ffffff00"},{"time":2.3667,"color":"ffffffff","curve":"stepped"},{"time":2.7667,"color":"ffffffff"},{"time":2.9,"color":"ffffff00","curve":"stepped"},{"time":3.3,"color":"ffffff00"},{"time":3.4333,"color":"ffffffff","curve":"stepped"},{"time":3.8333,"color":"ffffffff"},{"time":3.9667,"color":"ffffff00"}]},"230310wn64b6sf6xjsu4x10":{"color":[{"time":0,"color":"ffffff00"},{"time":0.1333,"color":"ffffffff","curve":"stepped"},{"time":0.5333,"color":"ffffffff"},{"time":0.6667,"color":"ffffff00","curve":"stepped"},{"time":2.7,"color":"ffffff00"},{"time":2.8333,"color":"ffffffff","curve":"stepped"},{"time":3.2333,"color":"ffffffff"},{"time":3.3667,"color":"ffffff00"}]},"PH":{"color":[{"time":0,"color":"ffffff00"},{"time":0.6667,"color":"ffffffff","curve":"stepped"},{"time":3,"color":"ffffffff"},{"time":3.9667,"color":"ffffff00","curve":"stepped"},{"time":4,"color":"ffffff00"}]},"PL":{"color":[{"time":0,"color":"ffffffff","curve":"stepped"},{"time":0.3667,"color":"ffffffff"},{"time":1.3333,"color":"ffffff00","curve":"stepped"},{"time":1.3667,"color":"ffffff00"},{"time":2.0333,"color":"ffffffff","curve":"stepped"},{"time":2.3667,"color":"ffffffff","curve":"stepped"},{"time":4,"color":"ffffffff"}]},"PZ":{"color":[{"time":0,"color":"ffffffff","curve":"stepped"},{"time":1,"color":"ffffffff"},{"time":1.9667,"color":"ffffff00","curve":"stepped"},{"time":2,"color":"ffffff00"},{"time":2.6667,"color":"ffffffff","curve":"stepped"},{"time":4,"color":"ffffffff"}]},"PZ2":{"color":[{"time":0,"color":"ffffffff","curve":"stepped"},{"time":1.5,"color":"ffffffff"},{"time":2.4667,"color":"ffffff00","curve":"stepped"},{"time":2.5,"color":"ffffff00"},{"time":3.1667,"color":"ffffffff","curve":"stepped"},{"time":4,"color":"ffffffff"}]},"huoxing_00000":{"attachment":[{"time":0,"name":"huoxing_00000"},{"time":0.0667,"name":"huoxing_00001"},{"time":0.1333,"name":"huoxing_00002"},{"time":0.2,"name":"huoxing_00003"},{"time":0.2667,"name":"huoxing_00004"},{"time":0.3333,"name":"huoxing_00005"},{"time":0.4,"name":"huoxing_00006"},{"time":0.4667,"name":"huoxing_00007"},{"time":0.5333,"name":"huoxing_00008"},{"time":0.6,"name":"huoxing_00009"},{"time":0.6667,"name":"huoxing_00010"},{"time":0.7333,"name":"huoxing_00011"},{"time":0.8,"name":"huoxing_00000"},{"time":0.8667,"name":"huoxing_00001"},{"time":0.9333,"name":"huoxing_00002"},{"time":1,"name":"huoxing_00003"},{"time":1.0667,"name":"huoxing_00004"},{"time":1.1333,"name":"huoxing_00005"},{"time":1.2,"name":"huoxing_00006"},{"time":1.2667,"name":"huoxing_00007"},{"time":1.3333,"name":"huoxing_00008"},{"time":1.4,"name":"huoxing_00009"},{"time":1.4667,"name":"huoxing_00010"},{"time":1.5333,"name":"huoxing_00011"},{"time":1.6,"name":"huoxing_00000"},{"time":1.6667,"name":"huoxing_00001"},{"time":1.7333,"name":"huoxing_00002"},{"time":1.8,"name":"huoxing_00003"},{"time":1.8667,"name":"huoxing_00004"},{"time":1.9333,"name":"huoxing_00005"},{"time":2,"name":"huoxing_00006"},{"time":2.0667,"name":"huoxing_00007"},{"time":2.1333,"name":"huoxing_00008"},{"time":2.2,"name":"huoxing_00009"},{"time":2.2667,"name":"huoxing_00010"},{"time":2.3333,"name":"huoxing_00011"},{"time":2.4,"name":"huoxing_00000"},{"time":2.4667,"name":"huoxing_00001"},{"time":2.5333,"name":"huoxing_00002"},{"time":2.6,"name":"huoxing_00003"},{"time":2.6667,"name":"huoxing_00004"},{"time":2.7333,"name":"huoxing_00005"},{"time":2.8,"name":"huoxing_00006"},{"time":2.8667,"name":"huoxing_00007"},{"time":2.9333,"name":"huoxing_00008"},{"time":3,"name":"huoxing_00009"},{"time":3.0667,"name":"huoxing_00010"},{"time":3.1333,"name":"huoxing_00011"},{"time":3.2,"name":"huoxing_00000"},{"time":3.2667,"name":"huoxing_00001"},{"time":3.3333,"name":"huoxing_00002"},{"time":3.4,"name":"huoxing_00003"},{"time":3.4667,"name":"huoxing_00004"},{"time":3.5333,"name":"huoxing_00005"},{"time":3.6,"name":"huoxing_00006"},{"time":3.6667,"name":"huoxing_00007"},{"time":3.7333,"name":"huoxing_00008"},{"time":3.8,"name":"huoxing_00009"},{"time":3.8667,"name":"huoxing_00010"},{"time":3.9333,"name":"huoxing_00011"}]},"liuguang_00001":{"color":[{"time":0,"color":"ffffff00","curve":"stepped"},{"time":1.9667,"color":"ffffff00"},{"time":2,"color":"ffffff86","curve":"stepped"},{"time":3.3,"color":"ffffff86"},{"time":3.3333,"color":"ffffff00"}],"attachment":[{"time":0,"name":"liuguang_00001"},{"time":2,"name":"liuguang_00001"},{"time":2.1,"name":"liuguang_00003"},{"time":2.2,"name":"liuguang_00005"},{"time":2.3,"name":"liuguang_00007"},{"time":2.4,"name":"liuguang_00009"},{"time":2.5,"name":"liuguang_00011"},{"time":2.6,"name":"liuguang_00013"},{"time":2.7,"name":"liuguang_00015"},{"time":2.8,"name":"liuguang_00017"},{"time":2.9,"name":"liuguang_00019"},{"time":3,"name":"liuguang_00021"},{"time":3.1,"name":"liuguang_00023"},{"time":3.2,"name":"liuguang_00025"}]},"liuguang_1":{"color":[{"time":0,"color":"ffffff00","curve":"stepped"},{"time":1.9667,"color":"ffffff00"},{"time":2,"color":"ffffff86","curve":"stepped"},{"time":3.3,"color":"ffffff86"},{"time":3.3333,"color":"ffffff00"}],"attachment":[{"time":0,"name":"liuguang_00001"},{"time":2,"name":"liuguang_00001"},{"time":2.1,"name":"liuguang_00003"},{"time":2.2,"name":"liuguang_00005"},{"time":2.3,"name":"liuguang_00007"},{"time":2.4,"name":"liuguang_00009"},{"time":2.5,"name":"liuguang_00011"},{"time":2.6,"name":"liuguang_00013"},{"time":2.7,"name":"liuguang_00015"},{"time":2.8,"name":"liuguang_00017"},{"time":2.9,"name":"liuguang_00019"},{"time":3,"name":"liuguang_00021"},{"time":3.1,"name":"liuguang_00023"},{"time":3.2,"name":"liuguang_00025"}]},"sheng_00002":{"color":[{"time":1.8667,"color":"ffffffa3"},{"time":1.9,"color":"ffffff00"}],"attachment":[{"time":0,"name":"sheng_00002"},{"time":0.1333,"name":"sheng_00004"},{"time":0.2667,"name":"sheng_00006"},{"time":0.4,"name":"sheng_00008"},{"time":0.5333,"name":"sheng_00010"},{"time":0.6667,"name":"sheng_00012"},{"time":0.8,"name":"sheng_00014"},{"time":0.9333,"name":"sheng_00016"},{"time":1.0667,"name":"sheng_00018"},{"time":1.2,"name":"sheng_00020"},{"time":1.3333,"name":"sheng_00022"},{"time":1.4667,"name":"sheng_00024"},{"time":1.6,"name":"sheng_00026"},{"time":1.7333,"name":"sheng_00028"}]}},"bones":{"h1":{"rotate":[{"time":0,"angle":2.4,"curve":[0.25,0,0.75,1]},{"time":1,"angle":-2.4,"curve":[0.25,0,0.75,1]},{"time":2,"angle":2.4,"curve":[0.25,0,0.75,1]},{"time":3,"angle":-2.4,"curve":[0.25,0,0.75,1]},{"time":4,"angle":2.4}]},"h2":{"rotate":[{"time":0,"angle":1.38,"curve":[0.382,0.57,0.735,1]},{"time":0.3333,"angle":2.4,"curve":[0.25,0,0.75,1]},{"time":1.3333,"angle":-1.2,"curve":[0.243,0,0.649,0.6]},{"time":2,"angle":1.38,"curve":[0.382,0.57,0.735,1]},{"time":2.3333,"angle":2.4,"curve":[0.25,0,0.75,1]},{"time":3.3333,"angle":-1.2,"curve":[0.243,0,0.649,0.6]},{"time":4,"angle":1.38}]},"h3":{"rotate":[{"time":0,"angle":-4.14,"curve":[0.351,0.4,0.757,1]},{"time":0.6667,"angle":3.6,"curve":[0.25,0,0.75,1]},{"time":1.6667,"angle":-7.2,"curve":[0.265,0,0.618,0.43]},{"time":2,"angle":-4.14,"curve":[0.351,0.4,0.757,1]},{"time":2.6667,"angle":3.6,"curve":[0.25,0,0.75,1]},{"time":3.6667,"angle":-7.2,"curve":[0.265,0,0.618,0.43]},{"time":4,"angle":-4.14}]},"h4":{"rotate":[{"time":0,"angle":-0.32,"curve":[0.351,0.4,0.757,1]},{"time":0.6667,"angle":-7.2,"curve":[0.25,0,0.75,1]},{"time":1.6667,"angle":2.4,"curve":[0.25,0,0.75,1]},{"time":2,"angle":-0.32,"curve":[0.351,0.4,0.757,1]},{"time":2.6667,"angle":-7.2,"curve":[0.25,0,0.75,1]},{"time":3.6667,"angle":2.4,"curve":[0.25,0,0.75,1]},{"time":4,"angle":-0.32}]},"h5":{"rotate":[{"time":0,"angle":3.6,"curve":[0.25,0,0.75,1]},{"time":1,"angle":-3.6,"curve":[0.243,0,0.649,0.6]},{"time":1.6667,"angle":1.56,"curve":[0.382,0.57,0.735,1]},{"time":2,"angle":3.6,"curve":[0.25,0,0.75,1]},{"time":3,"angle":-3.6,"curve":[0.243,0,0.649,0.6]},{"time":3.6667,"angle":1.56,"curve":[0.382,0.57,0.735,1]},{"time":4,"angle":3.6}]},"h6":{"rotate":[{"time":0,"angle":-2.42,"curve":[0.382,0.57,0.735,1]},{"time":0.3333,"angle":-4.8,"curve":[0.25,0,0.75,1]},{"time":1.3333,"angle":3.6,"curve":[0.25,0,0.75,1]},{"time":2,"angle":-2.42,"curve":[0.382,0.57,0.735,1]},{"time":2.3333,"angle":-4.8,"curve":[0.25,0,0.75,1]},{"time":3.3333,"angle":3.6,"curve":[0.25,0,0.75,1]},{"time":4,"angle":-2.42}]},"h7":{"rotate":[{"time":0,"angle":2.25,"curve":[0.351,0.4,0.757,1]},{"time":0.6667,"angle":-7.2,"curve":[0.243,0,0.649,0.6]},{"time":1.3333,"angle":2.25,"curve":[0.382,0.57,0.735,1]},{"time":1.6667,"angle":6,"curve":[0.265,0,0.618,0.43]},{"time":2,"angle":2.25,"curve":[0.351,0.4,0.757,1]},{"time":2.6667,"angle":-7.2,"curve":[0.243,0,0.649,0.6]},{"time":3.3333,"angle":2.25,"curve":[0.382,0.57,0.735,1]},{"time":3.6667,"angle":6,"curve":[0.265,0,0.618,0.43]},{"time":4,"angle":2.25}]},"d2":{"rotate":[{"time":0,"angle":1.2,"curve":[0.25,0,0.75,1]},{"time":1,"angle":-8.4,"curve":[0.25,0,0.75,1]},{"time":2,"angle":1.2,"curve":[0.25,0,0.75,1]},{"time":3,"angle":-8.4,"curve":[0.25,0,0.75,1]},{"time":4,"angle":1.2}],"translate":[{"time":0,"x":0.03,"y":2.36,"curve":[0.25,0,0.75,1]},{"time":1,"x":0.51,"y":-0.99,"curve":[0.25,0,0.75,1]},{"time":2,"x":0.03,"y":2.36,"curve":[0.25,0,0.75,1]},{"time":3,"x":0.51,"y":-0.99,"curve":[0.25,0,0.75,1]},{"time":4,"x":0.03,"y":2.36}]},"d6":{"rotate":[{"time":0,"angle":0.88,"curve":[0.351,0.4,0.757,1]},{"time":0.6667,"angle":-6,"curve":[0.25,0,0.75,1]},{"time":1.6667,"angle":3.6,"curve":[0.25,0,0.75,1]},{"time":2,"angle":0.88,"curve":[0.351,0.4,0.757,1]},{"time":2.6667,"angle":-6,"curve":[0.25,0,0.75,1]},{"time":3.6667,"angle":3.6,"curve":[0.25,0,0.75,1]},{"time":4,"angle":0.88}],"translate":[{"time":0,"x":-0.31,"y":-0.54,"curve":[0.351,0.4,0.757,1]},{"time":0.6667,"x":-1.08,"y":-1.89,"curve":[0.25,0,0.75,1]},{"time":1.6667,"x":0,"y":0,"curve":[0.25,0,0.75,1]},{"time":2,"x":-0.31,"y":-0.54,"curve":[0.351,0.4,0.757,1]},{"time":2.6667,"x":-1.08,"y":-1.89,"curve":[0.25,0,0.75,1]},{"time":3.6667,"x":0,"y":0,"curve":[0.25,0,0.75,1]},{"time":4,"x":-0.31,"y":-0.54}],"scale":[{"time":0,"x":1,"y":0.966,"curve":[0.351,0.4,0.757,1]},{"time":0.6667,"x":1,"y":0.88,"curve":[0.25,0,0.75,1]},{"time":1.6667,"x":1,"y":1,"curve":[0.25,0,0.75,1]},{"time":2,"x":1,"y":0.966,"curve":[0.351,0.4,0.757,1]},{"time":2.6667,"x":1,"y":0.88,"curve":[0.25,0,0.75,1]},{"time":3.6667,"x":1,"y":1,"curve":[0.25,0,0.75,1]},{"time":4,"x":1,"y":0.966}]},"G1":{"rotate":[{"time":0,"angle":3.24},{"time":0.6667,"angle":9.72},{"time":1.6667,"angle":0},{"time":2,"angle":3.24},{"time":2.6667,"angle":9.72},{"time":3.6667,"angle":0},{"time":4,"angle":3.24}],"translate":[{"time":0,"x":0.22,"y":0.82,"curve":[0.351,0.4,0.757,1]},{"time":0.6667,"x":0.77,"y":2.9,"curve":[0.25,0,0.75,1]},{"time":1.6667,"x":0,"y":0},{"time":2,"x":0.22,"y":0.82,"curve":[0.351,0.4,0.757,1]},{"time":2.6667,"x":0.77,"y":2.9,"curve":[0.25,0,0.75,1]},{"time":3.6667,"x":0,"y":0},{"time":4,"x":0.22,"y":0.82}],"scale":[{"time":0,"x":0.972,"y":1,"curve":[0.351,0.4,0.757,1]},{"time":0.6667,"x":0.9,"y":1,"curve":[0.25,0,0.75,1]},{"time":1.6667,"x":1,"y":1},{"time":2,"x":0.972,"y":1,"curve":[0.351,0.4,0.757,1]},{"time":2.6667,"x":0.9,"y":1,"curve":[0.25,0,0.75,1]},{"time":3.6667,"x":1,"y":1},{"time":4,"x":0.972,"y":1}]},"G2":{"rotate":[{"time":0,"angle":7.8,"curve":[0.375,0.5,0.75,1]},{"time":0.5,"angle":0},{"time":1.5,"angle":15.6,"curve":[0.25,0,0.625,0.5]},{"time":2,"angle":7.8,"curve":[0.375,0.5,0.75,1]},{"time":2.5,"angle":0},{"time":3.5,"angle":15.6,"curve":[0.25,0,0.625,0.5]},{"time":4,"angle":7.8}],"translate":[{"time":0,"x":0.61,"y":1.23,"curve":[0.375,0.5,0.75,1]},{"time":0.5,"x":0,"y":0},{"time":1.5,"x":1.23,"y":2.46,"curve":[0.25,0,0.625,0.5]},{"time":2,"x":0.61,"y":1.23,"curve":[0.375,0.5,0.75,1]},{"time":2.5,"x":0,"y":0},{"time":3.5,"x":1.23,"y":2.46,"curve":[0.25,0,0.625,0.5]},{"time":4,"x":0.61,"y":1.23}],"scale":[{"time":0,"x":0.96,"y":1,"curve":[0.375,0.5,0.75,1]},{"time":0.5,"x":1,"y":1,"curve":[0.25,0,0.75,1]},{"time":1.5,"x":0.92,"y":1,"curve":[0.25,0,0.625,0.5]},{"time":2,"x":0.96,"y":1,"curve":[0.375,0.5,0.75,1]},{"time":2.5,"x":1,"y":1,"curve":[0.25,0,0.75,1]},{"time":3.5,"x":0.92,"y":1,"curve":[0.25,0,0.625,0.5]},{"time":4,"x":0.96,"y":1}]},"G4":{"translate":[{"time":0,"x":0.32,"y":-2.92,"curve":[0.25,0,0.75,1]},{"time":1,"x":0.81,"y":0.16,"curve":[0.25,0,0.75,1]},{"time":2,"x":0.32,"y":-2.92,"curve":[0.25,0,0.75,1]},{"time":3,"x":0.81,"y":0.16,"curve":[0.25,0,0.75,1]},{"time":4,"x":0.32,"y":-2.92}]},"G3":{"rotate":[{"time":0,"angle":0},{"time":1,"angle":-8.4},{"time":2,"angle":0},{"time":3,"angle":-8.4},{"time":4,"angle":0}],"translate":[{"time":0,"x":0,"y":0},{"time":1,"x":0,"y":2.15},{"time":2,"x":0,"y":0},{"time":3,"x":0,"y":2.15},{"time":4,"x":0,"y":0}],"scale":[{"time":0,"x":1,"y":1,"curve":"stepped"},{"time":1,"x":1,"y":1,"curve":"stepped"},{"time":2,"x":1,"y":1,"curve":"stepped"},{"time":3,"x":1,"y":1,"curve":"stepped"},{"time":4,"x":1,"y":1}]},"G5":{"translate":[{"time":0,"x":0.13,"y":1.4},{"time":1,"x":0,"y":0},{"time":2,"x":0.13,"y":1.4},{"time":3,"x":0,"y":0},{"time":4,"x":0.13,"y":1.4}]},"G6":{"translate":[{"time":0,"x":0.03,"y":0.34,"curve":[0.382,0.58,0.731,1]},{"time":0.3,"x":0,"y":0,"curve":[0.25,0,0.75,1]},{"time":1.3,"x":0.13,"y":1.4,"curve":[0.243,0,0.655,0.63]},{"time":2,"x":0.03,"y":0.34,"curve":[0.382,0.58,0.731,1]},{"time":2.3,"x":0,"y":0,"curve":[0.25,0,0.75,1]},{"time":3.3,"x":0.13,"y":1.4,"curve":[0.243,0,0.655,0.63]},{"time":4,"x":0.03,"y":0.34}]},"G7":{"rotate":[{"time":0,"angle":-6.36,"curve":[0.345,0.37,0.757,1]},{"time":0.7,"angle":0},{"time":1.7,"angle":-8.4,"curve":[0.269,0,0.618,0.42]},{"time":2,"angle":-6.36,"curve":[0.345,0.37,0.757,1]},{"time":2.7,"angle":0},{"time":3.7,"angle":-8.4,"curve":[0.269,0,0.618,0.42]},{"time":4,"angle":-6.36}],"translate":[{"time":0,"x":0,"y":1.63,"curve":[0.345,0.37,0.757,1]},{"time":0.7,"x":0,"y":0,"curve":[0.25,0,0.75,1]},{"time":1.7,"x":0,"y":2.15,"curve":[0.269,0,0.618,0.42]},{"time":2,"x":0,"y":1.63,"curve":[0.345,0.37,0.757,1]},{"time":2.7,"x":0,"y":0,"curve":[0.25,0,0.75,1]},{"time":3.7,"x":0,"y":2.15,"curve":[0.269,0,0.618,0.42]},{"time":4,"x":0,"y":1.63}]},"G8":{"rotate":[{"time":0,"angle":14.09,"curve":[0.371,0.62,0.71,1]},{"time":0.1667,"angle":15.6,"curve":[0.25,0,0.75,1]},{"time":1.1667,"angle":0},{"time":2,"angle":14.09,"curve":[0.371,0.62,0.71,1]},{"time":2.1667,"angle":15.6,"curve":[0.25,0,0.75,1]},{"time":3.1667,"angle":0},{"time":4,"angle":14.09}],"translate":[{"time":0,"x":1.11,"y":2.22,"curve":[0.371,0.62,0.71,1]},{"time":0.1667,"x":1.23,"y":2.46,"curve":[0.25,0,0.75,1]},{"time":1.1667,"x":0,"y":0},{"time":2,"x":1.11,"y":2.22,"curve":[0.371,0.62,0.71,1]},{"time":2.1667,"x":1.23,"y":2.46,"curve":[0.25,0,0.75,1]},{"time":3.1667,"x":0,"y":0},{"time":4,"x":1.11,"y":2.22}],"scale":[{"time":0,"x":0.928,"y":1,"curve":[0.371,0.62,0.71,1]},{"time":0.1667,"x":0.92,"y":1,"curve":[0.25,0,0.75,1]},{"time":1.1667,"x":1,"y":1,"curve":[0.25,0,0.75,1]},{"time":2,"x":0.928,"y":1,"curve":[0.371,0.62,0.71,1]},{"time":2.1667,"x":0.92,"y":1,"curve":[0.25,0,0.75,1]},{"time":3.1667,"x":1,"y":1,"curve":[0.25,0,0.75,1]},{"time":4,"x":0.928,"y":1}]},"G9":{"translate":[{"time":0,"x":0.28,"y":-1.03,"curve":[0.375,0.5,0.75,1]},{"time":0.5,"x":0,"y":0,"curve":[0.25,0,0.75,1]},{"time":1.5,"x":0.56,"y":-2.07,"curve":[0.25,0,0.625,0.5]},{"time":2,"x":0.28,"y":-1.03,"curve":[0.375,0.5,0.75,1]},{"time":2.5,"x":0,"y":0,"curve":[0.25,0,0.75,1]},{"time":3.5,"x":0.56,"y":-2.07,"curve":[0.25,0,0.625,0.5]},{"time":4,"x":0.28,"y":-1.03}]},"G10":{"rotate":[{"time":0,"angle":3.24},{"time":0.3333,"angle":0},{"time":1.3333,"angle":9.72},{"time":2,"angle":3.24},{"time":2.3333,"angle":0},{"time":3.3333,"angle":9.72},{"time":4,"angle":3.24}],"translate":[{"time":0,"x":0.22,"y":0.82,"curve":[0.382,0.57,0.735,1]},{"time":0.3333,"x":0,"y":0},{"time":1.3333,"x":0.77,"y":2.9,"curve":[0.243,0,0.649,0.6]},{"time":2,"x":0.22,"y":0.82,"curve":[0.382,0.57,0.735,1]},{"time":2.3333,"x":0,"y":0},{"time":3.3333,"x":0.77,"y":2.9,"curve":[0.243,0,0.649,0.6]},{"time":4,"x":0.22,"y":0.82}],"scale":[{"time":0,"x":0.972,"y":1,"curve":[0.382,0.57,0.735,1]},{"time":0.3333,"x":1,"y":1},{"time":1.3333,"x":0.9,"y":1,"curve":[0.243,0,0.649,0.6]},{"time":2,"x":0.972,"y":1,"curve":[0.382,0.57,0.735,1]},{"time":2.3333,"x":1,"y":1},{"time":3.3333,"x":0.9,"y":1,"curve":[0.243,0,0.649,0.6]},{"time":4,"x":0.972,"y":1}]},"h8":{"rotate":[{"time":0,"angle":2.4,"curve":[0.25,0,0.75,1]},{"time":1,"angle":-2.4,"curve":[0.25,0,0.75,1]},{"time":2,"angle":2.4,"curve":[0.25,0,0.75,1]},{"time":3,"angle":-2.4,"curve":[0.25,0,0.75,1]},{"time":4,"angle":2.4}]},"h10":{"rotate":[{"time":0,"angle":-4.14,"curve":[0.351,0.4,0.757,1]},{"time":0.6667,"angle":3.6,"curve":[0.25,0,0.75,1]},{"time":1.6667,"angle":-7.2,"curve":[0.265,0,0.618,0.43]},{"time":2,"angle":-4.14,"curve":[0.351,0.4,0.757,1]},{"time":2.6667,"angle":3.6,"curve":[0.25,0,0.75,1]},{"time":3.6667,"angle":-7.2,"curve":[0.265,0,0.618,0.43]},{"time":4,"angle":-4.14}]},"h9":{"rotate":[{"time":0,"angle":1.38,"curve":[0.382,0.57,0.735,1]},{"time":0.3333,"angle":2.4,"curve":[0.25,0,0.75,1]},{"time":1.3333,"angle":-1.2,"curve":[0.243,0,0.649,0.6]},{"time":2,"angle":1.38,"curve":[0.382,0.57,0.735,1]},{"time":2.3333,"angle":2.4,"curve":[0.25,0,0.75,1]},{"time":3.3333,"angle":-1.2,"curve":[0.243,0,0.649,0.6]},{"time":4,"angle":1.38}]},"h12":{"rotate":[{"time":0,"angle":3.6,"curve":[0.25,0,0.75,1]},{"time":1,"angle":-3.6,"curve":[0.243,0,0.649,0.6]},{"time":1.6667,"angle":1.56,"curve":[0.382,0.57,0.735,1]},{"time":2,"angle":3.6,"curve":[0.25,0,0.75,1]},{"time":3,"angle":-3.6,"curve":[0.243,0,0.649,0.6]},{"time":3.6667,"angle":1.56,"curve":[0.382,0.57,0.735,1]},{"time":4,"angle":3.6}]},"h11":{"rotate":[{"time":0,"angle":-0.32,"curve":[0.351,0.4,0.757,1]},{"time":0.6667,"angle":-7.2,"curve":[0.25,0,0.75,1]},{"time":1.6667,"angle":2.4,"curve":[0.25,0,0.75,1]},{"time":2,"angle":-0.32,"curve":[0.351,0.4,0.757,1]},{"time":2.6667,"angle":-7.2,"curve":[0.25,0,0.75,1]},{"time":3.6667,"angle":2.4,"curve":[0.25,0,0.75,1]},{"time":4,"angle":-0.32}]},"h14":{"rotate":[{"time":0,"angle":2.25,"curve":[0.351,0.4,0.757,1]},{"time":0.6667,"angle":-7.2,"curve":[0.243,0,0.649,0.6]},{"time":1.3333,"angle":2.25,"curve":[0.382,0.57,0.735,1]},{"time":1.6667,"angle":6,"curve":[0.265,0,0.618,0.43]},{"time":2,"angle":2.25,"curve":[0.351,0.4,0.757,1]},{"time":2.6667,"angle":-7.2,"curve":[0.243,0,0.649,0.6]},{"time":3.3333,"angle":2.25,"curve":[0.382,0.57,0.735,1]},{"time":3.6667,"angle":6,"curve":[0.265,0,0.618,0.43]},{"time":4,"angle":2.25}]},"h13":{"rotate":[{"time":0,"angle":-2.42,"curve":[0.382,0.57,0.735,1]},{"time":0.3333,"angle":-4.8,"curve":[0.25,0,0.75,1]},{"time":1.3333,"angle":3.6,"curve":[0.25,0,0.75,1]},{"time":2,"angle":-2.42,"curve":[0.382,0.57,0.735,1]},{"time":2.3333,"angle":-4.8,"curve":[0.25,0,0.75,1]},{"time":3.3333,"angle":3.6,"curve":[0.25,0,0.75,1]},{"time":4,"angle":-2.42}]},"PL":{"rotate":[{"time":0,"angle":-118.5},{"time":1.3333,"angle":-178.5},{"time":1.3667,"angle":0},{"time":2.3667,"angle":-45},{"time":4,"angle":-118.5}],"translate":[{"time":0,"x":43.27,"y":-115.07},{"time":1.3333,"x":51.88,"y":-152.5},{"time":1.3667,"x":26.28,"y":-41.14},{"time":2.3667,"x":32.73,"y":-69.22},{"time":4,"x":43.27,"y":-115.07}],"scale":[{"time":0,"x":1,"y":1,"curve":"stepped"},{"time":1.3333,"x":1,"y":1,"curve":"stepped"},{"time":1.3667,"x":1,"y":1,"curve":"stepped"},{"time":2.3667,"x":1,"y":1,"curve":"stepped"},{"time":4,"x":1,"y":1}]},"PZ2":{"rotate":[{"time":0,"angle":63.53},{"time":2.4667,"angle":168},{"time":2.5,"angle":0},{"time":4,"angle":63.53}],"translate":[{"time":0,"x":29.72,"y":-61.77},{"time":2.4667,"x":40.06,"y":-164.06},{"time":2.5,"x":23.42,"y":0.42},{"time":4,"x":29.72,"y":-61.77}],"scale":[{"time":0,"x":1,"y":1,"curve":"stepped"},{"time":2.4667,"x":1,"y":1,"curve":"stepped"},{"time":2.5,"x":1,"y":1,"curve":"stepped"},{"time":4,"x":1,"y":1}]},"PZ":{"rotate":[{"time":0,"angle":78.35},{"time":1.9667,"angle":155.4},{"time":2,"angle":0},{"time":4,"angle":78.35}],"translate":[{"time":0,"x":-10.65,"y":-87.84},{"time":1.9667,"x":-21.76,"y":-144},{"time":2,"x":0.64,"y":-30.72},{"time":4,"x":-10.65,"y":-87.84}],"scale":[{"time":0,"x":0.007,"y":1},{"time":1.9667,"x":-0.97,"y":1},{"time":2,"x":1,"y":1},{"time":4,"x":0.007,"y":1}]},"PH":{"rotate":[{"time":0,"angle":0},{"time":3.9667,"angle":-168.9},{"time":4,"angle":0}],"translate":[{"time":0,"x":8.32,"y":0},{"time":3.9667,"x":12.8,"y":-140.16},{"time":4,"x":8.32,"y":0}],"scale":[{"time":0,"x":1,"y":1},{"time":2.4667,"x":1,"y":0},{"time":3.9667,"x":1,"y":1,"curve":"stepped"},{"time":4,"x":1,"y":1}]},"xian":{"rotate":[{"time":0,"angle":-9.6,"curve":[0.25,0,0.75,1]},{"time":1,"angle":0,"curve":[0.25,0,0.75,1]},{"time":2,"angle":-9.6,"curve":[0.25,0,0.75,1]},{"time":3,"angle":0,"curve":[0.25,0,0.75,1]},{"time":4,"angle":-9.6}]},"xian2":{"rotate":[{"time":0,"angle":3.26,"curve":[0.382,0.57,0.735,1]},{"time":0.3333,"angle":3.6,"curve":[0.25,0,0.75,1]},{"time":1.3333,"angle":2.4,"curve":[0.25,0,0.75,1]},{"time":2.3333,"angle":3.6,"curve":[0.25,0,0.75,1]},{"time":3.3333,"angle":2.4,"curve":[0.243,0,0.649,0.6]},{"time":4,"angle":3.26}]},"xian4":{"rotate":[{"time":0,"angle":-3.75,"curve":[0.351,0.4,0.757,1]},{"time":0.6667,"angle":-13.2,"curve":[0.25,0,0.75,1]},{"time":1.6667,"angle":-10.8,"curve":[0.25,0,0.75,1]},{"time":2.6667,"angle":-13.2,"curve":[0.25,0,0.75,1]},{"time":3.6667,"angle":6,"curve":[0.265,0,0.618,0.43]},{"time":4,"angle":-3.75}]},"xian5":{"rotate":[{"time":0,"angle":9.6,"curve":[0.25,0,0.75,1]},{"time":1,"angle":19.2,"curve":[0.25,0,0.75,1]},{"time":2,"angle":9.6,"curve":[0.25,0,0.75,1]},{"time":3,"angle":19.2,"curve":[0.25,0,0.75,1]},{"time":4,"angle":9.6}]},"XG":{"scale":[{"time":0,"x":0.333,"y":0.333,"curve":"stepped"},{"time":0.3333,"x":0.333,"y":0.333},{"time":0.6667,"x":1.333,"y":1.333},{"time":1,"x":0.333,"y":0.333,"curve":"stepped"},{"time":2,"x":0.333,"y":0.333},{"time":2.3333,"x":1.333,"y":1.333},{"time":2.6667,"x":0.333,"y":0.333}]},"XG2":{"scale":[{"time":0,"x":0.333,"y":0.333,"curve":"stepped"},{"time":0.8,"x":0.333,"y":0.333},{"time":1.1333,"x":1.333,"y":1.333},{"time":1.4667,"x":0.333,"y":0.333,"curve":"stepped"},{"time":2.2333,"x":0.333,"y":0.333},{"time":2.5667,"x":1.333,"y":1.333},{"time":2.9,"x":0.333,"y":0.333,"curve":"stepped"},{"time":3.3,"x":0.333,"y":0.333},{"time":3.6333,"x":1.333,"y":1.333},{"time":3.9667,"x":0.333,"y":0.333}]},"XG3":{"scale":[{"time":0,"x":0.333,"y":0.333},{"time":0.3333,"x":1.333,"y":1.333},{"time":0.6667,"x":0.333,"y":0.333,"curve":"stepped"},{"time":2.7,"x":0.333,"y":0.333},{"time":3.0333,"x":1.333,"y":1.333},{"time":3.3667,"x":0.333,"y":0.333}]}},"deform":{"default":{"h1":{"h1":[{"time":0,"offset":4,"vertices":[0.22165,-1.16306,0.74091,-1.51609,0.30043,-1.66047,0.00768,-1.68739,1.63406,-2.24988,0.96022,-2.60956,0.49271,-2.7366,0.33913,-1.21817,0.12255,-1.25853,0.89066,5.66858,0.89066,5.66858,-0.07575,2.53223,0.36491,2.50694,-0.70639,2.1253,-0.10153,2.23735,0.28835,2.22101,0,0,0,0,-1.09769,1.75786],"curve":[0.25,0,0.75,1]},{"time":1,"curve":[0.25,0,0.75,1]},{"time":2,"offset":4,"vertices":[0.22165,-1.16306,0.74091,-1.51609,0.30043,-1.66047,0.00768,-1.68739,1.63406,-2.24988,0.96022,-2.60956,0.49271,-2.7366,0.33913,-1.21817,0.12255,-1.25853,0.89066,5.66858,0.89066,5.66858,-0.07575,2.53223,0.36491,2.50694,-0.70639,2.1253,-0.10153,2.23735,0.28835,2.22101,0,0,0,0,-1.09769,1.75786],"curve":[0.25,0,0.75,1]},{"time":3,"curve":[0.25,0,0.75,1]},{"time":4,"offset":4,"vertices":[0.22165,-1.16306,0.74091,-1.51609,0.30043,-1.66047,0.00768,-1.68739,1.63406,-2.24988,0.96022,-2.60956,0.49271,-2.7366,0.33913,-1.21817,0.12255,-1.25853,0.89066,5.66858,0.89066,5.66858,-0.07575,2.53223,0.36491,2.50694,-0.70639,2.1253,-0.10153,2.23735,0.28835,2.22101,0,0,0,0,-1.09769,1.75786]}]},"h4":{"h1":[{"time":0,"offset":4,"vertices":[0.22165,-1.16306,0.74091,-1.51609,0.30043,-1.66047,0.00768,-1.68739,1.63406,-2.24988,0.96022,-2.60956,0.49271,-2.7366,0.33913,-1.21817,0.12255,-1.25853,0.89066,5.66858,0.89066,5.66858,-0.07575,2.53223,0.36491,2.50694,-0.70639,2.1253,-0.10153,2.23735,0.28835,2.22101,0,0,0,0,-1.09769,1.75786],"curve":[0.25,0,0.75,1]},{"time":1,"curve":[0.25,0,0.75,1]},{"time":2,"offset":4,"vertices":[0.22165,-1.16306,0.74091,-1.51609,0.30043,-1.66047,0.00768,-1.68739,1.63406,-2.24988,0.96022,-2.60956,0.49271,-2.7366,0.33913,-1.21817,0.12255,-1.25853,0.89066,5.66858,0.89066,5.66858,-0.07575,2.53223,0.36491,2.50694,-0.70639,2.1253,-0.10153,2.23735,0.28835,2.22101,0,0,0,0,-1.09769,1.75786],"curve":[0.25,0,0.75,1]},{"time":3,"curve":[0.25,0,0.75,1]},{"time":4,"offset":4,"vertices":[0.22165,-1.16306,0.74091,-1.51609,0.30043,-1.66047,0.00768,-1.68739,1.63406,-2.24988,0.96022,-2.60956,0.49271,-2.7366,0.33913,-1.21817,0.12255,-1.25853,0.89066,5.66858,0.89066,5.66858,-0.07575,2.53223,0.36491,2.50694,-0.70639,2.1253,-0.10153,2.23735,0.28835,2.22101,0,0,0,0,-1.09769,1.75786]}]}}}}}}