{"skeleton":{"hash":"rCSwDlyPJrr0a8i0cPp431RrYS4","spine":"3.7.92","width":250,"height":250,"images":"","audio":""},"bones":[{"name":"root"},{"name":"lfq2","parent":"root"},{"name":"lfq1","parent":"root"},{"name":"eye","parent":"lfq1","x":-5.41,"y":13.73},{"name":"open","parent":"root","x":4.18,"y":-2.27,"scaleX":2,"scaleY":2},{"name":"liushui","parent":"root","x":-0.77,"y":-16.7,"scaleX":2,"scaleY":2},{"name":"eye2","parent":"lfq1","x":4.44,"y":13.73}],"slots":[{"name":"LFQ2","bone":"lfq2","attachment":"LFQ2"},{"name":"LFQ_00000","bone":"liushui","attachment":"LFQ_00006"},{"name":"baozha_00001","bone":"open","attachment":"baozha_00005"},{"name":"lfq","bone":"lfq1","attachment":"lfq"},{"name":"face","bone":"lfq1","attachment":"face"},{"name":"EYE","bone":"eye","attachment":"EYE"},{"name":"EYE2","bone":"eye2","attachment":"EYE"}],"skins":{"default":{"EYE":{"EYE":{"x":0.22,"y":-0.12,"width":6,"height":7}},"EYE2":{"EYE":{"x":0.22,"y":-0.12,"width":6,"height":7}},"LFQ2":{"LFQ2":{"y":-2.09,"width":123,"height":109}},"LFQ_00000":{"LFQ_00000":{"x":0.5,"width":65,"height":70},"LFQ_00002":{"x":0.5,"width":65,"height":70},"LFQ_00004":{"x":0.5,"width":65,"height":70},"LFQ_00006":{"x":0.5,"width":65,"height":70},"LFQ_00008":{"x":0.5,"width":65,"height":70},"LFQ_00010":{"x":0.5,"width":65,"height":70},"LFQ_00012":{"x":0.5,"width":65,"height":70},"LFQ_00014":{"x":0.5,"width":65,"height":70},"LFQ_00016":{"x":0.5,"width":65,"height":70},"LFQ_00018":{"x":0.5,"width":65,"height":70},"LFQ_00020":{"x":0.5,"width":65,"height":70},"LFQ_00022":{"x":0.5,"width":65,"height":70},"LFQ_00024":{"x":0.5,"width":65,"height":70},"LFQ_00026":{"x":0.5,"width":65,"height":70},"LFQ_00028":{"x":0.5,"width":65,"height":70}},"baozha_00001":{"baozha_00001":{"x":0.5,"y":0.5,"width":125,"height":125},"baozha_00003":{"x":0.5,"y":0.5,"width":125,"height":125},"baozha_00005":{"x":0.5,"y":0.5,"width":125,"height":125},"baozha_00007":{"x":0.5,"y":0.5,"width":125,"height":125},"baozha_00009":{"x":0.5,"y":0.5,"width":125,"height":125},"baozha_00011":{"x":0.5,"y":0.5,"width":125,"height":125},"baozha_00013":{"x":0.5,"y":0.5,"width":125,"height":125},"baozha_00015":{"x":0.5,"y":0.5,"width":125,"height":125},"baozha_00017":{"x":0.5,"y":0.5,"width":125,"height":125},"baozha_00019":{"x":0.5,"y":0.5,"width":125,"height":125},"baozha_00021":{"x":0.5,"y":0.5,"width":125,"height":125}},"face":{"face":{"y":7.02,"width":42,"height":34}},"lfq":{"lfq":{"x":-4.17,"y":-1.69,"width":74,"height":72}}}},"animations":{"animation":{"slots":{"EYE":{"color":[{"time":1.1667,"color":"ffffffff"},{"time":1.5,"color":"ffffff00"}]},"EYE2":{"color":[{"time":1.1667,"color":"ffffffff"},{"time":1.5,"color":"ffffff00"}]},"LFQ2":{"color":[{"time":0.9667,"color":"ffffffff"},{"time":1,"color":"ffffff00"}]},"LFQ_00000":{"color":[{"time":0,"color":"ffffff00","curve":"stepped"},{"time":0.6667,"color":"ffffff00"},{"time":1,"color":"ffffffff","curve":"stepped"},{"time":2,"color":"ffffffff"},{"time":2.0333,"color":"ffffff00"}],"attachment":[{"time":0,"name":"LFQ_00000"},{"time":1,"name":"LFQ_00000"},{"time":1.0667,"name":"LFQ_00002"},{"time":1.1333,"name":"LFQ_00004"},{"time":1.2,"name":"LFQ_00006"},{"time":1.2667,"name":"LFQ_00008"},{"time":1.3333,"name":"LFQ_00010"},{"time":1.4,"name":"LFQ_00012"},{"time":1.4667,"name":"LFQ_00014"},{"time":1.5333,"name":"LFQ_00016"},{"time":1.6,"name":"LFQ_00018"},{"time":1.6667,"name":"LFQ_00020"},{"time":1.7333,"name":"LFQ_00022"},{"time":1.8,"name":"LFQ_00024"},{"time":1.8667,"name":"LFQ_00026"},{"time":1.9333,"name":"LFQ_00028"}]},"baozha_00001":{"color":[{"time":0.7333,"color":"ffffffff"},{"time":0.7667,"color":"ffffff00"}],"attachment":[{"time":0,"name":"baozha_00001"},{"time":0.0667,"name":"baozha_00003"},{"time":0.1333,"name":"baozha_00005"},{"time":0.2,"name":"baozha_00007"},{"time":0.2667,"name":"baozha_00009"},{"time":0.3333,"name":"baozha_00011"},{"time":0.4,"name":"baozha_00013"},{"time":0.4667,"name":"baozha_00015"},{"time":0.5333,"name":"baozha_00017"},{"time":0.6,"name":"baozha_00019"},{"time":0.6667,"name":"baozha_00021"}]},"face":{"color":[{"time":1.1667,"color":"ffffffff"},{"time":1.5,"color":"ffffff00"}]},"lfq":{"color":[{"time":1.5,"color":"ffffffff"},{"time":2,"color":"ffffff00"}]}},"bones":{"open":{"translate":[{"time":2.3333,"x":0,"y":0}]},"lfq2":{"scale":[{"time":0,"x":0.6,"y":0.6,"curve":[0.169,0.42,0.75,1]},{"time":0.3333,"x":1,"y":1}]},"lfq1":{"translate":[{"time":0,"x":0,"y":0,"curve":"stepped"},{"time":1,"x":0,"y":0,"curve":[0.25,0,0.845,0.83]},{"time":2,"x":0,"y":-50.39}]},"eye":{"scale":[{"time":0.2333,"x":1,"y":1},{"time":0.3,"x":1.54,"y":0.1},{"time":0.3667,"x":1,"y":1,"curve":"stepped"},{"time":0.5,"x":1,"y":1},{"time":0.5667,"x":1.54,"y":0.1},{"time":0.6333,"x":1,"y":1}]},"eye2":{"scale":[{"time":0.2333,"x":1,"y":1},{"time":0.3,"x":1.54,"y":0.1},{"time":0.3667,"x":1,"y":1,"curve":"stepped"},{"time":0.5,"x":1,"y":1},{"time":0.5667,"x":1.54,"y":0.1},{"time":0.6333,"x":1,"y":1}]}}}}}