{"skeleton":{"hash":"sH2YA8yY/id+nIJ/CDBG0ZibFns","spine":"3.7.92","width":300,"height":300,"images":"","audio":""},"bones":[{"name":"root"},{"name":"bone","parent":"root"},{"name":"bone2","parent":"root"}],"slots":[{"name":"baozha_00001","bone":"bone","attachment":"baozha_00001"},{"name":"baozhaG_00001","bone":"bone2","attachment":"baozhaG_00001","blend":"additive"}],"skins":{"default":{"baozhaG_00001":{"baozhaG_00001":{"width":300,"height":300},"baozhaG_00003":{"width":300,"height":300},"baozhaG_00005":{"width":300,"height":300},"baozhaG_00007":{"width":300,"height":300},"baozhaG_00010":{"width":300,"height":300},"baozhaG_00012":{"width":300,"height":300}},"baozha_00001":{"baozha_00001":{"width":300,"height":300},"baozha_00003":{"width":300,"height":300},"baozha_00005":{"width":300,"height":300},"baozha_00007":{"width":300,"height":300},"baozha_00010":{"width":300,"height":300},"baozha_00012":{"width":300,"height":300},"baozha_00014":{"width":300,"height":300},"baozha_00016":{"width":300,"height":300}}}},"animations":{"animation":{"slots":{"baozhaG_00001":{"color":[{"time":0.4,"color":"ffffffff"},{"time":0.4333,"color":"ffffff00"}],"attachment":[{"time":0,"name":"baozhaG_00001"},{"time":0.0667,"name":"baozhaG_00003"},{"time":0.1333,"name":"baozhaG_00005"},{"time":0.2,"name":"baozhaG_00007"},{"time":0.2667,"name":"baozhaG_00010"},{"time":0.3333,"name":"baozhaG_00012"}]},"baozha_00001":{"color":[{"time":0.5333,"color":"ffffffff"},{"time":0.5667,"color":"ffffff00"}],"attachment":[{"time":0,"name":"baozha_00001"},{"time":0.0667,"name":"baozha_00003"},{"time":0.1333,"name":"baozha_00005"},{"time":0.2,"name":"baozha_00007"},{"time":0.2667,"name":"baozha_00010"},{"time":0.3333,"name":"baozha_00012"},{"time":0.4,"name":"baozha_00014"},{"time":0.4667,"name":"baozha_00016"}]}}}}}