{"skeleton":{"hash":"tYETBqjtC7tqCBQyUT7/03BQII4","spine":"3.6.53","width":0,"height":0,"images":""},"bones":[{"name":"root"},{"name":"eff_GX","parent":"root"},{"name":"eff_GX2","parent":"eff_GX"},{"name":"eff_g","parent":"eff_GX","x":121.54,"y":27.77},{"name":"eff_lizi","parent":"eff_GX","x":326.6,"y":-1.7,"scaleX":1.4,"scaleY":1.4},{"name":"heng","parent":"eff_GX","x":129.59,"y":-67.42}],"slots":[{"name":"guangxiao23_00000","bone":"heng","attachment":"guangxiao23_00000"},{"name":"guang_00000","bone":"eff_g","attachment":"guang_00000","blend":"additive"},{"name":"lizi_00003","bone":"eff_lizi","attachment":"lizi_00011","blend":"additive"},{"name":"78087_00000","bone":"eff_GX2","attachment":"78087_00000","blend":"additive"}],"skins":{"default":{"78087_00000":{"78087_00000":{"width":300,"height":220}},"guang_00000":{"guang_00000":{"width":210,"height":60}},"guangxiao23_00000":{"guangxiao23_00000":{"width":190,"height":45}},"lizi_00003":{"lizi_00003":{"width":200,"height":140},"lizi_00005":{"width":200,"height":140},"lizi_00007":{"width":200,"height":140},"lizi_00009":{"width":200,"height":140},"lizi_00011":{"width":200,"height":140},"lizi_00013":{"width":200,"height":140},"lizi_00015":{"width":200,"height":140},"lizi_00017":{"width":200,"height":140},"lizi_00019":{"width":200,"height":140},"lizi_00021":{"width":200,"height":140},"lizi_00023":{"width":200,"height":140},"lizi_00025":{"width":200,"height":140},"lizi_00027":{"width":200,"height":140},"lizi_00029":{"width":200,"height":140},"lizi_00031":{"width":200,"height":140},"lizi_00033":{"width":200,"height":140},"lizi_00035":{"width":200,"height":140},"lizi_00037":{"width":200,"height":140},"lizi_00039":{"width":200,"height":140},"lizi_00041":{"width":200,"height":140},"lizi_00043":{"width":200,"height":140},"lizi_00045":{"width":200,"height":140}}}},"animations":{"animation":{"slots":{"78087_00000":{"color":[{"time":0,"color":"ffffff00"},{"time":0.1667,"color":"ffffffff","curve":"stepped"},{"time":0.4667,"color":"ffffffff"},{"time":0.6667,"color":"ffffff00"}]},"guang_00000":{"color":[{"time":0,"color":"ffffff00"},{"time":0.1667,"color":"ffffffff","curve":"stepped"},{"time":0.3667,"color":"ffffffff"},{"time":0.5,"color":"ffffff00"}]},"guangxiao23_00000":{"color":[{"time":0,"color":"ffffff00","curve":[0.206,0.23,0.75,1]},{"time":0.1333,"color":"ffffffff","curve":"stepped"},{"time":0.2667,"color":"ffffffff"},{"time":0.5,"color":"ffffff00"}]},"lizi_00003":{"color":[{"time":0,"color":"ffffff00","curve":"stepped"},{"time":0.1667,"color":"ffffff00"},{"time":0.2,"color":"ffffffff"}],"attachment":[{"time":0.1667,"name":"lizi_00003"},{"time":0.2333,"name":"lizi_00005"},{"time":0.3,"name":"lizi_00007"},{"time":0.3667,"name":"lizi_00009"},{"time":0.4333,"name":"lizi_00011"},{"time":0.5,"name":"lizi_00013"},{"time":0.5667,"name":"lizi_00015"},{"time":0.6333,"name":"lizi_00017"},{"time":0.7,"name":"lizi_00019"},{"time":0.7667,"name":"lizi_00021"},{"time":0.8333,"name":"lizi_00023"},{"time":0.9,"name":"lizi_00025"},{"time":0.9667,"name":"lizi_00027"},{"time":1.0333,"name":"lizi_00029"},{"time":1.1,"name":"lizi_00031"},{"time":1.1667,"name":"lizi_00033"},{"time":1.2333,"name":"lizi_00035"},{"time":1.3,"name":"lizi_00037"},{"time":1.3667,"name":"lizi_00039"},{"time":1.4333,"name":"lizi_00041"},{"time":1.5,"name":"lizi_00043"},{"time":1.5667,"name":"lizi_00045"}]}},"bones":{"eff_lizi":{"translate":[{"time":0.1667,"x":-278.72,"y":36.32},{"time":1.6333,"x":-334.71,"y":36.32}]},"heng":{"translate":[{"time":0,"x":123.85,"y":52.9},{"time":0.5,"x":-311.88,"y":52.9}],"scale":[{"time":0,"x":1.32,"y":0.96,"curve":[0.206,0.22,0.75,1]},{"time":0.2333,"x":1.28,"y":2.34,"curve":[0.25,0,0.881,0.88]},{"time":0.5,"x":1.42,"y":0.94}]},"eff_g":{"translate":[{"time":0,"x":27.85,"y":-35.75},{"time":0.5,"x":-266.85,"y":-35.75}],"scale":[{"time":0,"x":1.2,"y":0.56,"curve":[0.177,0.19,0.75,1]},{"time":0.2667,"x":1.28,"y":2.12,"curve":[0.25,0,0.896,0.89]},{"time":0.5,"x":1.3,"y":0.5}]},"eff_GX2":{"translate":[{"time":0,"x":83.05,"y":0},{"time":0.6667,"x":-78.07,"y":0}],"scale":[{"time":0,"x":1.46,"y":0.5,"curve":[0.187,0.2,0.75,1]},{"time":0.3,"x":2.02,"y":1.96,"curve":[0.25,0,0.872,0.86]},{"time":0.6667,"x":1.46,"y":0.5}]},"eff_GX":{"scale":[{"time":0,"x":-1,"y":1}]}}},"animation2":{"slots":{"78087_00000":{"color":[{"time":0,"color":"ffffff00"},{"time":0.1667,"color":"ffffffff","curve":"stepped"},{"time":0.4667,"color":"ffffffff"},{"time":0.6667,"color":"ffffff00"}]},"guang_00000":{"color":[{"time":0,"color":"ffffff00"},{"time":0.1667,"color":"ffffffff","curve":"stepped"},{"time":0.3667,"color":"ffffffff"},{"time":0.5,"color":"ffffff00"}]},"guangxiao23_00000":{"color":[{"time":0,"color":"ffffff00","curve":[0.206,0.23,0.75,1]},{"time":0.1333,"color":"ffffffff","curve":"stepped"},{"time":0.2667,"color":"ffffffff"},{"time":0.5,"color":"ffffff00"}]},"lizi_00003":{"color":[{"time":0,"color":"ffffff00","curve":"stepped"},{"time":0.1667,"color":"ffffff00"},{"time":0.2,"color":"ffffffff"}],"attachment":[{"time":0.1667,"name":"lizi_00003"},{"time":0.2333,"name":"lizi_00005"},{"time":0.3,"name":"lizi_00007"},{"time":0.3667,"name":"lizi_00009"},{"time":0.4333,"name":"lizi_00011"},{"time":0.5,"name":"lizi_00013"},{"time":0.5667,"name":"lizi_00015"},{"time":0.6333,"name":"lizi_00017"},{"time":0.7,"name":"lizi_00019"},{"time":0.7667,"name":"lizi_00021"},{"time":0.8333,"name":"lizi_00023"},{"time":0.9,"name":"lizi_00025"},{"time":0.9667,"name":"lizi_00027"},{"time":1.0333,"name":"lizi_00029"},{"time":1.1,"name":"lizi_00031"},{"time":1.1667,"name":"lizi_00033"},{"time":1.2333,"name":"lizi_00035"},{"time":1.3,"name":"lizi_00037"},{"time":1.3667,"name":"lizi_00039"},{"time":1.4333,"name":"lizi_00041"},{"time":1.5,"name":"lizi_00043"},{"time":1.5667,"name":"lizi_00045"}]}},"bones":{"eff_lizi":{"translate":[{"time":0.1667,"x":-278.72,"y":36.32},{"time":1.6333,"x":-334.71,"y":36.32}]},"heng":{"translate":[{"time":0,"x":123.85,"y":52.9},{"time":0.5,"x":-311.88,"y":52.9}],"scale":[{"time":0,"x":1.32,"y":0.96,"curve":[0.206,0.22,0.75,1]},{"time":0.2333,"x":1.28,"y":2.34,"curve":[0.25,0,0.881,0.88]},{"time":0.5,"x":1.42,"y":0.94}]},"eff_g":{"translate":[{"time":0,"x":27.85,"y":-35.75},{"time":0.5,"x":-266.85,"y":-35.75}],"scale":[{"time":0,"x":1.2,"y":0.56,"curve":[0.177,0.19,0.75,1]},{"time":0.2667,"x":1.28,"y":2.12,"curve":[0.25,0,0.896,0.89]},{"time":0.5,"x":1.3,"y":0.5}]},"eff_GX2":{"translate":[{"time":0,"x":83.05,"y":0},{"time":0.6667,"x":-78.07,"y":0}],"scale":[{"time":0,"x":1.46,"y":0.5,"curve":[0.187,0.2,0.75,1]},{"time":0.3,"x":2.02,"y":1.96,"curve":[0.25,0,0.872,0.86]},{"time":0.6667,"x":1.46,"y":0.5}]}}}}}