{"skeleton":{"hash":"eDOu+nUEESorQ15NxaRvagLHZ6E","spine":"3.6.53","width":256.84,"height":298,"images":""},"bones":[{"name":"root"},{"name":"body","parent":"root","x":-20.58,"y":-39.35},{"name":"face","parent":"body","length":53.95,"rotation":105.57,"x":26.02,"y":60.81},{"name":"XX","parent":"face","rotation":-15.6,"x":20.24,"y":-6.48,"scaleX":0.6,"scaleY":0.6},{"name":"body2","parent":"body","x":-15.23,"y":-32.92},{"name":"body3","parent":"body","x":-36.44,"y":-38.64},{"name":"body4","parent":"body","x":55.36,"y":2.98},{"name":"body5","parent":"body","x":71.5,"y":-7.37},{"name":"body6","parent":"body","x":49.32,"y":-31.81},{"name":"body7","parent":"body","x":17.17,"y":-40.08},{"name":"gebo87","parent":"body","length":31.25,"rotation":-110.14,"x":-23.7,"y":37.15},{"name":"xiuzi235","parent":"gebo87","length":26.53,"rotation":-96.11,"x":32.83,"y":2.32,"transform":"noScale"},{"name":"shou1","parent":"xiuzi235","length":15.52,"rotation":28.3,"x":28.59,"y":-7.18},{"name":"body8","parent":"shou1","rotation":168.35,"x":20.76,"y":-21.7},{"name":"face2","parent":"face","length":12.19,"rotation":122.1,"x":37.68,"y":-14.58},{"name":"face3","parent":"face","length":8.73,"rotation":-128.35,"x":38.68,"y":-29.57},{"name":"gaizi1","parent":"body8","rotation":-14.4,"x":-10.55,"y":20.93},{"name":"gaoyaotie","parent":"face","length":6.01,"rotation":79.47,"x":85.16,"y":52.27},{"name":"gaoyaotie3","parent":"face","length":5.86,"rotation":-66.58,"x":88.13,"y":40.99},{"name":"tui1","parent":"body","length":28.08,"rotation":116.87,"x":44.83,"y":-20.13},{"name":"jiao1","parent":"tui1","length":42.27,"rotation":94.56,"x":27.79,"y":1.64,"transform":"noScale"},{"name":"jiao2","parent":"jiao1","length":14.2,"rotation":17.38,"x":45.08,"y":-0.54},{"name":"maozi","parent":"face","x":144.22,"y":43.8},{"name":"meimao2","parent":"face","x":91.13,"y":0.37},{"name":"xiuzi23","parent":"body","length":50.45,"rotation":32.86,"x":49.54,"y":44.67},{"name":"pai","parent":"xiuzi23","length":22.99,"rotation":23.45,"x":65.83,"y":6.1},{"name":"toufa","parent":"face","length":34.57,"rotation":132.49,"x":116.91,"y":42.32},{"name":"toufa2","parent":"toufa","length":31.86,"rotation":5.68,"x":41.68,"y":0.84},{"name":"toufa3","parent":"toufa2","length":20.22,"rotation":-21.03,"x":31.86},{"name":"toufa4","parent":"face","length":29.21,"rotation":149.3,"x":67.29,"y":67.22},{"name":"toufa5","parent":"toufa4","length":23.29,"rotation":-0.05,"x":29.21},{"name":"tui32","parent":"body","length":44.06,"rotation":-58.43,"x":-14.11,"y":-19.97},{"name":"tui33","parent":"root","x":-7.13,"y":-108.96},{"name":"yanjing","parent":"face","rotation":-105.57,"x":59.63,"y":-17.62},{"name":"zuijiao1","parent":"face","x":28.16,"y":11.5},{"name":"zuijiao2","parent":"face","x":30.02,"y":-45.82}],"slots":[{"name":"yinzi","bone":"root","attachment":"yinzi"},{"name":"maozi","bone":"maozi","attachment":"maozi"},{"name":"gebo87","bone":"gebo87","attachment":"gebo87"},{"name":"xiuzi235","bone":"xiuzi235","attachment":"xiuzi235"},{"name":"qunbai","bone":"body","attachment":"qunbai"},{"name":"tuizi23","bone":"body","attachment":"tuizi23"},{"name":"tui32","bone":"tui32","attachment":"tui32"},{"name":"body","bone":"body","attachment":"body"},{"name":"xiuzi23","bone":"xiuzi23","attachment":"xiuzi23"},{"name":"pai","bone":"pai","attachment":"pai"},{"name":"ya","bone":"face","attachment":"ya"},{"name":"face","bone":"face","attachment":"face"},{"name":"huzi2","bone":"face","attachment":"huzi2"},{"name":"meimao2","bone":"meimao2","attachment":"meimao2"},{"name":"meimao1","bone":"meimao2","attachment":"meimao1"},{"name":"shenzi","bone":"body","attachment":"shenzi"},{"name":"toufa","bone":"toufa4","attachment":"toufa"},{"name":"erduo","bone":"face","attachment":"erduo"},{"name":"chahu","bone":"body8","attachment":"chahu"},{"name":"gaizi1","bone":"gaizi1","attachment":"gaizi1"},{"name":"shou1","bone":"shou1","attachment":"shou1"},{"name":"tui1","bone":"tui1","attachment":"tui1"},{"name":"jiao1","bone":"jiao1","attachment":"jiao1"},{"name":"gaoyaotie","bone":"gaoyaotie3","attachment":"gaoyaotie"},{"name":"2345","bone":"XX","color":"ffffff85","attachment":"2345","blend":"additive"},{"name":"yanjing_00001","bone":"yanjing","attachment":"yanjing_00005","blend":"additive"}],"skins":{"default":{"2345":{"2345":{"width":46,"height":51}},"body":{"body":{"type":"mesh","uvs":[1,0.16979,0.90326,0.32151,1,0.50621,0.94938,0.55558,1,0.68253,1,0.79053,0.94938,0.67306,0.86157,0.57074,0.74567,0.548,0.5683,0.57074,0.40148,0.66169,0.34352,0.77537,0.32772,0.88148,0.23816,0.96674,0.15562,1,0.05728,1,0,0.96674,0,0.89095,0.06782,0.8019,0.06957,0.74316,0.06079,0.62569,0.08011,0.51958,0.11874,0.41348,0,0.1658,0,0,1,0,0.15211,0.73179,0.25572,0.65979,0.35231,0.54232,0.46821,0.44758,0.61572,0.41537,0.80011,0.49116,0.28745,0.7394,0.16481,0.86362,0.3815,0.60339,0.51188,0.50529,0.66455,0.50159],"triangles":[13,33,12,13,14,33,17,18,33,14,15,33,15,16,17,33,15,17,6,4,5,6,3,4,6,7,3,33,32,12,12,32,11,33,18,26,18,19,26,33,26,32,11,32,10,19,20,26,26,27,32,10,32,34,26,20,27,32,27,34,9,34,35,9,10,34,20,21,27,27,28,34,27,21,28,34,28,35,7,36,31,7,31,3,9,36,8,9,35,36,3,31,2,7,8,36,21,22,28,28,29,35,28,22,29,31,1,2,35,30,36,35,29,30,36,30,31,31,30,1,30,29,23,30,25,1,23,29,22,0,1,25,24,25,30,24,30,23],"vertices":[1,1,77.12,49.47,1,1,1,65.22,32.18,1,1,1,77.12,11.12,1,1,1,70.89,5.49,1,1,1,77.12,-8.98,1,1,1,77.12,-21.29,1,1,1,70.89,-7.9,1,2,1,60.09,3.77,0.2163,6,4.73,0.79,0.7837,2,1,45.84,6.36,0.56,6,-9.52,3.38,0.44,1,1,24.02,3.77,1,2,1,3.5,-6.6,0.92,4,18.73,26.32,0.08,2,1,-3.63,-19.56,0.76,4,11.6,13.36,0.24,2,1,-5.57,-31.66,0.384,4,9.65,1.27,0.616,2,1,-16.59,-41.38,0.144,4,-1.36,-8.45,0.856,3,1,-26.74,-45.17,0.07936,5,9.7,-6.53,0.41664,4,-11.51,-12.24,0.504,2,1,-38.84,-45.17,0.224,5,-2.39,-6.53,0.776,2,1,-45.88,-41.38,0.264,5,-9.44,-2.74,0.736,2,1,-45.88,-32.74,0.112,5,-9.44,5.9,0.888,2,1,-37.54,-22.59,0.688,5,-1.1,16.05,0.312,1,1,-37.32,-15.89,1,1,1,-38.4,-2.5,1,1,1,-36.03,9.6,1,1,1,-31.28,21.69,1,1,1,-45.88,49.93,1,1,1,-45.88,68.83,1,1,1,77.12,68.83,1,1,1,-27.17,-14.59,1,1,1,-14.43,-6.39,1,1,1,-2.55,7.01,1,1,1,11.71,17.81,1,1,1,29.85,21.48,1,2,1,52.53,12.84,0.776,6,-2.83,9.86,0.224,2,1,-10.52,-15.46,0.696,4,4.7,17.46,0.304,3,1,-25.61,-29.62,0.36617,5,10.83,9.01,0.29753,4,-10.38,3.3,0.3363,1,1,1.04,0.04,1,1,1,17.08,11.23,1,2,1,35.86,11.65,0.904,6,-19.5,8.67,0.096],"hull":26,"edges":[48,50,28,26,26,24,24,22,28,30,32,30,32,34,36,34,36,38,38,40,40,42,42,44,38,52,52,54,54,56,56,58,58,60,60,62,62,6,6,8,22,20,20,18,18,16,16,14,14,12,8,10,12,10,64,66,66,34,64,68,68,70,70,72,72,14,46,48,44,46,6,4,2,4,0,50,2,0],"width":123,"height":114}},"chahu":{"chahu":{"x":-5.89,"y":4.95,"width":59,"height":46}},"erduo":{"erduo":{"x":39.18,"y":77.22,"rotation":-105.57,"width":44,"height":68}},"face":{"face":{"type":"mesh","uvs":[1,1,0,1,0,0,1,0,0.51381,0.67028,0.48988,0.69809,0.50823,0.73371,0.57601,0.76065,0.69382,0.76353,0.79802,0.71791,0.84175,0.6581,0.8464,0.60437,0.83315,0.58554,0.81454,0.58482,0.78995,0.60871,0.74875,0.63913,0.67831,0.66882,0.58328,0.67751,0.513,0.70414,0.5215,0.71959,0.57902,0.74431,0.68798,0.74166,0.78515,0.69783,0.82343,0.6509,0.82715,0.60224,0.80163,0.62136,0.75803,0.65438,0.68201,0.68566,0.58419,0.69609,0.5273,0.68798,0.49749,0.82435,0.70013,0.83577,0.81891,0.76154,0.91461,0.62337,0.50896,0.62202,0.66155,0.6175,0.73835,0.57678,0.81837,0.50404,0.89933,0.51466,0.40276,0.64704,0.39168,0.72825],"triangles":[10,11,33,10,23,11,23,25,24,24,13,12,12,13,37,24,12,11,11,12,38,23,24,11,14,13,24,25,14,24,14,36,13,6,40,5,6,19,7,28,19,29,6,18,19,6,5,18,19,18,29,18,5,4,4,5,34,29,18,4,29,4,17,29,17,28,17,4,34,20,19,28,7,19,20,30,6,7,1,30,0,1,40,30,30,31,0,31,32,0,32,33,0,40,1,39,30,7,31,7,8,31,32,8,9,32,31,8,30,40,6,8,7,21,7,20,21,9,21,22,9,8,21,32,10,33,32,9,10,21,28,27,21,20,28,22,27,26,22,21,27,40,39,5,39,1,2,10,22,23,10,9,22,22,26,23,28,16,27,28,17,16,26,16,15,26,27,16,16,17,35,5,39,34,35,17,34,16,35,15,26,25,23,26,14,25,26,15,14,39,2,34,35,36,15,15,36,14,11,38,33,0,33,3,33,38,3,36,35,34,37,36,34,38,12,37,13,36,37,2,37,34,38,37,3,37,2,3],"vertices":[1,2,-36.88,-54.18,1,1,2,5.53,98.02,1,1,2,145.21,59.09,1,1,2,102.79,-93.11,1,1,34,1.63,-4.52,1,1,34,-1.24,0.2,1,1,34,-6.99,-1.2,1,2,2,14.53,1.03,0.496,34,-13.63,-10.47,0.504,2,2,9.13,-16.79,0.808,34,-19.03,-28.29,0.192,2,2,11.08,-34.42,0.912,35,-18.93,11.4,0.088,2,2,17.58,-43.41,0.456,35,-12.43,2.42,0.544,1,35,-5.13,-0.38,1,1,35,-1.93,0.9,1,1,35,-1.04,3.7,1,2,2,26.68,-37.45,0.48,35,-3.34,8.38,0.52,2,2,24.18,-29.99,0.88,35,-5.84,15.83,0.12,2,2,23.02,-18.11,0.848,34,-5.14,-29.61,0.152,2,2,25.84,-3.31,0.488,34,-2.32,-14.81,0.512,1,34,-3.06,-3.08,1,1,34,-5.58,-3.77,1,2,2,16.69,-0.06,0.512,34,-11.47,-11.56,0.488,2,2,12.44,-16.75,0.84,34,-15.73,-28.25,0.16,2,2,14.44,-33.25,0.88,35,-15.58,12.58,0.12,2,2,19.37,-40.9,0.48,35,-10.65,4.92,0.52,1,35,-4.01,2.46,1,2,2,24.42,-38.73,0.472,35,-5.6,7.09,0.528,2,2,21.66,-30.81,0.888,35,-8.36,15.01,0.112,2,2,20.51,-18.02,0.832,34,-7.65,-29.52,0.168,2,2,23.2,-2.73,0.512,34,-4.96,-14.23,0.488,1,34,-1.41,-5.88,1,1,2,8.96,15.46,1,1,2,-1.23,-14.94,1,1,2,4.11,-35.9,1,1,2,19.34,-55.85,1,1,2,36.74,5.84,1,1,2,30.9,-17.56,1,1,2,33.33,-30.84,1,1,2,40.1,-45.84,1,1,2,35.18,-57.75,1,1,2,37.75,22.98,1,1,2,26.88,27.83,1],"hull":4,"edges":[0,2,2,4,4,6,0,6,8,10,10,12,12,14,14,16,16,18,18,20,20,22,22,24,24,26,26,28,28,30,30,32,32,34,34,8,36,38,38,40,40,42,42,44,44,46,46,48,48,50,50,52,52,54,54,56,56,58,58,36,60,62,62,64,64,66,68,70,70,72,72,74,74,76,76,66,68,78,78,80,80,60],"width":158,"height":145}},"gaizi1":{"gaizi1":{"x":0.78,"y":-1.08,"width":24,"height":23}},"gaoyaotie":{"gaoyaotie":{"type":"mesh","uvs":[0.55219,0.04802,0.76305,0.06802,1,0.06802,1,0.23602,1,0.42177,0.94121,0.62697,0.84339,0.79617,0.74165,1,0.6673,1,0.52644,0.90776,0.34252,0.82137,0.20557,0.77097,0,0.68457,0,0.55137,0.186,0.40377,0.26818,0.27777,0.29557,0.17337,0.33035,0.00001,0.366,0.37137,0.366,0.52977,0.44426,0.70257,0.61252,0.70257,0.72991,0.50097,0.6673,0.26337,0.58513,0.81938,0.72644,0.77938,0.82209,0.28139,0.25036,0.58938],"triangles":[26,3,4,26,23,1,5,22,4,27,14,19,9,10,24,9,24,8,7,8,25,6,25,5,14,15,18,18,16,0,23,0,1,10,20,24,24,21,25,21,19,22,19,18,22,18,23,22,22,23,26,18,0,23,19,14,18,20,19,21,27,19,20,24,20,21,25,21,22,5,25,22,8,24,25,16,17,0,15,16,18,6,7,25,20,10,27,10,11,27,22,26,4,11,12,27,12,13,27,13,14,27,26,1,2,2,3,26],"vertices":[2,18,2.61,8.09,0.12,2,96.59,41.81,0.88,2,18,6.07,4.65,0.384,2,94.8,37.27,0.616,1,18,10.3,1.22,1,2,18,7.66,-2.05,0.328,2,89.29,33.15,0.672,2,18,4.74,-5.66,0.384,2,84.82,34.4,0.616,2,18,0.46,-8.79,0.184,2,80.24,37.08,0.816,1,2,76.77,40.38,1,1,2,72.49,44,1,1,2,72.95,45.65,1,1,2,76.04,48.15,1,2,17,-1.7,5.69,0.36,2,79.26,51.65,0.64,2,17,1.33,4.16,0.616,2,81.32,54.34,0.384,1,17,5.85,1.6,1,2,17,5.56,-1.72,0.904,2,87.87,57.42,0.096,2,17,0.97,-5.02,0.448,2,90.28,52.31,0.552,2,17,-1.19,-7.99,0.12,2,92.81,49.64,0.88,1,2,95.15,48.34,1,1,2,99.11,46.4,1,1,2,89.95,48.1,1,1,2,86.13,49.17,1,1,2,81.49,48.59,1,1,2,80.45,44.87,1,1,2,84.58,40.91,1,1,2,90.69,40.7,1,1,2,77.81,46.26,1,1,2,77.9,42.86,1,2,18,3.77,-0.35,0.28,2,89.3,37.4,0.72,2,17,-0.1,-0.27,0.416,2,85.41,52.13,0.584],"hull":18,"edges":[36,38,38,40,40,42,42,44,44,46,30,28,28,26,24,26,24,22,22,20,20,18,18,16,14,16,12,14,12,10,10,8,30,32,32,34,0,34,0,2,2,4,4,6,6,8,20,48,48,50,50,12,2,52,52,8,28,54,54,22],"width":23,"height":25}},"gebo87":{"gebo87":{"x":9.71,"y":-0.89,"rotation":110.14,"width":24,"height":37}},"huzi2":{"huzi2":{"type":"mesh","uvs":[0.86639,0.12346,0.93676,0.21642,1,0.09517,1,0.40233,0.94057,0.60846,0.80933,0.661,0.70663,0.49125,0.62675,0.36192,0.54687,0.42658,0.51644,0.53166,0.44226,0.81054,0.32434,0.99998,0.10561,1,0,0.89137,0,0.70141,0.13414,0.67312,0.19881,0.37,0.31863,0.16792,0.47459,0.18004,0.57349,0.12346,0.64387,0,0.76749,0],"triangles":[4,6,3,1,2,3,6,1,3,13,14,15,12,13,15,11,12,15,11,15,10,0,7,19,18,19,7,19,20,21,21,0,19,8,18,7,1,6,7,1,7,0,18,8,17,5,6,4,8,16,17,9,16,8,9,15,16,10,15,9],"vertices":[2,2,36.08,-38.38,0.392,15,8.52,3.42,0.608,2,2,32.96,-41.23,0.248,15,12.69,2.75,0.752,1,15,14.54,6.68,1,2,2,27.8,-43.14,0.288,15,17.39,-0.11,0.712,2,2,23.85,-38.89,0.36,15,16.52,-5.85,0.64,2,2,24.43,-32.11,0.616,15,10.83,-9.6,0.384,2,2,29.76,-28.16,0.672,15,4.43,-7.87,0.328,1,2,33.84,-25.07,1,1,2,33.44,-20.72,1,2,2,31.43,-18.55,0.72,14,-0.04,7.4,0.28,2,2,26,-13.11,0.728,14,7.45,9.11,0.272,2,2,23.23,-6.1,0.448,14,14.87,7.73,0.552,2,2,26.23,4.65,0.08,14,22.38,-0.52,0.92,1,14,24.08,-6.26,1,2,2,34.58,7.91,0.088,14,20.71,-9.33,0.912,2,2,33.39,1.14,0.352,14,15.6,-4.73,0.648,2,2,39.52,-3.99,0.672,14,8,-7.19,0.328,2,2,42.55,-11.18,0.752,14,0.3,-5.94,0.248,1,2,40.13,-18.76,1,1,2,40.09,-23.99,1,2,2,41.98,-28.24,0.88,15,-3.09,1.76,0.12,2,2,40.28,-34.31,0.56,15,2.72,4.2,0.44],"hull":22,"edges":[38,36,36,34,34,32,32,30,30,28,26,28,26,24,22,24,22,20,20,18,18,16,16,14,14,12,12,10,10,8,8,6,38,40,40,42,42,0,0,2,6,4,2,4,16,36,14,38],"width":51,"height":24}},"jiao1":{"jiao1":{"type":"mesh","uvs":[1,0.41413,0.85073,0.64046,0.58361,0.79213,0.3768,0.81517,0.28277,0.77695,0.27838,0.79122,0.23735,0.9472,0.17487,1,0,1,0,0.75915,0.08317,0.59063,0.2048,0.38836,0.34169,0.16447,0.59537,0,1,0,0.19104,0.50143,0.18186,0.63203,0.22314,0.73236,0.18025,0.49648,0.17105,0.63107,0.21704,0.74608],"triangles":[19,10,18,6,20,5,7,8,9,19,9,10,20,9,19,6,9,20,6,7,9,19,18,15,20,19,17,13,14,0,15,18,11,1,13,0,12,13,1,2,11,12,2,15,11,4,17,16,16,15,4,4,15,3,20,17,4,5,20,4,2,12,1,2,3,15,16,19,15,17,19,16,18,10,11],"vertices":[1,20,-14.63,18.85,1,1,20,1.29,23.44,1,1,20,22.66,19.98,1,1,20,36.54,12.95,1,1,20,41.48,7.51,1,2,20,42.17,8,0.42751,21,-0.23,9.02,0.57249,2,20,49.18,13.58,0.064,21,8.14,12.25,0.936,1,21,13.37,10.6,1,1,21,22.01,0.73,1,1,21,12.22,-7.84,1,2,20,49.01,-8.88,0.08,21,1.26,-9.13,0.92,1,20,35.53,-13.44,1,2,20,20.47,-18.4,0.99993,21,-28.82,-9.7,0.00007,1,20,-0.4,-16.06,1,1,20,-26.29,-0.24,1,1,20,39.6,-8.77,1,1,20,43.86,-3.11,1,1,20,44.04,3.13,1,2,20,40.15,-9.42,0.72888,21,-7.36,-7,0.27112,2,20,44.53,-3.58,0.4274,21,-1.43,-2.74,0.5726,2,20,44.82,3.52,0.46212,21,0.97,3.95,0.53788],"hull":15,"edges":[22,30,30,32,32,34,34,8,8,6,36,38,38,40,40,10,10,12,14,16,12,14,36,20,16,18,20,18,22,24,26,28,24,26,6,4,4,2,0,28,2,0,20,22,10,8],"width":75,"height":54}},"maozi":{"maozi":{"x":-7.83,"y":-1.46,"rotation":-105.57,"width":67,"height":66}},"meimao1":{"meimao1":{"x":-4.16,"y":-36.65,"rotation":-105.57,"width":17,"height":17}},"meimao2":{"meimao2":{"x":-1.58,"y":0.53,"rotation":-105.57,"width":26,"height":14}},"pai":{"pai":{"x":44.27,"y":16.19,"rotation":-56.31,"width":59,"height":113}},"qunbai":{"qunbai":{"type":"mesh","uvs":[1,0.43047,0.95671,0.60783,0.86046,0.742,0.72376,0.8466,0.55496,0.91027,0.38199,0.93529,0.19925,0.9512,0.06952,0.91709,0,0.83978,0,0.62503,0,0,0.81843,0,1,0,0.39503,0.2104,0.16596,0.44991,0.65413,0.09451,0.79315,0.59402,0.87801,0.47106,0.89529,0.35322,0.68629,0.6683,0.53701,0.73235,0.39087,0.75028,0.21801,0.73747,0.12373,0.71698,0.92672,0.23539,0.50923,0.56296,0.39158,0.60899,0.21276,0.62433,0.65981,0.48242,0.79393,0.3731,0.84805,0.21009],"triangles":[18,24,0,17,18,0,1,17,0,16,17,1,2,16,1,19,16,2,3,19,2,20,19,3,4,20,3,21,20,4,5,21,4,8,9,23,7,8,23,22,7,23,6,22,5,6,7,22,15,10,11,30,11,12,15,11,30,13,10,15,24,30,12,18,30,24,29,15,30,29,30,18,24,12,0,14,10,13,28,15,29,13,15,28,13,26,14,28,25,13,17,16,28,17,28,29,25,26,13,27,14,26,9,10,14,9,14,27,19,28,16,25,28,19,23,9,27,20,25,19,26,25,20,22,27,26,23,27,22,21,22,26,21,26,20,5,22,21,17,29,18],"vertices":[1,7,2.62,-4.22,1,2,8,19.65,7.27,0.752,7,-2.53,-17.17,0.248,2,8,8.2,-2.52,0.864,7,-13.99,-26.96,0.136,2,9,24.08,-1.89,0.216,8,-8.07,-10.16,0.784,2,9,3.99,-6.53,0.896,8,-28.16,-14.81,0.104,2,5,37.02,-9.81,0.248,9,-16.59,-8.36,0.752,2,5,15.27,-10.97,0.76,9,-38.34,-9.52,0.24,1,5,-0.17,-8.48,1,1,5,-8.44,-2.84,1,2,1,-44.88,-25.8,0.52,5,-8.44,12.84,0.48,1,1,-44.88,19.83,1,1,1,52.51,19.83,1,1,1,74.12,19.83,1,1,1,2.13,4.47,1,1,1,-25.13,-13.01,1,1,1,32.96,12.93,1,2,1,49.5,-23.53,0.56,8,0.19,8.28,0.44,3,1,59.6,-14.56,0.51808,8,10.29,17.26,0.17662,7,-11.9,-7.18,0.3053,2,1,61.66,-5.95,0.368,7,-9.84,1.42,0.632,3,1,36.79,-28.96,0.45824,9,19.62,11.13,0.14825,8,-12.53,2.86,0.39351,3,1,19.02,-33.63,0.52,9,1.86,6.45,0.47232,8,-30.29,-1.82,0.00768,2,1,1.63,-34.94,0.648,9,-15.54,5.14,0.352,2,1,-18.94,-34,0.616,5,17.5,4.63,0.384,2,1,-30.16,-32.51,0.456,5,6.28,6.13,0.544,2,1,65.4,2.65,0.856,7,-6.1,10.02,0.144,1,1,15.72,-21.27,1,4,1,1.72,-24.63,0.96,5,38.16,14.01,0.01476,9,-15.45,15.46,0.02167,8,-47.6,7.19,0.00356,4,1,-19.56,-25.75,0.952,5,16.88,12.89,0.04484,9,-36.73,14.34,0.00271,8,-68.88,6.07,0.00045,4,1,33.64,-15.39,0.94124,9,16.47,24.7,0.02303,8,-15.68,16.43,0.00405,7,-37.86,-8.01,0.03168,4,1,49.6,-7.41,0.90281,9,32.43,32.68,0.01127,8,0.28,24.41,0.00198,7,-21.9,-0.03,0.08394,4,1,56.04,4.49,0.92206,9,38.87,44.58,0.00121,8,6.72,36.31,0.00021,7,-15.46,11.87,0.07652],"hull":13,"edges":[26,28,18,20,28,18,26,30,20,22,22,24,30,22,0,24,0,2,2,4,4,6,6,8,8,10,10,12,12,14,16,18,14,16,4,32,2,34,0,36,6,38,8,40,10,42,12,44,14,46,46,44,44,42,42,40,40,38,38,32,32,34,34,36,36,48,48,0,50,52,52,54,50,56,56,58,58,60],"width":119,"height":73}},"shenzi":{"shenzi":{"type":"mesh","uvs":[0.28494,0.9653,0.35054,0.89661,0.45942,0.83974,0.59472,0.76906,0.68187,0.67688,0.78423,0.56861,0.82761,0.46926,0.86441,0.38499,0.88215,0.31524,0.89721,0.25603,1,0.25603,1,0.32167,1,0.40461,0.97475,0.48611,0.94094,0.59524,0.83711,0.69936,0.73685,0.7999,0.59973,0.87046,0.4781,0.93306,0.38699,1],"triangles":[8,11,12,9,10,11,8,9,11,5,6,14,14,6,13,6,7,13,7,8,12,13,7,12,15,5,14,0,1,19,19,1,18,1,2,18,18,2,17,2,3,17,17,3,16,3,4,16,16,4,15,4,5,15],"vertices":[1,1,-38.06,31.89,1,2,1,-35.11,39.93,0.928,2,-3.71,64.49,0.072,2,1,-30.21,46.58,0.792,2,1.39,57.99,0.208,2,1,-24.12,54.85,0.68,2,7.72,49.9,0.32,2,1,-20.2,65.64,0.56,2,17.05,43.23,0.44,2,1,-15.59,78.3,0.488,2,28.02,35.39,0.512,2,1,-13.64,89.93,0.248,2,38.69,30.39,0.752,2,1,-11.98,99.79,0.144,2,47.74,26.15,0.856,2,1,-11.18,107.95,0.04,2,55.39,23.19,0.96,1,2,61.88,20.68,1,1,2,60.64,16.22,1,2,1,-5.88,107.19,0.064,2,53.24,18.28,0.936,2,1,-5.88,97.49,0.12,2,43.89,20.89,0.88,2,1,-7.02,87.96,0.256,2,35.02,24.54,0.744,2,1,-8.54,75.19,0.472,2,23.12,29.43,0.528,2,1,-13.21,63.01,0.584,2,12.64,37.21,0.416,2,1,-17.72,51.24,0.696,2,2.52,44.71,0.304,2,1,-23.89,42.99,0.8,2,-3.77,52.87,0.2,2,1,-29.37,35.66,0.936,2,-9.36,60.11,0.064,1,1,-33.47,27.83,1],"hull":20,"edges":[0,2,18,20,6,32,36,38,38,0,6,8,8,10,28,30,30,32,8,30,10,12,12,14,24,26,26,28,12,26,14,16,16,18,20,22,22,24,16,22,2,4,4,6,32,34,34,36,4,34,2,36],"width":45,"height":117}},"shou1":{"shou1":{"x":-42.41,"y":-41.23,"rotation":177.95,"width":175,"height":185}},"toufa":{"toufa":{"type":"mesh","uvs":[1,0.18915,1,0.30111,0.58629,0.33376,0.51112,0.3834,0.42691,0.4879,0.40737,0.6329,0.44045,0.71127,0.43914,0.84629,0.39854,1,0.2397,1,0.09162,0.94693,0,0.85459,0,0.7082,0.13371,0.62945,0.19112,0.48114,0.2304,0.29739,0.31501,0.18189,0.45551,0.12151,0.55393,0,1,0,0.44717,0.31586,0.54641,0.2401,0.79901,0.18915,0.35904,0.47951,0.35303,0.62843,0.36506,0.84004,0.21394,0.79205,0.16311,0.70121,0.28865,0.59196,0.32025,0.31264,0.23945,0.50794],"triangles":[21,17,18,20,21,2,21,18,22,22,18,19,22,0,1,2,21,22,3,20,2,6,24,5,8,25,7,7,25,6,5,24,4,3,4,20,2,22,1,22,19,0,17,21,20,4,23,20,17,20,16,16,20,29,24,23,4,15,16,29,23,29,20,14,15,29,30,14,29,23,30,29,9,26,25,10,26,9,9,25,8,24,28,23,28,24,26,6,25,24,26,24,25,28,30,23,13,14,30,27,13,30,28,27,30,28,26,27,12,13,27,11,12,27,11,27,26,10,11,26],"vertices":[1,2,111.95,-40.64,1,1,2,94.7,-35.83,1,1,2,105.1,20.96,1,1,2,100.25,33.16,1,1,2,87.29,48.93,1,1,2,65.67,57.77,1,1,2,52.36,56.71,1,1,2,31.6,62.68,1,1,2,9.42,74.72,1,2,28,24.38,42.62,0.00172,30,30.14,1.8,0.99828,2,28,33.74,22.42,0.39398,30,27.33,-20.29,0.60602,2,28,33.08,2.92,0.86421,30,16.41,-36.44,0.13579,2,28,17.19,-14.29,0.99663,27,42.78,-19.5,0.00337,2,28,-5.01,-10.94,0.11759,27,23.26,-8.41,0.88241,2,27,-1.55,-11.75,0.51461,26,41.3,-11.01,0.48539,1,26,13.46,-21.93,1,2,26,-8.44,-21.72,0.232,2,138.63,50.76,0.768,1,2,142.69,29.36,1,1,2,157.75,10.96,1,1,2,141.1,-48.77,1,2,26,0.03,5.2,0.208,2,113.05,38.82,0.792,1,2,121.03,22.28,1,1,2,119.45,-13.73,1,1,26,28.73,8.66,1,3,27,9.63,18.86,0.00539,29,-2.15,1.47,0.97555,26,49.39,20.56,0.01906,2,29,30.1,11.92,0.49427,30,0.88,11.92,0.50573,4,28,4.44,15.74,0.34229,27,41.66,13.1,0.02125,29,28.16,-10.36,0.28281,30,-1.03,-10.36,0.35365,4,28,-0.23,0.27,0.45695,27,31.75,0.33,0.53807,29,15.98,-20.97,0.00443,30,-13.21,-20.98,0.00054,3,27,8.35,8.25,0.61024,29,-5.45,-8.69,0.37587,26,49.17,9.88,0.01389,1,26,8.93,-10.04,1,2,27,-0.68,-3.83,0.76279,26,41.38,-3.04,0.23721],"hull":20,"edges":[34,32,32,30,30,28,28,26,26,24,22,24,22,20,20,18,16,18,16,14,14,12,12,10,10,8,8,6,6,4,4,2,36,38,34,36,40,42,42,44,2,0,0,38,44,0,40,46,46,48,48,50,50,18,20,52,22,54,48,56,52,56,58,30,54,60,60,58],"width":139,"height":160}},"tui1":{"tui1":{"x":17.3,"y":3.25,"rotation":-116.87,"width":54,"height":46}},"tui32":{"tui32":{"type":"mesh","uvs":[0.85917,0.32008,0.90434,0.55881,0.89008,0.66934,0.93026,0.72013,1,0.79425,1,0.92539,0.87875,1,0.67762,1,0.58564,0.89688,0.54394,0.80109,0.52634,0.75555,0.31951,0.65608,0.11744,0.46597,0,0.32892,0,0,0.42649,0,0.80925,0,0.69038,0.7666,0.83302,0.71576,0.69363,0.81638,0.8648,0.75448],"triangles":[13,14,15,12,13,15,11,12,15,15,16,0,11,15,0,18,17,1,3,20,2,19,17,18,9,17,19,8,9,19,20,3,4,5,20,4,7,8,19,6,20,5,19,20,6,7,19,6,19,18,20,20,18,2,9,10,17,2,18,1,1,17,10,0,10,11,10,0,1],"vertices":[2,32,4.2,33.2,0.488,31,30.64,18.46,0.512,2,32,6.6,19.59,0.73734,31,43.49,13.37,0.26266,1,32,5.84,13.29,1,1,32,7.97,10.39,1,1,32,11.67,6.17,1,1,32,11.67,-1.31,1,1,32,5.24,-5.56,1,1,32,-5.42,-5.56,1,1,32,-10.3,0.32,1,1,32,-12.51,5.78,1,1,32,-13.44,8.38,1,2,32,-24.4,14.05,0.688,31,31.98,-15.94,0.312,2,32,-35.11,24.88,0.408,31,17.14,-19.39,0.592,1,31,7.23,-20.6,1,1,31,-8.74,-10.79,1,1,31,3.09,8.47,1,1,31,13.71,25.76,1,1,32,-4.74,7.75,1,1,32,2.82,10.64,1,1,32,-4.57,4.91,1,1,32,4.5,8.44,1],"hull":17,"edges":[22,20,20,34,34,36,36,4,4,2,2,0,0,32,22,24,26,28,24,26,28,30,30,32,26,30,20,18,18,16,16,14,4,6,6,8,8,10,12,14,10,12,18,38,38,40,40,6],"width":53,"height":57}},"tuizi23":{"tuizi23":{"x":50.12,"y":-2.67,"width":24,"height":39}},"xiuzi23":{"xiuzi23":{"x":34.94,"y":1.43,"rotation":-32.86,"width":76,"height":66}},"xiuzi235":{"xiuzi235":{"x":14.93,"y":-1.9,"rotation":-153.75,"width":53,"height":42}},"ya":{"ya":{"x":23.85,"y":-15.05,"rotation":-105.57,"width":68,"height":38}},"yanjing_00001":{"yanjing_00001":{"width":80,"height":50},"yanjing_00003":{"width":80,"height":50},"yanjing_00005":{"width":80,"height":50},"yanjing_00007":{"width":80,"height":50},"yanjing_00009":{"width":80,"height":50},"yanjing_00011":{"width":80,"height":50}},"yinzi":{"yinzi":{"x":4.04,"y":-107.52,"width":157,"height":32}}}},"animations":{"animation":{"slots":{"2345":{"color":[{"time":0,"color":"ffffff00","curve":"stepped"},{"time":0.6667,"color":"ffffff00"},{"time":1,"color":"ffffff85"},{"time":1.3333,"color":"ffffff00"}]},"yanjing_00001":{"color":[{"time":0,"color":"ffffff00","curve":"stepped"},{"time":1.3,"color":"ffffff00"},{"time":1.3333,"color":"ffffffff","curve":"stepped"},{"time":1.7333,"color":"ffffffff"},{"time":1.7667,"color":"ffffff00"}],"attachment":[{"time":0,"name":"yanjing_00001"},{"time":1.3333,"name":"yanjing_00001"},{"time":1.4,"name":"yanjing_00003"},{"time":1.4667,"name":"yanjing_00005"},{"time":1.5333,"name":"yanjing_00007"},{"time":1.6,"name":"yanjing_00009"},{"time":1.6667,"name":"yanjing_00011"}]}},"bones":{"body":{"translate":[{"time":0,"x":0,"y":0,"curve":[0.25,0,0.75,1]},{"time":1,"x":0,"y":-3.08,"curve":[0.25,0,0.75,1]},{"time":2,"x":0,"y":0}]},"xiuzi23":{"rotate":[{"time":0,"angle":-0.18,"curve":[0.351,0.4,0.757,1]},{"time":0.6667,"angle":2.4,"curve":[0.25,0,0.75,1]},{"time":1.6667,"angle":-1.2,"curve":[0.25,0,0.75,1]},{"time":2,"angle":-0.18}]},"pai":{"rotate":[{"time":0,"angle":-2.4,"curve":[0.25,0,0.75,1]},{"time":1,"angle":4.8,"curve":[0.25,0,0.75,1]},{"time":2,"angle":-2.4}]},"tui1":{"rotate":[{"time":0,"angle":-8.4,"curve":[0.25,0,0.75,1]},{"time":1,"angle":0,"curve":[0.25,0,0.75,1]},{"time":2,"angle":-8.4}],"scale":[{"time":0,"x":1,"y":1,"curve":[0.25,0,0.75,1]},{"time":1,"x":0.9,"y":1,"curve":[0.25,0,0.75,1]},{"time":2,"x":1,"y":1}]},"jiao1":{"rotate":[{"time":0,"angle":1.2,"curve":[0.25,0,0.75,1]},{"time":1,"angle":-3.6,"curve":[0.25,0,0.75,1]},{"time":2,"angle":1.2}]},"jiao2":{"rotate":[{"time":0,"angle":-3.57,"curve":[0.351,0.4,0.757,1]},{"time":0.6667,"angle":-15.6,"curve":[0.25,0,0.75,1]},{"time":1.6667,"angle":1.2,"curve":[0.265,0,0.618,0.43]},{"time":2,"angle":-3.57}]},"gebo87":{"rotate":[{"time":0,"angle":0,"curve":[0.25,0,0.75,1]},{"time":1,"angle":-8.4,"curve":[0.25,0,0.75,1]},{"time":2,"angle":0}],"scale":[{"time":0,"x":1,"y":1,"curve":[0.25,0,0.75,1]},{"time":1,"x":0.96,"y":1,"curve":[0.25,0,0.75,1]},{"time":2,"x":1,"y":1}]},"xiuzi235":{"rotate":[{"time":0,"angle":2.4,"curve":[0.25,0,0.75,1]},{"time":1,"angle":-2.4,"curve":[0.25,0,0.75,1]},{"time":2,"angle":2.4}]},"face":{"translate":[{"time":0,"x":-0.59,"y":0,"curve":[0.25,0,0.75,1]},{"time":1,"x":0,"y":-0.63,"curve":[0.25,0,0.75,1]},{"time":2,"x":-0.59,"y":0}]},"zuijiao1":{"translate":[{"time":0,"x":0,"y":0,"curve":[0.25,0,0.75,1]},{"time":1,"x":1.68,"y":2.27,"curve":[0.25,0,0.75,1]},{"time":2,"x":0,"y":0}]},"zuijiao2":{"translate":[{"time":0,"x":0,"y":0,"curve":[0.25,0,0.75,1]},{"time":1,"x":0.68,"y":-3.03,"curve":[0.25,0,0.75,1]},{"time":2,"x":0,"y":0}]},"face2":{"rotate":[{"time":0,"angle":0,"curve":[0.25,0,0.75,1]},{"time":1,"angle":-368.4,"curve":[0.25,0,0.75,1]},{"time":2,"angle":0}]},"face3":{"rotate":[{"time":0,"angle":0,"curve":[0.25,0,0.75,1]},{"time":1,"angle":13.2,"curve":[0.25,0,0.75,1]},{"time":2,"angle":0}]},"toufa":{"rotate":[{"time":0,"angle":0,"curve":[0.25,0,0.75,1]},{"time":1,"angle":-357.6,"curve":[0.25,0,0.75,1]},{"time":2,"angle":0}]},"toufa2":{"rotate":[{"time":0,"angle":0,"curve":[0.25,0,0.75,1]},{"time":1,"angle":0,"curve":[0.25,0,0.75,1]},{"time":2,"angle":0}]},"toufa3":{"rotate":[{"time":0,"angle":0,"curve":[0.25,0,0.75,1]},{"time":1,"angle":12,"curve":[0.25,0,0.75,1]},{"time":2,"angle":0}]},"toufa4":{"rotate":[{"time":0,"angle":0,"curve":[0.25,0,0.75,1]},{"time":1,"angle":-358.8,"curve":[0.25,0,0.75,1]},{"time":2,"angle":0}]},"maozi":{"translate":[{"time":0,"x":-0.54,"y":-0.31,"curve":[0.382,0.57,0.735,1]},{"time":0.3333,"x":0,"y":0,"curve":[0.25,0,0.75,1]},{"time":1.3333,"x":-1.89,"y":-1.1,"curve":[0.243,0,0.649,0.6]},{"time":2,"x":-0.54,"y":-0.31}]},"gaoyaotie3":{"scale":[{"time":0,"x":1,"y":1,"curve":[0.25,0,0.75,1]},{"time":0.5,"x":0.58,"y":1,"curve":[0.25,0,0.75,1]},{"time":1,"x":1,"y":1,"curve":[0.25,0,0.75,1]},{"time":1.5,"x":0.58,"y":1,"curve":[0.25,0,0.75,1]},{"time":2,"x":1,"y":1}]},"gaoyaotie":{"scale":[{"time":0,"x":0.7,"y":1,"curve":[0.25,0,0.75,1]},{"time":0.5,"x":1,"y":1,"curve":[0.25,0,0.75,1]},{"time":1,"x":0.7,"y":1,"curve":[0.25,0,0.75,1]},{"time":1.5,"x":1,"y":1,"curve":[0.25,0,0.75,1]},{"time":2,"x":0.7,"y":1}]},"meimao2":{"translate":[{"time":0,"x":0,"y":0,"curve":[0.25,0,0.75,1]},{"time":1,"x":-1.26,"y":0,"curve":[0.25,0,0.75,1]},{"time":2,"x":0,"y":0}]},"body5":{"translate":[{"time":0,"x":0,"y":0,"curve":[0.25,0,0.75,1]},{"time":1,"x":-2.59,"y":1.88,"curve":[0.25,0,0.75,1]},{"time":2,"x":0,"y":0}]},"body6":{"translate":[{"time":0,"x":-0.39,"y":0.84,"curve":[0.381,0.57,0.734,1]},{"time":0.3333,"x":0,"y":0,"curve":[0.25,0,0.75,1]},{"time":1.3333,"x":-1.38,"y":3,"curve":[0.238,0,0.645,0.6]},{"time":2,"x":-0.39,"y":0.84}]},"body7":{"translate":[{"time":0,"x":-2.52,"y":3.7,"curve":[0.351,0.4,0.757,1]},{"time":0.6667,"x":0,"y":0,"curve":[0.25,0,0.75,1]},{"time":1.6667,"x":-3.52,"y":5.17,"curve":[0.265,0,0.618,0.43]},{"time":2,"x":-2.52,"y":3.7}]},"body3":{"translate":[{"time":0,"x":0.94,"y":6.81,"curve":[0.25,0,0.75,1]},{"time":1,"x":0,"y":0,"curve":[0.25,0,0.75,1]},{"time":2,"x":0.94,"y":6.81}]},"shou1":{"rotate":[{"time":0,"angle":0,"curve":[0.25,0,0.75,1]},{"time":1,"angle":-349.2,"curve":[0.25,0,0.75,1]},{"time":2,"angle":0}]}},"deform":{"default":{"face":{"face":[{"time":0,"curve":[0.25,0,0.75,1]},{"time":1,"offset":18,"vertices":[2.25928,-0.45315,2.25924,-0.45315,1.82099,-0.331,1.82095,-0.33098,0,0,0,0,0,0,0,0,0,0,0,0,0,0,-0.57217,0.15946,-0.57218,0.15947,-0.57217,0.15946,-0.57221,0.15946,0,0,0,0,0,0,0,0,0,0,0,0,2.25928,-0.45315,2.25924,-0.45315,1.82099,-0.331,1.82095,-0.33098,0,0,0,0,0,0,0,0,0,0,-0.57217,0.15946,-0.57218,0.15947,-0.57217,0.15946,-0.57221,0.15946],"curve":[0.25,0,0.75,1]},{"time":2}]}}}}}}