{"skeleton":{"hash":"E7PlIetcrmV/xDUv1hCCamC0D/M","spine":"3.7.92","width":399.37,"height":390.91,"images":"","audio":"E:/工作盘/麻将项目/倒水烟花番茄拖鞋等动画20201029/倒水2"},"bones":[{"name":"root"},{"name":"ST","parent":"root","length":74.62,"rotation":90,"x":-94.36,"y":-11.11},{"name":"poshui","parent":"root","length":46.61,"rotation":-160.82,"x":-80.22,"y":92.65},{"name":"zuiba","parent":"root","length":19.52,"rotation":0.84,"x":18.71,"y":14.13},{"name":"shui1","parent":"root","length":17.77,"rotation":180,"x":-19,"y":0.69},{"name":"dashui2","parent":"root","length":15.66,"rotation":1.51,"x":-1.11,"y":49.3},{"name":"shui2","parent":"root","length":17.77,"rotation":180,"x":-19,"y":0.69},{"name":"dashui3","parent":"root","length":15.66,"rotation":1.51,"x":-1.11,"y":49.3},{"name":"shuizi","parent":"root","x":2.33,"y":-53.85},{"name":"SD1","parent":"root","length":8.19,"rotation":90,"x":46.41,"y":-20.45},{"name":"SD2","parent":"root","length":7.42,"rotation":90,"x":89.81,"y":-3.43},{"name":"SD3","parent":"root","length":9.73,"rotation":90.75,"x":78.59,"y":-36.71},{"name":"SD4","parent":"root","length":7.42,"rotation":90,"x":59.6,"y":-6.77},{"name":"SH","parent":"root","x":-172.69,"y":-143.09,"scaleX":2,"scaleY":2}],"slots":[{"name":"wsst","bone":"ST","attachment":"wsst"},{"name":"dashui2","bone":"dashui2","attachment":"dashui2"},{"name":"dashui3","bone":"dashui3","attachment":"dashui2"},{"name":"shui","bone":"ST","attachment":"shui"},{"name":"poshui","bone":"poshui","attachment":"poshui"},{"name":"shui1","bone":"shui1","attachment":"shui1"},{"name":"shui2","bone":"shui2","attachment":"shui1"},{"name":"shuizi","bone":"shuizi","attachment":"shuizi"},{"name":"yanbai","bone":"zuiba","attachment":"yanbai"},{"name":"zuiba","bone":"zuiba","attachment":"zuiba"},{"name":"shuidi2","bone":"SD2","attachment":"shuidi2"},{"name":"shuidi5","bone":"SD4","attachment":"shuidi2"},{"name":"shuidi3","bone":"SD1","attachment":"shuidi3"},{"name":"shuidi4","bone":"SD3","attachment":"shuidi4"},{"name":"sh_00000","bone":"SH","attachment":"sh_00000"}],"skins":{"default":{"dashui2":{"dashui2":{"type":"mesh","uvs":[1,0.23922,1,0.53673,1,0.76869,1,1,0,1,0,0.76869,0,0.53421,0,0.23922,0,0,1,0],"triangles":[8,9,0,7,8,0,6,7,0,6,0,1,5,6,1,2,5,1,3,4,5,3,5,2],"vertices":[38.94,-21.19,38.2,-49.14,37.63,-70.94,37.05,-92.68,-36.92,-90.73,-36.35,-68.99,-35.77,-46.96,-35.04,-19.24,-34.45,3.24,39.53,1.29],"hull":10,"edges":[6,8,16,18,14,16,0,18,14,0,12,14,0,2,12,2,8,10,10,12,2,4,4,6,10,4],"width":74,"height":94}},"dashui3":{"dashui2":{"type":"mesh","uvs":[1,0.23922,1,0.53673,1,0.76869,1,1,0,1,0,0.76869,0,0.53421,0,0.23922,0,0,1,0],"triangles":[8,9,0,7,8,0,6,7,0,6,0,1,5,6,1,2,5,1,3,4,5,3,5,2],"vertices":[38.94,-21.19,38.2,-49.14,37.63,-70.94,37.05,-92.68,-36.92,-90.73,-36.35,-68.99,-35.77,-46.96,-35.04,-19.24,-34.45,3.24,39.53,1.29],"hull":10,"edges":[6,8,16,18,14,16,0,18,14,0,12,14,0,2,12,2,8,10,10,12,2,4,4,6,10,4],"width":74,"height":94}},"poshui":{"poshui":{"x":33.3,"y":5.7,"rotation":160.82,"width":92,"height":73}},"sh_00000":{"sh_00000":{"width":135,"height":135},"sh_00001":{"width":135,"height":135},"sh_00002":{"width":135,"height":135},"sh_00003":{"width":135,"height":135},"sh_00004":{"width":135,"height":135},"sh_00005":{"width":135,"height":135},"sh_00006":{"width":135,"height":135},"sh_00007":{"width":135,"height":135},"sh_00008":{"width":135,"height":135},"sh_00009":{"width":135,"height":135},"sh_00010":{"width":135,"height":135},"sh_00011":{"width":135,"height":135},"sh_00012":{"width":135,"height":135}},"shui":{"shui":{"x":32.2,"rotation":-90,"width":59,"height":6}},"shui1":{"shui1":{"type":"mesh","uvs":[1,0.35865,1,0.70106,1,1,0,1,0,0.71044,0,0.35865,0,0,1,0],"triangles":[6,7,0,5,6,0,5,0,1,4,5,1,2,3,4,2,4,1],"vertices":[-52.36,-9.33,-52.36,5.05,-52.36,17.61,12.64,17.61,12.64,5.44,12.64,-9.33,12.64,-24.39,-52.36,-24.39],"hull":8,"edges":[4,6,12,14,6,8,4,2,8,2,8,10,10,12,2,0,0,14,10,0],"width":65,"height":42}},"shui2":{"shui1":{"type":"mesh","uvs":[1,0.35865,1,0.70106,1,1,0,1,0,0.71044,0,0.35865,0,0,1,0],"triangles":[6,7,0,5,6,0,5,0,1,4,5,1,2,3,4,2,4,1],"vertices":[-52.36,-9.33,-52.36,5.05,-52.36,17.61,12.64,17.61,12.64,5.44,12.64,-9.33,12.64,-24.39,-52.36,-24.39],"hull":8,"edges":[4,6,12,14,6,8,4,2,8,2,8,10,10,12,2,0,0,14,10,0],"width":65,"height":42}},"shuidi2":{"shuidi2":{"x":-0.02,"y":0.12,"rotation":-90,"width":4,"height":6}},"shuidi3":{"shuidi3":{"x":0.68,"y":-0.09,"rotation":-90,"width":6,"height":12}},"shuidi4":{"shuidi4":{"x":2.34,"y":0.36,"rotation":-90.75,"width":7,"height":15}},"shuidi5":{"shuidi2":{"x":-0.02,"y":0.12,"rotation":-90,"width":4,"height":6}},"shuizi":{"shuizi":{"x":1.56,"y":3.39,"width":134,"height":22}},"wsst":{"wsst":{"x":0.5,"y":0.5,"rotation":-90,"width":71,"height":81}},"yanbai":{"yanbai":{"x":-18.8,"y":-3.14,"rotation":-0.84,"width":52,"height":11}},"zuiba":{"zuiba":{"x":-18.87,"y":-24.6,"rotation":-0.84,"width":31,"height":8}}}},"animations":{"animation":{"slots":{"dashui2":{"color":[{"time":0,"color":"ffffff00","curve":"stepped"},{"time":0.2333,"color":"ffffff00"},{"time":0.9,"color":"ffffffff","curve":"stepped"},{"time":1.9,"color":"ffffffff"},{"time":2.5667,"color":"ffffff00"}]},"dashui3":{"color":[{"time":0,"color":"ffffff00","curve":"stepped"},{"time":0.2333,"color":"ffffff00"},{"time":0.2667,"color":"ffffffff","curve":"stepped"},{"time":0.7,"color":"ffffffff"},{"time":1.3667,"color":"ffffff00","curve":"stepped"},{"time":1.4,"color":"ffffff00"},{"time":2.0667,"color":"ffffffff"},{"time":2.5667,"color":"ffffff00"}]},"poshui":{"color":[{"time":0,"color":"ffffff00"},{"time":0.0667,"color":"ffffff00"},{"time":0.1,"color":"ffffffff","curve":"stepped"},{"time":0.2333,"color":"ffffffff"},{"time":0.2667,"color":"ffffff00"}]},"sh_00000":{"color":[{"time":0,"color":"ffffff00","curve":"stepped"},{"time":0.1667,"color":"ffffff00"},{"time":0.2,"color":"ffffffff","curve":"stepped"},{"time":0.8,"color":"ffffffff"},{"time":0.8333,"color":"ffffff00"}],"attachment":[{"time":0.2,"name":"sh_00000"},{"time":0.2333,"name":"sh_00001"},{"time":0.3,"name":"sh_00002"},{"time":0.3333,"name":"sh_00003"},{"time":0.3667,"name":"sh_00004"},{"time":0.4333,"name":"sh_00005"},{"time":0.4667,"name":"sh_00006"},{"time":0.5333,"name":"sh_00007"},{"time":0.6,"name":"sh_00008"},{"time":0.6667,"name":"sh_00009"},{"time":0.7,"name":"sh_00010"},{"time":0.7333,"name":"sh_00011"},{"time":0.7667,"name":"sh_00012"}]},"shui":{"color":[{"time":0.0667,"color":"ffffffff"},{"time":0.1,"color":"ffffff00"}]},"shui1":{"color":[{"time":0,"color":"ffffff00","curve":"stepped"},{"time":0.5667,"color":"ffffff00"},{"time":1.0667,"color":"ffffffff","curve":"stepped"},{"time":2.0667,"color":"ffffffff"},{"time":2.5667,"color":"ffffff00"}]},"shui2":{"color":[{"time":0,"color":"ffffff00","curve":"stepped"},{"time":0.5667,"color":"ffffff00"},{"time":0.6,"color":"ffffffff","curve":"stepped"},{"time":1.0333,"color":"ffffffff"},{"time":1.5333,"color":"ffffff00"},{"time":1.5667,"color":"ffffff00"},{"time":2.0667,"color":"ffffffff"},{"time":2.5667,"color":"ffffff00"}]},"shuidi2":{"color":[{"time":0,"color":"ffffff00","curve":"stepped"},{"time":0.7667,"color":"ffffff00"},{"time":0.8667,"color":"ffffffff","curve":"stepped"},{"time":1.1667,"color":"ffffffff"},{"time":1.2667,"color":"ffffff00","curve":"stepped"},{"time":1.3,"color":"ffffff00"},{"time":1.4,"color":"ffffffff","curve":"stepped"},{"time":1.7,"color":"ffffffff"},{"time":1.8,"color":"ffffff00","curve":"stepped"},{"time":1.8333,"color":"ffffff00"},{"time":1.9333,"color":"ffffffff","curve":"stepped"},{"time":2.2333,"color":"ffffffff"},{"time":2.3333,"color":"ffffff00"}]},"shuidi3":{"color":[{"time":0,"color":"ffffff00","curve":"stepped"},{"time":0.8667,"color":"ffffff00"},{"time":0.9667,"color":"ffffffff","curve":"stepped"},{"time":1.2667,"color":"ffffffff"},{"time":1.3667,"color":"ffffff00","curve":"stepped"},{"time":1.4,"color":"ffffff00"},{"time":1.5,"color":"ffffffff","curve":"stepped"},{"time":1.8,"color":"ffffffff"},{"time":1.9,"color":"ffffff00","curve":"stepped"},{"time":1.9333,"color":"ffffff00"},{"time":2.0333,"color":"ffffffff","curve":"stepped"},{"time":2.2,"color":"ffffffff"},{"time":2.4333,"color":"ffffff00"}]},"shuidi4":{"color":[{"time":0,"color":"ffffff00","curve":"stepped"},{"time":0.6333,"color":"ffffff00"},{"time":0.7333,"color":"ffffffff","curve":"stepped"},{"time":1.0333,"color":"ffffffff"},{"time":1.1333,"color":"ffffff00","curve":"stepped"},{"time":1.1667,"color":"ffffff00"},{"time":1.2667,"color":"ffffffff","curve":"stepped"},{"time":1.5667,"color":"ffffffff"},{"time":1.6667,"color":"ffffff00","curve":"stepped"},{"time":1.7,"color":"ffffff00"},{"time":1.8,"color":"ffffffff","curve":"stepped"},{"time":2.1,"color":"ffffffff"},{"time":2.2,"color":"ffffff00"}]},"shuidi5":{"color":[{"time":0,"color":"ffffff00","curve":"stepped"},{"time":0.9667,"color":"ffffff00"},{"time":1.0667,"color":"ffffffff","curve":"stepped"},{"time":1.3667,"color":"ffffffff"},{"time":1.4667,"color":"ffffff00","curve":"stepped"},{"time":1.5,"color":"ffffff00"},{"time":1.6,"color":"ffffffff","curve":"stepped"},{"time":1.9,"color":"ffffffff"},{"time":2,"color":"ffffff00","curve":"stepped"},{"time":2.0333,"color":"ffffff00"},{"time":2.1333,"color":"ffffffff","curve":"stepped"},{"time":2.2333,"color":"ffffffff"},{"time":2.5333,"color":"ffffff00"}]},"shuizi":{"color":[{"time":0,"color":"ffffff00","curve":"stepped"},{"time":0.4667,"color":"ffffff00"},{"time":0.9667,"color":"ffffffff","curve":"stepped"},{"time":2.0667,"color":"ffffffff"},{"time":2.5667,"color":"ffffff00"}]},"wsst":{"color":[{"time":0.0333,"color":"ffffffff","curve":"stepped"},{"time":1.0333,"color":"ffffffff"},{"time":1.3667,"color":"ffffff00"}]},"yanbai":{"color":[{"time":0,"color":"ffffff00","curve":"stepped"},{"time":0.2333,"color":"ffffff00"},{"time":0.3,"color":"ffffffff","curve":"stepped"},{"time":2.0667,"color":"ffffffff"},{"time":2.5667,"color":"ffffff00"}]},"zuiba":{"color":[{"time":0,"color":"ffffff00","curve":"stepped"},{"time":0.2333,"color":"ffffff00"},{"time":0.3,"color":"ffffffff","curve":"stepped"},{"time":2.0667,"color":"ffffffff"},{"time":2.5667,"color":"ffffff00"}]}},"bones":{"ST":{"rotate":[{"time":0,"angle":0},{"time":0.0667,"angle":49.2}],"translate":[{"time":0,"x":268.05,"y":-111.28},{"time":0.0667,"x":192.53,"y":-48.84},{"time":0.2333,"x":196.56,"y":-51.87}]},"poshui":{"rotate":[{"time":0,"angle":-56.4}],"translate":[{"time":0,"x":180.18,"y":-151.54,"curve":"stepped"},{"time":0.0667,"x":180.18,"y":-151.54},{"time":0.2333,"x":117.81,"y":-106}]},"shuizi":{"scale":[{"time":0,"x":0.88,"y":0.92,"curve":"stepped"},{"time":0.4667,"x":0.88,"y":0.92},{"time":1.1333,"x":1,"y":1}]},"SD1":{"translate":[{"time":0,"x":-14.1,"y":16.01,"curve":"stepped"},{"time":0.8667,"x":-14.1,"y":16.01,"curve":[0.542,0,1,0.77]},{"time":1.3667,"x":-14.1,"y":-30.11},{"time":1.4,"x":-14.1,"y":16.01,"curve":[0.542,0,1,0.77]},{"time":1.9,"x":-14.1,"y":-30.11},{"time":1.9333,"x":-14.1,"y":16.01,"curve":[0.542,0,1,0.77]},{"time":2.4333,"x":-14.1,"y":-30.11}]},"SD2":{"translate":[{"time":0,"x":-116.39,"y":-5.74,"curve":"stepped"},{"time":0.7667,"x":-116.39,"y":-5.74,"curve":[0.542,0,1,0.77]},{"time":1.2667,"x":-116.39,"y":-47.8},{"time":1.3,"x":-116.39,"y":-5.74,"curve":[0.542,0,1,0.77]},{"time":1.8,"x":-116.39,"y":-47.8},{"time":1.8333,"x":-116.39,"y":-5.74,"curve":[0.542,0,1,0.77]},{"time":2.3333,"x":-116.39,"y":-47.8}]},"SD3":{"translate":[{"time":0,"x":-95.36,"y":11.95,"curve":"stepped"},{"time":0.6333,"x":-95.36,"y":11.95,"curve":[0.542,0,1,0.77]},{"time":1.1333,"x":-95.36,"y":-16.01},{"time":1.1667,"x":-95.36,"y":11.95,"curve":[0.542,0,1,0.77]},{"time":1.6667,"x":-95.36,"y":-16.01},{"time":1.7,"x":-95.36,"y":11.95,"curve":[0.542,0,1,0.77]},{"time":2.2,"x":-95.36,"y":-16.01}]},"SD4":{"translate":[{"time":0,"x":-40.87,"y":-14.1,"curve":"stepped"},{"time":0.9667,"x":-40.87,"y":-14.1,"curve":[0.542,0,1,0.77]},{"time":1.4667,"x":-40.87,"y":-46.6},{"time":1.5,"x":-40.87,"y":-14.1,"curve":[0.542,0,1,0.77]},{"time":2,"x":-40.87,"y":-46.6},{"time":2.0333,"x":-40.87,"y":-14.1,"curve":[0.542,0,1,0.77]},{"time":2.5333,"x":-40.87,"y":-46.6}]},"SH":{"translate":[{"time":0.0667,"x":173.36,"y":150.9}]}},"deform":{"default":{"dashui2":{"dashui2":[{"time":0,"vertices":[0.37984,14.43402,0.48141,18.29368,0.59079,22.45024,0.77049,29.27888,0.77049,29.27888,0.59079,22.45024,0.48141,18.29368,0.37984,14.43402,0.2939,11.16814,0.2939,11.16814],"curve":"stepped"},{"time":0.2333,"vertices":[0.37984,14.43402,0.48141,18.29368,0.59079,22.45024,0.77049,29.27888,0.77049,29.27888,0.59079,22.45024,0.48141,18.29368,0.37984,14.43402,0.2939,11.16814,0.2939,11.16814]},{"time":2.5667,"vertices":[-0.0502,-1.90734,-0.19439,-7.38643,-0.10513,-3.99463,-0.4965,-18.86643,-0.4965,-18.86643,-0.10513,-3.99463,-0.19439,-7.38643,-0.0502,-1.90734,-0.0502,-1.90734,-0.0502,-1.90734]}]},"dashui3":{"dashui2":[{"time":0,"vertices":[0.37984,14.43402,0.48141,18.29368,0.59079,22.45024,0.77049,29.27888,0.77049,29.27888,0.59079,22.45024,0.48141,18.29368,0.37984,14.43402,0.2939,11.16814,0.2939,11.16814]},{"time":0.2333,"vertices":[0.15868,6.02989,0.13386,5.08677,0.23289,8.85002,0.11889,4.51843,0.11889,4.51843,0.23289,8.85002,0.13386,5.08677,0.15868,6.02989,0.11693,4.44361,0.11693,4.44361]},{"time":1.3667,"vertices":[-0.0502,-1.90734,-0.19439,-7.38643,-0.10513,-3.99463,-0.4965,-18.86643,-0.4965,-18.86643,-0.10513,-3.99463,-0.19439,-7.38643,-0.0502,-1.90734,-0.0502,-1.90734,-0.0502,-1.90734]},{"time":1.4,"vertices":[0.37984,14.43402,0.48141,18.29368,0.59079,22.45024,0.77049,29.27888,0.77049,29.27888,0.59079,22.45024,0.48141,18.29368,0.37984,14.43402,0.2939,11.16814,0.2939,11.16814]},{"time":2.5667,"vertices":[0.16482,6.26334,0.14351,5.45363,0.24283,9.2278,0.13699,5.20622,0.13699,5.20622,0.24283,9.2278,0.14351,5.45363,0.16482,6.26334,0.12185,4.6304,0.12185,4.6304]}]},"shui1":{"shui1":[{"time":0,"offset":1,"vertices":[-9.39999,0,-16.096,0,-19.016,0,-19.016,0,-16.096,0,-9.39999],"curve":"stepped"},{"time":0.5667,"offset":1,"vertices":[-9.39999,0,-16.096,0,-19.016,0,-19.016,0,-16.096,0,-9.39999]},{"time":2.5667,"offset":3,"vertices":[3.80799,0,11.96798,0,11.96798,0,3.80799]}]},"shui2":{"shui1":[{"time":0,"offset":1,"vertices":[-9.39999,0,-16.096,0,-19.016,0,-19.016,0,-16.096,0,-9.39999]},{"time":0.5667,"offset":1,"vertices":[-4.54333,0,-5.81228,0,-3.00761,0,-3.00761,0,-5.81228,0,-4.54333]},{"time":1.5333,"offset":3,"vertices":[3.80799,0,11.96798,0,11.96798,0,3.80799]},{"time":1.5667,"offset":1,"vertices":[-9.39999,0,-16.096,0,-19.016,0,-19.016,0,-16.096,0,-9.39999]},{"time":2.5667,"offset":1,"vertices":[-4.7,0,-6.14401,0,-3.52401,0,-3.52401,0,-6.14401,0,-4.7]}]}}}}}}