{"skeleton":{"hash":"QLLjMbGHW0rYfKxnuVfYTgaIJzU","spine":"3.7.92","width":230.76,"height":154.59,"images":"","audio":"E:/工作盘/麻将项目/倒水烟花番茄拖鞋等动画20201029/倒茶"},"bones":[{"name":"root"},{"name":"chahu","parent":"root","length":51.63,"rotation":122.47,"x":118.91,"y":76.33},{"name":"chashui11","parent":"root","x":161.85,"y":21.97},{"name":"chashui12","parent":"root","x":146.94,"y":-20.98},{"name":"chashui13","parent":"root","x":150.83,"y":1.81},{"name":"hot","parent":"root","x":1.69,"y":46.35},{"name":"hot2","parent":"root","x":1.69,"y":46.35},{"name":"hot3","parent":"root","x":1.69,"y":46.35},{"name":"shuihua","parent":"root","x":-44.4,"y":57.05,"scaleX":1.3,"scaleY":1.3}],"slots":[{"name":"chabei","bone":"root","attachment":"Kchabei"},{"name":"chahu","bone":"chahu","attachment":"chahu"},{"name":"chashui11","bone":"chashui12","attachment":"chashui11"},{"name":"chashui0001","bone":"shuihua","attachment":"chashui0017"},{"name":"fx_smoke_1","bone":"hot","color":"ffffff7e","attachment":"fx_smoke_1","blend":"additive"},{"name":"fx_smoke_2","bone":"hot2","color":"ffffff7e","attachment":"fx_smoke_1","blend":"additive"},{"name":"fx_smoke_3","bone":"hot3","color":"ffffff7e","attachment":"fx_smoke_1","blend":"additive"}],"skins":{"default":{"chabei":{"Kchabei":{"y":0.5,"width":70,"height":55},"chabei":{"width":70,"height":55}},"chahu":{"chahu":{"x":12.04,"y":7.28,"rotation":-122.47,"width":103,"height":90}},"chashui11":{"chashui11":{"type":"mesh","uvs":[1,0.09432,0.9169,0.18711,0.82216,0.29125,0.75613,0.41434,0.72455,0.5147,0.67861,0.63968,0.65851,0.76466,0.65277,0.88017,0.64129,1,0.35132,1,0.35132,0.87449,0.36568,0.74572,0.40587,0.60181,0.48051,0.46357,0.54368,0.35185,0.64416,0.2174,0.76187,0.10757,0.85374,0.04509,1,0],"triangles":[11,12,6,7,11,6,10,11,7,8,9,10,7,8,10,3,15,2,14,15,3,4,14,3,13,14,4,5,13,4,12,13,5,6,12,5,17,18,0,1,17,0,16,17,1,2,16,1,15,16,2],"vertices":[2,2,1.1,-2.87,0.96606,4,12.12,17.29,0.03394,2,2,-1.48,-7.23,0.76622,4,9.55,12.93,0.23378,2,2,-4.41,-12.13,0.40969,4,6.61,8.03,0.59031,2,2,-6.46,-17.91,0.08711,4,4.56,2.25,0.91289,3,2,-7.44,-22.63,0.00195,4,3.59,-2.47,0.96223,3,7.47,20.32,0.03582,2,4,2.16,-8.34,0.71196,3,6.05,14.44,0.28804,2,4,1.54,-14.22,0.35416,3,5.42,8.57,0.64584,2,4,1.36,-19.65,0.09141,3,5.25,3.14,0.90859,2,4,1,-25.28,0.00054,3,4.89,-2.49,0.99946,1,3,-4.1,-2.49,1,2,4,-7.98,-19.38,0.078,3,-4.1,3.41,0.922,2,4,-7.54,-13.33,0.34751,3,-3.65,9.46,0.65249,2,4,-6.29,-6.56,0.71398,3,-2.41,16.22,0.28602,3,2,-15,-20.23,0.00092,4,-3.98,-0.07,0.97171,3,-0.09,22.72,0.02736,2,2,-13.05,-14.98,0.09901,4,-2.02,5.18,0.90099,2,2,-9.93,-8.66,0.43661,4,1.09,11.5,0.56339,2,2,-6.28,-3.49,0.78442,4,4.74,16.67,0.21558,2,2,-3.43,-0.56,0.94287,4,7.59,19.6,0.05713,2,2,1.1,1.56,1,4,12.12,21.72,0],"hull":19,"edges":[32,2,30,4,28,6,26,8,24,10,22,12,0,36,34,0,20,14,14,16,16,18,20,18,20,22,22,24,24,26,26,28,28,30,30,32,32,34,34,36,14,12,12,10,10,8,8,6,6,4,4,2,2,0],"width":31,"height":47}},"chashui0001":{"chashui0001":{"width":36,"height":17},"chashui0003":{"width":36,"height":17},"chashui0005":{"width":36,"height":17},"chashui0007":{"width":36,"height":17},"chashui0009":{"width":36,"height":17},"chashui0011":{"width":36,"height":17},"chashui0013":{"width":36,"height":17},"chashui0015":{"width":36,"height":17},"chashui0017":{"width":36,"height":17}},"fx_smoke_1":{"fx_smoke_1":{"width":64,"height":64}},"fx_smoke_2":{"fx_smoke_1":{"width":64,"height":64}},"fx_smoke_3":{"fx_smoke_1":{"width":64,"height":64}}}},"animations":{"animation":{"slots":{"chabei":{"color":[{"time":0,"color":"ffffffff","curve":"stepped"},{"time":2,"color":"ffffffff"},{"time":2.3333,"color":"ffffff00"}],"attachment":[{"time":0,"name":"Kchabei"},{"time":0.6667,"name":"chabei"}]},"chahu":{"color":[{"time":0,"color":"ffffff00"},{"time":0.5,"color":"ffffffff","curve":"stepped"},{"time":2,"color":"ffffffff"},{"time":2.3333,"color":"ffffff00"}]},"chashui11":{"color":[{"time":0,"color":"ffffff00","curve":"stepped"},{"time":0.5,"color":"ffffff00"},{"time":0.5333,"color":"ffffffff","curve":"stepped"},{"time":2,"color":"ffffffff"},{"time":2.1667,"color":"ffffff00"}]},"chashui0001":{"color":[{"time":0,"color":"ffffff00","curve":"stepped"},{"time":0.6333,"color":"ffffff00"},{"time":0.6667,"color":"ffffffff","curve":"stepped"},{"time":2,"color":"ffffffff"},{"time":2.1667,"color":"ffffff00"}],"attachment":[{"time":0,"name":"chashui0001"},{"time":0.6667,"name":"chashui0001"},{"time":0.7333,"name":"chashui0003"},{"time":0.8,"name":"chashui0005"},{"time":0.8667,"name":"chashui0007"},{"time":0.9333,"name":"chashui0009"},{"time":1,"name":"chashui0011"},{"time":1.0667,"name":"chashui0013"},{"time":1.1333,"name":"chashui0015"},{"time":1.2,"name":"chashui0017"},{"time":1.2667,"name":"chashui0001"},{"time":1.3333,"name":"chashui0003"},{"time":1.4,"name":"chashui0005"},{"time":1.4667,"name":"chashui0007"},{"time":1.5333,"name":"chashui0009"},{"time":1.6,"name":"chashui0011"},{"time":1.6667,"name":"chashui0013"},{"time":1.7333,"name":"chashui0015"},{"time":1.8,"name":"chashui0017"},{"time":1.8667,"name":"chashui0001"},{"time":1.9333,"name":"chashui0003"},{"time":2,"name":"chashui0005"},{"time":2.0667,"name":"chashui0007"},{"time":2.1333,"name":"chashui0009"}]},"fx_smoke_1":{"color":[{"time":0,"color":"ffffff00","curve":"stepped"},{"time":0.6333,"color":"ffffff00"},{"time":1,"color":"ffffff7f","curve":"stepped"},{"time":1.1,"color":"ffffff7f"},{"time":1.7333,"color":"ffffff00"}]},"fx_smoke_2":{"color":[{"time":0,"color":"ffffff00","curve":"stepped"},{"time":1,"color":"ffffff00"},{"time":1.3667,"color":"ffffff7f","curve":"stepped"},{"time":1.4667,"color":"ffffff7f"},{"time":2.1,"color":"ffffff00"}]},"fx_smoke_3":{"color":[{"time":0,"color":"ffffff00","curve":"stepped"},{"time":1.3,"color":"ffffff00"},{"time":1.8333,"color":"ffffff7f"},{"time":2.3333,"color":"ffffff00"}]}},"bones":{"root":{"translate":[{"time":0,"x":0,"y":-0.55,"curve":"stepped"},{"time":0.6333,"x":0,"y":-0.55},{"time":0.6667,"x":0,"y":0}]},"chahu":{"rotate":[{"time":0,"angle":-32.4,"curve":[0.57,0.03,0.951,0.78]},{"time":0.5,"angle":0,"curve":"stepped"},{"time":2,"angle":0},{"time":2.3333,"angle":-27.6}],"translate":[{"time":0,"x":13.29,"y":-69.1},{"time":0.5,"x":-40.68,"y":-12.95,"curve":"stepped"},{"time":2,"x":-40.68,"y":-12.95},{"time":2.3333,"x":-24.47,"y":-21.89}]},"chashui11":{"rotate":[{"time":2,"angle":0,"curve":"stepped"},{"time":2.1667,"angle":0}],"translate":[{"time":0,"x":-146.59,"y":34.36,"curve":"stepped"},{"time":2,"x":-146.59,"y":34.36},{"time":2.1667,"x":-159.4,"y":4.18}]},"chashui13":{"rotate":[{"time":0,"angle":-10.8,"curve":"stepped"},{"time":0.5,"angle":-10.8},{"time":0.6667,"angle":0,"curve":"stepped"},{"time":2,"angle":0,"curve":"stepped"},{"time":2.1667,"angle":0}],"translate":[{"time":0,"x":-138.91,"y":51.48,"curve":"stepped"},{"time":0.5,"x":-138.91,"y":51.48},{"time":0.6667,"x":-146,"y":35.92,"curve":"stepped"},{"time":2,"x":-146,"y":35.92},{"time":2.1667,"x":-149.87,"y":17.39}]},"chashui12":{"rotate":[{"time":0,"angle":-4.8,"curve":"stepped"},{"time":0.5,"angle":-4.8},{"time":0.6667,"angle":0}],"translate":[{"time":0,"x":-138.55,"y":70.03,"curve":"stepped"},{"time":0.5,"x":-138.55,"y":70.03},{"time":0.6667,"x":-146.52,"y":34.2}]},"shuihua":{"translate":[{"time":0,"x":43.25,"y":-34.98}]},"hot":{"translate":[{"time":0,"x":-1.91,"y":-23.37,"curve":"stepped"},{"time":0.6333,"x":-1.91,"y":-23.37},{"time":1.7333,"x":-1.91,"y":41.9}],"scale":[{"time":0,"x":1.4,"y":1.4},{"time":0.6333,"x":1.7,"y":1.8},{"time":1.7333,"x":0.8,"y":0.9}]},"hot2":{"translate":[{"time":0,"x":-1.91,"y":-23.37,"curve":"stepped"},{"time":1,"x":-1.91,"y":-23.37},{"time":2.1,"x":-1.91,"y":41.9}],"scale":[{"time":0,"x":1.4,"y":1.4},{"time":1,"x":1.78,"y":1.84},{"time":2.1,"x":0.8,"y":0.9}]},"hot3":{"translate":[{"time":0,"x":-1.91,"y":-23.37,"curve":"stepped"},{"time":1.3,"x":-1.91,"y":-23.37},{"time":2.3333,"x":-1.91,"y":41.9}],"scale":[{"time":0,"x":1.4,"y":1.4},{"time":1.3,"x":1.72,"y":1.86},{"time":2.3333,"x":0.8,"y":0.9}]}},"deform":{"default":{"chashui11":{"chashui11":[{"time":0,"vertices":[-0.56001,0.26001,-0.56001,0.26001,0.12,-0.12,0.12,-0.12,-0.65999,0.23999,-0.65999,0.23999,0.65999,-0.23999,0.65999,-0.23999,-0.89999,0.18,-0.89999,0.18,-0.89999,0.18,0.95999,-0.23999,0.95999,-0.24,-0.72,0,-0.72,0,0.71999,-0.12,0.71999,-0.12,0,0,0,0,0,0,-1.07999,0,-1.07999,0,0.59999,0,0.59999,0,-0.83999,0.18,-0.83999,0.18,0.65999,-0.24,0.65999,-0.24,0.65999,-0.24,-0.83999,0.36,-0.83999,0.36,0.71999,-0.42,0.71999,-0.42,-0.54,0.29999,-0.54,0.29999,0.36001,-0.26001,0.36001,-0.26001],"curve":[0.25,0,0.75,1]},{"time":0.3333,"offset":4,"vertices":[-0.47999,0.3,-0.47999,0.3,0.66,-0.18,0.66,-0.18,-0.3,0,-0.3,0,0.65999,-0.12,0.65999,-0.12,0.65999,-0.12,-0.48,0.12,-0.48,0.12,1.07999,-0.18,1.07999,-0.18,-1.01999,0,-1.01999,0,0,0,0,0,0,0,0.6,-0.06,0.6,-0.06,-0.95999,0.06,-0.95999,0.06,0.54,-0.18,0.54,-0.18,-0.77999,0.24,-0.77999,0.24,-0.77999,0.24,0.77999,-0.36,0.77999,-0.36,-0.24,0.18,-0.24,0.18,0.3,-0.59999,0.3,-0.59999],"curve":[0.25,0,0.75,1]},{"time":0.6667,"vertices":[-0.56001,0.26001,-0.56001,0.26001,0.12,-0.12,0.12,-0.12,-0.65999,0.23999,-0.65999,0.23999,0.65999,-0.23999,0.65999,-0.23999,-0.89999,0.18,-0.89999,0.18,-0.89999,0.18,0.95999,-0.23999,0.95999,-0.24,-0.72,0,-0.72,0,0.71999,-0.12,0.71999,-0.12,0,0,0,0,0,0,-1.07999,0,-1.07999,0,0.59999,0,0.59999,0,-0.83999,0.18,-0.83999,0.18,0.65999,-0.24,0.65999,-0.24,0.65999,-0.24,-0.83999,0.36,-0.83999,0.36,0.71999,-0.42,0.71999,-0.42,-0.54,0.29999,-0.54,0.29999,0.36001,-0.26001,0.36001,-0.26001]},{"time":0.8333,"offset":4,"vertices":[-0.47999,0.3,-0.47999,0.3,0.66,-0.18,0.66,-0.18,-0.3,0,-0.3,0,0.65999,-0.12,0.65999,-0.12,0.65999,-0.12,-0.48,0.12,-0.48,0.12,1.07999,-0.18,1.07999,-0.18,-1.01999,0,-1.01999,0,0,0,0,0,0,0,0.6,-0.06,0.6,-0.06,-0.95999,0.06,-0.95999,0.06,0.54,-0.18,0.54,-0.18,-0.77999,0.24,-0.77999,0.24,-0.77999,0.24,0.77999,-0.36,0.77999,-0.36,-0.24,0.18,-0.24,0.18,0.3,-0.59999,0.3,-0.59999],"curve":[0.25,0,0.75,1]},{"time":1,"vertices":[-0.56001,0.26001,-0.56001,0.26001,0.12,-0.12,0.12,-0.12,-0.65999,0.23999,-0.65999,0.23999,0.65999,-0.23999,0.65999,-0.23999,-0.89999,0.18,-0.89999,0.18,-0.89999,0.18,0.95999,-0.23999,0.95999,-0.24,-0.72,0,-0.72,0,0.71999,-0.12,0.71999,-0.12,0,0,0,0,0,0,-1.07999,0,-1.07999,0,0.59999,0,0.59999,0,-0.83999,0.18,-0.83999,0.18,0.65999,-0.24,0.65999,-0.24,0.65999,-0.24,-0.83999,0.36,-0.83999,0.36,0.71999,-0.42,0.71999,-0.42,-0.54,0.29999,-0.54,0.29999,0.36001,-0.26001,0.36001,-0.26001],"curve":[0.25,0,0.75,1]},{"time":1.1667,"offset":4,"vertices":[-0.47999,0.3,-0.47999,0.3,0.66,-0.18,0.66,-0.18,-0.3,0,-0.3,0,0.65999,-0.12,0.65999,-0.12,0.65999,-0.12,-0.48,0.12,-0.48,0.12,1.07999,-0.18,1.07999,-0.18,-1.01999,0,-1.01999,0,0,0,0,0,0,0,0.6,-0.06,0.6,-0.06,-0.95999,0.06,-0.95999,0.06,0.54,-0.18,0.54,-0.18,-0.77999,0.24,-0.77999,0.24,-0.77999,0.24,0.77999,-0.36,0.77999,-0.36,-0.24,0.18,-0.24,0.18,0.3,-0.59999,0.3,-0.59999],"curve":[0.25,0,0.75,1]},{"time":1.3333,"vertices":[-0.56001,0.26001,-0.56001,0.26001,0.12,-0.12,0.12,-0.12,-0.65999,0.23999,-0.65999,0.23999,0.65999,-0.23999,0.65999,-0.23999,-0.89999,0.18,-0.89999,0.18,-0.89999,0.18,0.95999,-0.23999,0.95999,-0.24,-0.72,0,-0.72,0,0.71999,-0.12,0.71999,-0.12,0,0,0,0,0,0,-1.07999,0,-1.07999,0,0.59999,0,0.59999,0,-0.83999,0.18,-0.83999,0.18,0.65999,-0.24,0.65999,-0.24,0.65999,-0.24,-0.83999,0.36,-0.83999,0.36,0.71999,-0.42,0.71999,-0.42,-0.54,0.29999,-0.54,0.29999,0.36001,-0.26001,0.36001,-0.26001]},{"time":1.5,"offset":4,"vertices":[-0.47999,0.3,-0.47999,0.3,0.66,-0.18,0.66,-0.18,-0.3,0,-0.3,0,0.65999,-0.12,0.65999,-0.12,0.65999,-0.12,-0.48,0.12,-0.48,0.12,1.07999,-0.18,1.07999,-0.18,-1.01999,0,-1.01999,0,0,0,0,0,0,0,0.6,-0.06,0.6,-0.06,-0.95999,0.06,-0.95999,0.06,0.54,-0.18,0.54,-0.18,-0.77999,0.24,-0.77999,0.24,-0.77999,0.24,0.77999,-0.36,0.77999,-0.36,-0.24,0.18,-0.24,0.18,0.3,-0.59999,0.3,-0.59999],"curve":[0.25,0,0.75,1]},{"time":1.6667,"vertices":[-0.56001,0.26001,-0.56001,0.26001,0.12,-0.12,0.12,-0.12,-0.65999,0.23999,-0.65999,0.23999,0.65999,-0.23999,0.65999,-0.23999,-0.89999,0.18,-0.89999,0.18,-0.89999,0.18,0.95999,-0.23999,0.95999,-0.24,-0.72,0,-0.72,0,0.71999,-0.12,0.71999,-0.12,0,0,0,0,0,0,-1.07999,0,-1.07999,0,0.59999,0,0.59999,0,-0.83999,0.18,-0.83999,0.18,0.65999,-0.24,0.65999,-0.24,0.65999,-0.24,-0.83999,0.36,-0.83999,0.36,0.71999,-0.42,0.71999,-0.42,-0.54,0.29999,-0.54,0.29999,0.36001,-0.26001,0.36001,-0.26001],"curve":[0.25,0,0.75,1]},{"time":1.8333,"offset":4,"vertices":[-0.47999,0.3,-0.47999,0.3,0.66,-0.18,0.66,-0.18,-0.3,0,-0.3,0,0.65999,-0.12,0.65999,-0.12,0.65999,-0.12,-0.48,0.12,-0.48,0.12,1.07999,-0.18,1.07999,-0.18,-1.01999,0,-1.01999,0,0,0,0,0,0,0,0.6,-0.06,0.6,-0.06,-0.95999,0.06,-0.95999,0.06,0.54,-0.18,0.54,-0.18,-0.77999,0.24,-0.77999,0.24,-0.77999,0.24,0.77999,-0.36,0.77999,-0.36,-0.24,0.18,-0.24,0.18,0.3,-0.59999,0.3,-0.59999],"curve":[0.25,0,0.75,1]},{"time":2,"vertices":[-0.56001,0.26001,-0.56001,0.26001,0.12,-0.12,0.12,-0.12,-0.65999,0.23999,-0.65999,0.23999,0.65999,-0.23999,0.65999,-0.23999,-0.89999,0.18,-0.89999,0.18,-0.89999,0.18,0.95999,-0.23999,0.95999,-0.24,-0.72,0,-0.72,0,0.71999,-0.12,0.71999,-0.12,0,0,0,0,0,0,-1.07999,0,-1.07999,0,0.59999,0,0.59999,0,-0.83999,0.18,-0.83999,0.18,0.65999,-0.24,0.65999,-0.24,0.65999,-0.24,-0.83999,0.36,-0.83999,0.36,0.71999,-0.42,0.71999,-0.42,-0.54,0.29999,-0.54,0.29999,0.36001,-0.26001,0.36001,-0.26001]}]}}}}}}