{"skeleton":{"hash":"TGjZRRZaAHRQPee24m0uRjiIZE4","spine":"3.7.92","width":402.51,"height":304.53,"images":"","audio":"E:/工作盘/麻将项目/倒水烟花番茄拖鞋等动画20201029/丢拖鞋"},"bones":[{"name":"root"},{"name":"face","parent":"root","scaleX":1.4,"scaleY":1.4},{"name":"face1","parent":"root","x":2.84,"y":-2.92,"scaleX":1.4,"scaleY":1.4},{"name":"face2","parent":"root","x":2.94,"y":1.08,"scaleX":1.4,"scaleY":1.4},{"name":"TX2","parent":"root","x":71.7,"y":-79.85,"scaleX":1.3,"scaleY":1.3},{"name":"bon","parent":"root","x":145.92,"y":-10.88,"scaleX":0.9,"scaleY":0.9},{"name":"glow","parent":"root","x":142.36,"y":100.51},{"name":"XYIN","parent":"root","length":45.42,"rotation":92.02,"x":319.41,"y":85.33,"scaleX":1.5,"scaleY":1.5}],"slots":[{"name":"face","bone":"face","attachment":"face"},{"name":"face1","bone":"face1","attachment":"face1"},{"name":"face2","bone":"face2","attachment":"face2"},{"name":"XYIN","bone":"XYIN","attachment":"XYIN"},{"name":"baokai_00000","bone":"bon","attachment":"baokai_00000","blend":"additive"},{"name":"glow","bone":"glow","color":"ffffff82","attachment":"glow","blend":"additive"},{"name":"tuoxie2","bone":"TX2","attachment":"tuoxie2"}],"skins":{"default":{"XYIN":{"XYIN":{"x":1.67,"y":1.87,"rotation":-92.02,"width":40,"height":89}},"baokai_00000":{"baokai_00000":{"width":300,"height":300},"baokai_00001":{"width":300,"height":300},"baokai_00002":{"width":300,"height":300},"baokai_00003":{"width":300,"height":300},"baokai_00004":{"width":300,"height":300},"baokai_00005":{"width":300,"height":300},"baokai_00006":{"width":300,"height":300},"baokai_00007":{"width":300,"height":300}},"face":{"face":{"x":0.5,"width":81,"height":84}},"face1":{"face1":{"x":0.5,"width":79,"height":57}},"face2":{"face2":{"x":0.5,"width":79,"height":52}},"glow":{"glow":{"width":100,"height":100}},"tuoxie2":{"tuoxie2":{"x":0.5,"width":55,"height":108}}}},"animations":{"animation":{"slots":{"XYIN":{"color":[{"time":0,"color":"ffffff00"},{"time":0.0667,"color":"ffffff00"},{"time":0.1,"color":"ffffffff","curve":"stepped"},{"time":1.7667,"color":"ffffffff"},{"time":2.1,"color":"ffffff00"}]},"baokai_00000":{"color":[{"time":0,"color":"ffffffff","curve":"stepped"},{"time":0.2667,"color":"ffffffff"},{"time":0.3,"color":"ffffff00"}],"attachment":[{"time":0,"name":"baokai_00000"},{"time":0.0333,"name":"baokai_00001"},{"time":0.0667,"name":"baokai_00002"},{"time":0.1,"name":"baokai_00003"},{"time":0.1333,"name":"baokai_00004"},{"time":0.1667,"name":"baokai_00005"},{"time":0.2,"name":"baokai_00006"},{"time":0.2333,"name":"baokai_00007"}]},"face":{"color":[{"time":0,"color":"ffffffff","curve":"stepped"},{"time":1.7667,"color":"ffffffff"},{"time":2.1,"color":"ffffff00"}]},"face1":{"color":[{"time":0,"color":"ffffffff","curve":"stepped"},{"time":1.0667,"color":"ffffffff"},{"time":1.1,"color":"ffffff00"}]},"face2":{"color":[{"time":0,"color":"ffffff00","curve":"stepped"},{"time":1.0667,"color":"ffffff00"},{"time":1.1,"color":"ffffffff","curve":"stepped"},{"time":1.7667,"color":"ffffffff"},{"time":2.1,"color":"ffffff00"}]},"glow":{"color":[{"time":0,"color":"ffffff82"},{"time":0.1333,"color":"ffffff00"}]},"tuoxie2":{"color":[{"time":0,"color":"ffffffff","curve":"stepped"},{"time":0.6,"color":"ffffffff"},{"time":1.1,"color":"ffffff00"}]}},"bones":{"TX2":{"rotate":[{"time":0.4333,"angle":0,"curve":[0.894,0,1,0.79]},{"time":1.1,"angle":84.3}],"translate":[{"time":0,"x":-70.02,"y":73.3},{"time":0.0667,"x":-70.87,"y":73.3},{"time":0.1333,"x":-68.79,"y":73.3},{"time":0.2,"x":-71.02,"y":73.3},{"time":0.2667,"x":-69.2,"y":73.3},{"time":0.3333,"x":-70.02,"y":73.3,"curve":"stepped"},{"time":0.4333,"x":-70.02,"y":73.3,"curve":[0.752,0,1,0.78]},{"time":1.1,"x":-82.91,"y":7.43}]},"bon":{"translate":[{"time":0,"x":-141.2,"y":7.46}]},"glow":{"translate":[{"time":0,"x":-141.29,"y":-103.12}],"scale":[{"time":0,"x":2,"y":2},{"time":0.1333,"x":4,"y":4}]},"XYIN":{"translate":[{"time":0,"x":-316.09,"y":-94}]}}}}}