{"skeleton":{"hash":"+sJjNQ/a9QgBb6Ab/0ps7Z7LAS0","spine":"3.7.92","width":301.05,"height":250,"images":"","audio":""},"bones":[{"name":"root"},{"name":"dk2","parent":"root","x":96.21,"y":-53.1},{"name":"dk1","parent":"root","x":156.85,"y":2.3},{"name":"dk3","parent":"root","x":103.12,"y":6.02},{"name":"dk6","parent":"root","x":79.18,"y":39.54},{"name":"dk5","parent":"root","x":161.64,"y":37.94},{"name":"face","parent":"root","x":-2.03,"y":-3.19,"scaleX":2,"scaleY":2}],"slots":[{"name":"suijidan_00001","bone":"face","attachment":"suijidan_00023"},{"name":"dk1","bone":"dk1","attachment":"dk1"},{"name":"dk2","bone":"dk2","attachment":"dk2"},{"name":"dk3","bone":"dk3","attachment":"dk3"},{"name":"dk5","bone":"dk5","attachment":"dk5"},{"name":"dk6","bone":"dk6","attachment":"dk6"},{"name":"1","bone":"root","attachment":"1"},{"name":"2","bone":"root","attachment":"2"},{"name":"3","bone":"root","attachment":"3"}],"path":[{"name":"1","order":1,"bones":["dk1"],"target":"1","rotation":-109},{"name":"2","order":2,"bones":["dk3"],"target":"2","rotation":26.5,"position":-0.25},{"name":"3","order":0,"bones":["dk2"],"target":"3"}],"skins":{"default":{"1":{"1":{"type":"path","lengths":[111.19,256.02],"vertexCount":6,"vertices":[-16.31,-5.43,18.42,3.95,56.33,14.2,94.65,9.19,124.89,-12.53,154.11,-33.52]}},"2":{"2":{"type":"path","lengths":[89.58,199.34],"vertexCount":6,"vertices":[-0.34,-8.41,-8.02,13.41,-26.64,66.25,-42.05,74.79,-62,79.58,-84.64,85.02]}},"3":{"3":{"type":"path","lengths":[113.73,254.42],"vertexCount":6,"vertices":[8.8,-11.36,-24.69,-1.7,-62.73,9.26,-107.16,-16.55,-122.91,-44.42,-140.06,-74.76]}},"dk1":{"dk1":{"x":3.17,"y":-1.82,"width":56,"height":48}},"dk2":{"dk2":{"x":-1.68,"y":-6.93,"width":53,"height":63}},"dk3":{"dk3":{"x":-5.6,"y":-0.04,"width":59,"height":37}},"dk5":{"dk5":{"x":0.88,"y":0.54,"width":23,"height":18}},"dk6":{"dk6":{"x":-0.16,"y":0.44,"width":22,"height":15}},"suijidan_00001":{"suijidan_00001":{"width":125,"height":125},"suijidan_00003":{"width":125,"height":125},"suijidan_00005":{"width":125,"height":125},"suijidan_00007":{"width":125,"height":125},"suijidan_00009":{"width":125,"height":125},"suijidan_00011":{"width":125,"height":125},"suijidan_00013":{"width":125,"height":125},"suijidan_00015":{"width":125,"height":125},"suijidan_00017":{"width":125,"height":125},"suijidan_00019":{"width":125,"height":125},"suijidan_00021":{"width":125,"height":125},"suijidan_00023":{"width":125,"height":125},"suijidan_00025":{"width":125,"height":125},"suijidan_00027":{"width":125,"height":125},"suijidan_00029":{"width":125,"height":125},"suijidan_00031":{"width":125,"height":125},"suijidan_00033":{"width":125,"height":125},"suijidan_00035":{"width":125,"height":125},"suijidan_00037":{"width":125,"height":125},"suijidan_00039":{"width":125,"height":125},"suijidan_00041":{"width":125,"height":125},"suijidan_00043":{"width":125,"height":125},"suijidan_00045":{"width":125,"height":125},"suijidan_00047":{"width":125,"height":125},"suijidan_00049":{"width":125,"height":125},"suijidan_00051":{"width":125,"height":125},"suijidan_00053":{"width":125,"height":125}}}},"animations":{"animation":{"slots":{"dk1":{"color":[{"time":0,"color":"ffffffff","curve":[1,0,0.979,0.8]},{"time":0.2,"color":"ffffff00"}]},"dk2":{"color":[{"time":0,"color":"ffffffff","curve":[1,0,0.957,0.78]},{"time":0.2,"color":"ffffff00"}]},"dk3":{"color":[{"time":0,"color":"ffffffff","curve":[1,0,0.973,0.78]},{"time":0.2,"color":"ffffff00"}]},"dk5":{"color":[{"time":0,"color":"ffffffff","curve":[1,0,0.947,0.75]},{"time":0.2,"color":"ffffff00"}]},"dk6":{"color":[{"time":0,"color":"ffffffff","curve":[0.888,0,0.931,0.81]},{"time":0.2,"color":"ffffff00"}]},"suijidan_00001":{"color":[{"time":1.8,"color":"ffffffff"},{"time":1.8333,"color":"ffffff00"}],"attachment":[{"time":0,"name":"suijidan_00001"},{"time":0.0667,"name":"suijidan_00003"},{"time":0.1333,"name":"suijidan_00005"},{"time":0.2,"name":"suijidan_00007"},{"time":0.2667,"name":"suijidan_00009"},{"time":0.3333,"name":"suijidan_00011"},{"time":0.4,"name":"suijidan_00013"},{"time":0.4667,"name":"suijidan_00015"},{"time":0.5333,"name":"suijidan_00017"},{"time":0.6,"name":"suijidan_00019"},{"time":0.6667,"name":"suijidan_00021"},{"time":0.7333,"name":"suijidan_00023"},{"time":0.8,"name":"suijidan_00025"},{"time":0.8667,"name":"suijidan_00027"},{"time":0.9333,"name":"suijidan_00029"},{"time":1,"name":"suijidan_00031"},{"time":1.0667,"name":"suijidan_00033"},{"time":1.1333,"name":"suijidan_00035"},{"time":1.2,"name":"suijidan_00037"},{"time":1.2667,"name":"suijidan_00039"},{"time":1.3333,"name":"suijidan_00041"},{"time":1.4,"name":"suijidan_00043"},{"time":1.4667,"name":"suijidan_00045"},{"time":1.5333,"name":"suijidan_00047"},{"time":1.6,"name":"suijidan_00049"},{"time":1.6667,"name":"suijidan_00051"},{"time":1.7333,"name":"suijidan_00053"}]}},"bones":{"dk6":{"rotate":[{"time":0,"angle":0},{"time":0.2,"angle":171.6}],"translate":[{"time":0,"x":-92.47,"y":-58.05},{"time":0.2,"x":-154.82,"y":-130.66}]},"dk5":{"rotate":[{"time":0,"angle":0},{"time":0.2,"angle":-163.2}],"translate":[{"time":0,"x":-152.55,"y":-54},{"time":0.2,"x":-104.44,"y":-142.03}]}},"paths":{"1":{"position":[{"time":0},{"time":0.2,"position":1}]},"2":{"position":[{"time":0},{"time":0.2,"position":1}]},"3":{"position":[{"time":0},{"time":0.2,"position":1}]}}}}}