{"skeleton":{"hash":"gI5jorPa8Q3dlHJDZ0qFeKjIqtI","spine":"3.6.53","width":180,"height":200,"images":""},"bones":[{"name":"root","y":4}],"slots":[{"name":"yanwu_00000","bone":"root","attachment":"yanwu_00016"}],"skins":{"default":{"yanwu_00000":{"yanwu_00000":{"width":180,"height":200},"yanwu_00002":{"width":180,"height":200},"yanwu_00004":{"width":180,"height":200},"yanwu_00006":{"width":180,"height":200},"yanwu_00008":{"width":180,"height":200},"yanwu_00010":{"width":180,"height":200},"yanwu_00012":{"width":180,"height":200},"yanwu_00014":{"width":180,"height":200},"yanwu_00016":{"width":180,"height":200}}}},"animations":{"animation":{"slots":{"yanwu_00000":{"attachment":[{"time":0,"name":"yanwu_00000"},{"time":0.0667,"name":"yanwu_00002"},{"time":0.1333,"name":"yanwu_00004"},{"time":0.2,"name":"yanwu_00006"},{"time":0.2667,"name":"yanwu_00008"},{"time":0.3333,"name":"yanwu_00010"},{"time":0.4,"name":"yanwu_00012"},{"time":0.4667,"name":"yanwu_00014"},{"time":0.5333,"name":"yanwu_00016"}]}},"bones":{"root":{"translate":[{"time":0.6,"x":0,"y":0}]}}}}}