{"skeleton":{"hash":"mkNOFKySQ5Fv5Xsb+jIchjh6wYc","spine":"3.7.92","width":111.17,"height":121.65,"images":"","audio":""},"bones":[{"name":"root"},{"name":"G","parent":"root","x":-36.38,"y":-45.77,"scaleX":0.7,"scaleY":0.7},{"name":"G2","parent":"root","x":-20.76,"y":-45.77,"scaleX":0.7,"scaleY":0.7},{"name":"G3","parent":"root","x":-7.3,"y":-45.77,"scaleX":0.7,"scaleY":0.7},{"name":"G4","parent":"root","x":6.59,"y":-45.77,"scaleX":0.7,"scaleY":0.7},{"name":"G5","parent":"root","x":22.21,"y":-45.77,"scaleX":0.7,"scaleY":0.7},{"name":"bone","parent":"root","x":2.42,"y":10.31,"scaleX":2,"scaleY":2}],"slots":[{"name":"dise","bone":"root","attachment":"dise"},{"name":"BK23","bone":"root","attachment":"BK23"},{"name":"gouwuc","bone":"root","attachment":"gouwuc"},{"name":"GX/guangxiao_00000","bone":"bone","attachment":"guangxiao_00058","blend":"additive"},{"name":"root","bone":"root","attachment":"shangcheng"},{"name":"atom","bone":"G","color":"ffffffbe","attachment":"atom","blend":"additive"},{"name":"atom2","bone":"G2","color":"ffffffbe","attachment":"atom","blend":"additive"},{"name":"atom3","bone":"G3","color":"ffffffbe","attachment":"atom","blend":"additive"},{"name":"atom4","bone":"G4","color":"ffffffbe","attachment":"atom","blend":"additive"},{"name":"atom5","bone":"G5","color":"ffffffbe","attachment":"atom","blend":"additive"}],"skins":{"default":{"BK23":{"BK23":{"x":1.46,"y":8.24,"width":94,"height":98}},"GX/guangxiao_00000":{"guangxiao_00000":{"width":50,"height":50},"guangxiao_00002":{"width":50,"height":50},"guangxiao_00004":{"width":50,"height":50},"guangxiao_00006":{"width":50,"height":50},"guangxiao_00008":{"width":50,"height":50},"guangxiao_00010":{"width":50,"height":50},"guangxiao_00012":{"width":50,"height":50},"guangxiao_00014":{"width":50,"height":50},"guangxiao_00016":{"width":50,"height":50},"guangxiao_00018":{"width":50,"height":50},"guangxiao_00020":{"width":50,"height":50},"guangxiao_00022":{"width":50,"height":50},"guangxiao_00024":{"width":50,"height":50},"guangxiao_00026":{"width":50,"height":50},"guangxiao_00028":{"width":50,"height":50},"guangxiao_00030":{"width":50,"height":50},"guangxiao_00032":{"width":50,"height":50},"guangxiao_00034":{"width":50,"height":50},"guangxiao_00036":{"width":50,"height":50},"guangxiao_00038":{"width":50,"height":50},"guangxiao_00040":{"width":50,"height":50},"guangxiao_00042":{"width":50,"height":50},"guangxiao_00044":{"width":50,"height":50},"guangxiao_00046":{"width":50,"height":50},"guangxiao_00048":{"width":50,"height":50},"guangxiao_00050":{"width":50,"height":50},"guangxiao_00052":{"width":50,"height":50},"guangxiao_00054":{"width":50,"height":50},"guangxiao_00056":{"width":50,"height":50},"guangxiao_00058":{"width":50,"height":50}},"atom":{"atom":{"width":31,"height":31}},"atom2":{"atom":{"width":31,"height":31}},"atom3":{"atom":{"width":31,"height":31}},"atom4":{"atom":{"width":31,"height":31}},"atom5":{"atom":{"width":31,"height":31}},"dise":{"dise":{"y":11.12,"width":108,"height":107}},"gouwuc":{"gouwuc":{"x":-5,"y":14.82,"width":102,"height":93}},"root":{"shangcheng":{"x":2.18,"y":-22.53,"width":106,"height":69}}}},"animations":{"animation":{"slots":{"GX/guangxiao_00000":{"attachment":[{"time":0,"name":"guangxiao_00000"},{"time":0.0667,"name":"guangxiao_00002"},{"time":0.1333,"name":"guangxiao_00004"},{"time":0.2,"name":"guangxiao_00006"},{"time":0.2667,"name":"guangxiao_00008"},{"time":0.3333,"name":"guangxiao_00010"},{"time":0.4,"name":"guangxiao_00012"},{"time":0.4667,"name":"guangxiao_00014"},{"time":0.5333,"name":"guangxiao_00016"},{"time":0.6,"name":"guangxiao_00018"},{"time":0.6667,"name":"guangxiao_00020"},{"time":0.7333,"name":"guangxiao_00022"},{"time":0.8,"name":"guangxiao_00024"},{"time":0.8667,"name":"guangxiao_00026"},{"time":0.9333,"name":"guangxiao_00028"},{"time":1,"name":"guangxiao_00030"},{"time":1.0667,"name":"guangxiao_00032"},{"time":1.1333,"name":"guangxiao_00034"},{"time":1.2,"name":"guangxiao_00036"},{"time":1.2667,"name":"guangxiao_00038"},{"time":1.3333,"name":"guangxiao_00040"},{"time":1.4,"name":"guangxiao_00042"},{"time":1.4667,"name":"guangxiao_00044"},{"time":1.5333,"name":"guangxiao_00046"},{"time":1.6,"name":"guangxiao_00048"},{"time":1.6667,"name":"guangxiao_00050"},{"time":1.7333,"name":"guangxiao_00052"},{"time":1.8,"name":"guangxiao_00054"},{"time":1.8667,"name":"guangxiao_00056"},{"time":1.9333,"name":"guangxiao_00058"}]},"atom":{"color":[{"time":0,"color":"ffffff61"},{"time":0.3667,"color":"ffffff00","curve":"stepped"},{"time":0.4,"color":"ffffff00"},{"time":0.7333,"color":"ffffff85"},{"time":1.9,"color":"ffffff7b"},{"time":2,"color":"ffffff61"}]},"atom2":{"color":[{"time":0,"color":"ffffff85"},{"time":1.1667,"color":"ffffff7b"},{"time":1.6333,"color":"ffffff00","curve":"stepped"},{"time":1.6667,"color":"ffffff00"},{"time":2,"color":"ffffff85"}]},"atom3":{"color":[{"time":0,"color":"ffffff00"},{"time":0.3333,"color":"ffffff85"},{"time":1.5,"color":"ffffff7b"},{"time":1.9667,"color":"ffffff00","curve":"stepped"},{"time":2,"color":"ffffff00"}]},"atom4":{"color":[{"time":0,"color":"ffffff7e"},{"time":0.2667,"color":"ffffff7b"},{"time":0.7333,"color":"ffffff00","curve":"stepped"},{"time":0.7667,"color":"ffffff00"},{"time":1.1,"color":"ffffff85"},{"time":2,"color":"ffffff7e"}]},"atom5":{"color":[{"time":0,"color":"ffffff82"},{"time":0.7333,"color":"ffffff7b"},{"time":1.2,"color":"ffffff00","curve":"stepped"},{"time":1.2333,"color":"ffffff00"},{"time":1.5667,"color":"ffffff85"},{"time":2,"color":"ffffff82"}]}},"bones":{"root":{"translate":[{"time":2,"x":0,"y":0}]},"G":{"translate":[{"time":0,"x":-5.05,"y":44.43},{"time":0.3667,"x":-9.51,"y":49.2},{"time":0.4,"x":14.43,"y":23.62},{"time":2,"x":-5.05,"y":44.43}],"scale":[{"time":0,"x":0.59,"y":0.59},{"time":0.3667,"x":0.429,"y":0.429},{"time":0.4,"x":1,"y":1,"curve":"stepped"},{"time":1.0667,"x":1,"y":1},{"time":2,"x":0.59,"y":0.59}]},"G2":{"translate":[{"time":0,"x":5.3,"y":37.45},{"time":1.6333,"x":-10.5,"y":71.5},{"time":1.6667,"x":8.53,"y":30.5},{"time":2,"x":5.3,"y":37.45}],"scale":[{"time":0,"x":1,"y":1,"curve":"stepped"},{"time":0.3333,"x":1,"y":1},{"time":1.6333,"x":0.429,"y":0.429},{"time":1.6667,"x":1,"y":1,"curve":"stepped"},{"time":2,"x":1,"y":1}]},"G3":{"translate":[{"time":0,"x":9.84,"y":22.96},{"time":1.9667,"x":8.53,"y":68.88},{"time":2,"x":9.84,"y":22.96}],"scale":[{"time":0,"x":1,"y":1,"curve":"stepped"},{"time":0.6667,"x":1,"y":1},{"time":1.9667,"x":0.429,"y":0.429},{"time":2,"x":1,"y":1}]},"G4":{"translate":[{"time":0,"x":30.7,"y":32.48},{"time":0.7333,"x":43.3,"y":40.67},{"time":0.7667,"x":9.51,"y":18.7},{"time":2,"x":30.7,"y":32.48}],"scale":[{"time":0,"x":0.751,"y":0.751},{"time":0.7333,"x":0.429,"y":0.429},{"time":0.7667,"x":1,"y":1,"curve":"stepped"},{"time":1.4333,"x":1,"y":1},{"time":2,"x":0.751,"y":0.751}]},"G5":{"translate":[{"time":0,"x":9.33,"y":44.5},{"time":1.2,"x":23.94,"y":66.91},{"time":1.2333,"x":0,"y":30.18},{"time":2,"x":9.33,"y":44.5}],"scale":[{"time":0,"x":0.956,"y":0.956},{"time":1.2,"x":0.429,"y":0.429},{"time":1.2333,"x":1,"y":1,"curve":"stepped"},{"time":1.9,"x":1,"y":1},{"time":2,"x":0.956,"y":0.956}]}}}}}