{"skeleton":{"hash":"9Qv7H25WymImEDaQ8Qck6vJZ0U4","spine":"3.7.92","width":2779.2,"height":1541.2,"images":"","audio":""},"bones":[{"name":"root"},{"name":"huojian","parent":"root"},{"name":"huojianhuoyan","parent":"huojian","rotation":-90,"x":1.4,"y":-91.78,"scaleX":4.512,"scaleY":2.18},{"name":"baozhaguang","parent":"root","x":1.14,"y":-73.93,"scaleX":9.003,"scaleY":9.003},{"name":"hebao1","parent":"root","x":7.44,"y":305.46,"scaleX":2.7,"scaleY":2.7},{"name":"hebao2","parent":"root","x":5.62,"y":249.93,"scaleX":2.7,"scaleY":2.7},{"name":"baozhaguang2","parent":"root","y":283.83,"scaleX":27.792,"scaleY":12.949},{"name":"heiping","parent":"root","y":252.98,"scaleX":11.151,"scaleY":9.498},{"name":"KS","parent":"root","x":0.44,"y":231.83},{"name":"shexian","parent":"root","y":236.85},{"name":"shexian2","parent":"root","y":236.85}],"slots":[{"name":"hei","bone":"heiping","color":"ffffff39","attachment":"hei"},{"name":"huojianhuoyan","bone":"huojianhuoyan","attachment":"huojianhuoyan","blend":"additive"},{"name":"huojian","bone":"huojian","attachment":"huojian"},{"name":"glow","bone":"baozhaguang","color":"ffe38583","attachment":"glow","blend":"additive"},{"name":"hebao_00000","bone":"hebao1","attachment":"hebao_00006"},{"name":"baoguangeff_00000","bone":"hebao2","attachment":"baoguangeff_00024","blend":"additive"},{"name":"kuosanquan","bone":"KS","attachment":"kuosanquan","blend":"additive"},{"name":"glow2","bone":"baozhaguang2","color":"fff8e2ff","attachment":"glow","blend":"additive"},{"name":"sheguangxian","bone":"shexian","attachment":"sheguangxian","blend":"additive"},{"name":"sheguangxian2","bone":"shexian2","attachment":"sheguangxian","blend":"additive"}],"skins":{"default":{"baoguangeff_00000":{"baoguangeff_00000":{"width":248,"height":248},"baoguangeff_00002":{"width":248,"height":248},"baoguangeff_00004":{"width":248,"height":248},"baoguangeff_00006":{"width":248,"height":248},"baoguangeff_00008":{"width":248,"height":248},"baoguangeff_00010":{"width":248,"height":248},"baoguangeff_00012":{"width":248,"height":248},"baoguangeff_00014":{"width":248,"height":248},"baoguangeff_00016":{"width":248,"height":248},"baoguangeff_00018":{"width":248,"height":248},"baoguangeff_00020":{"width":248,"height":248},"baoguangeff_00022":{"width":248,"height":248},"baoguangeff_00024":{"width":248,"height":248}},"glow":{"glow":{"width":100,"height":100}},"glow2":{"glow":{"width":100,"height":100}},"hebao_00000":{"hebao_00000":{"width":256,"height":256},"hebao_00002":{"width":256,"height":256},"hebao_00004":{"width":256,"height":256},"hebao_00006":{"width":256,"height":256},"hebao_00008":{"width":256,"height":256},"hebao_00010":{"width":256,"height":256},"hebao_00012":{"width":256,"height":256},"hebao_00014":{"width":256,"height":256},"hebao_00016":{"width":256,"height":256},"hebao_00020":{"width":256,"height":256},"hebao_00022":{"width":256,"height":256}},"hei":{"hei":{"width":120,"height":80}},"huojian":{"huojian":{"x":0.5,"y":0.5,"width":125,"height":213}},"huojianhuoyan":{"huojianhuoyan":{"x":39.84,"y":-1,"rotation":90,"width":100,"height":150}},"kuosanquan":{"kuosanquan":{"width":750,"height":100}},"sheguangxian":{"sheguangxian":{"width":250,"height":250}},"sheguangxian2":{"sheguangxian":{"width":250,"height":250}}}},"animations":{"animation":{"slots":{"baoguangeff_00000":{"color":[{"time":0,"color":"ffffff00","curve":"stepped"},{"time":0.6333,"color":"ffffff00"},{"time":0.6667,"color":"ffffffff","curve":"stepped"},{"time":1.5333,"color":"ffffffff"},{"time":1.5667,"color":"ffffff00"}],"attachment":[{"time":0,"name":"baoguangeff_00000"},{"time":0.6667,"name":"baoguangeff_00000"},{"time":0.7333,"name":"baoguangeff_00002"},{"time":0.8,"name":"baoguangeff_00004"},{"time":0.8667,"name":"baoguangeff_00006"},{"time":0.9333,"name":"baoguangeff_00008"},{"time":1,"name":"baoguangeff_00010"},{"time":1.0667,"name":"baoguangeff_00012"},{"time":1.1333,"name":"baoguangeff_00014"},{"time":1.2,"name":"baoguangeff_00016"},{"time":1.2667,"name":"baoguangeff_00018"},{"time":1.3333,"name":"baoguangeff_00020"},{"time":1.4,"name":"baoguangeff_00022"},{"time":1.4667,"name":"baoguangeff_00024"}]},"glow":{"color":[{"time":0,"color":"ffe38583"},{"time":0.3333,"color":"ffe28500"}]},"glow2":{"color":[{"time":0,"color":"fff7e200","curve":"stepped"},{"time":0.6333,"color":"fff7e200"},{"time":0.6667,"color":"fff8e2ff"},{"time":0.9333,"color":"fff7e200"}]},"hebao_00000":{"color":[{"time":0,"color":"ffffff00"},{"time":0.6333,"color":"ffffff00"},{"time":0.6667,"color":"ffffffff","curve":"stepped"},{"time":1.5,"color":"ffffffff"},{"time":1.5333,"color":"ffffff00"}],"attachment":[{"time":0,"name":"hebao_00000"},{"time":0.6667,"name":"hebao_00000"},{"time":0.7333,"name":"hebao_00002"},{"time":0.8,"name":"hebao_00004"},{"time":0.8667,"name":"hebao_00006"},{"time":0.9333,"name":"hebao_00008"},{"time":1,"name":"hebao_00010"},{"time":1.0667,"name":"hebao_00012"},{"time":1.1333,"name":"hebao_00014"},{"time":1.2333,"name":"hebao_00016"},{"time":1.3333,"name":"hebao_00020"},{"time":1.4333,"name":"hebao_00022"}]},"hei":{"color":[{"time":0,"color":"ffffff00"},{"time":0.3333,"color":"ffffff00"},{"time":0.6333,"color":"ffffff59"},{"time":0.6667,"color":"ffffff00"}]},"huojian":{"color":[{"time":0.6667,"color":"ffffffff"},{"time":0.7,"color":"ffffff00"}]},"huojianhuoyan":{"color":[{"time":0.6667,"color":"ffffffff"},{"time":0.7,"color":"ffffff00"}]},"kuosanquan":{"color":[{"time":0,"color":"ffffff00","curve":"stepped"},{"time":0.6333,"color":"ffffff00"},{"time":0.6667,"color":"ffffffff","curve":"stepped"},{"time":0.8333,"color":"ffffffff"},{"time":1,"color":"ffffff00"}]},"sheguangxian":{"color":[{"time":0,"color":"ffffff00","curve":"stepped"},{"time":0.3333,"color":"ffffff00"},{"time":0.3667,"color":"ffffffff","curve":"stepped"},{"time":0.5667,"color":"ffffffff"},{"time":0.6,"color":"ffffff00"}]},"sheguangxian2":{"color":[{"time":0,"color":"ffffff00","curve":"stepped"},{"time":0.4667,"color":"ffffff00"},{"time":0.5,"color":"ffffffff","curve":"stepped"},{"time":0.7,"color":"ffffffff"},{"time":0.7333,"color":"ffffff00"}]}},"bones":{"huojian":{"rotate":[{"time":0.4667,"angle":0},{"time":0.5,"angle":180}],"translate":[{"time":0,"x":0,"y":0},{"time":0.3333,"x":0,"y":1047.13,"curve":"stepped"},{"time":0.4667,"x":0,"y":1047.13},{"time":0.5,"x":0,"y":701.69},{"time":0.6667,"x":0,"y":234.33}],"scale":[{"time":0.4667,"x":1,"y":1},{"time":0.5,"x":0.7,"y":0.7}]},"KS":{"scale":[{"time":0,"x":1,"y":1,"curve":"stepped"},{"time":0.6667,"x":1,"y":1,"curve":[0.151,0.16,0.774,0.96]},{"time":1,"x":2.102,"y":2.003}]},"shexian":{"scale":[{"time":0.3333,"x":4,"y":4},{"time":0.5667,"x":0.5,"y":0.5}]},"shexian2":{"scale":[{"time":0.4667,"x":4,"y":4},{"time":0.7,"x":0.5,"y":0.5}]}}}}}