{"skeleton":{"hash":"X4GSnaO7fRfHryLRICF5OviVC+0","spine":"3.7.94","width":76.49,"height":73.51},"bones":[{"name":"Root"},{"name":"bone01","parent":"Root"},{"name":"bone1","parent":"bone01","rotation":-0.39},{"name":"bone2","parent":"bone1"},{"name":"bone4","parent":"bone01"},{"name":"bone5","parent":"bone1"}],"slots":[{"name":"image/luck_box 2","bone":"bone2","attachment":"image/luck_box 2"},{"name":"image/luck_box_text","bone":"bone4","attachment":"image/luck_box_text"},{"name":"bone2","bone":"bone2","attachment":"image/luck_box 2glow","blend":"additive"}],"skins":{"default":{"bone2":{"image/luck_box 2glow":{"width":76,"height":73}},"image/luck_box 2":{"image/luck_box 2":{"width":76,"height":73}},"image/luck_box_text":{"image/luck_box_text":{"width":76,"height":73}}}},"animations":{"eff_xingyunbaoxiang":{"slots":{"bone2":{"color":[{"time":0,"color":"ffffff00","curve":[0.25,0,0.75,1]},{"time":0.2333,"color":"ffffffff","curve":[0.25,0,0.75,1]},{"time":0.4667,"color":"ffffff00","curve":[0.25,0,0.75,1]},{"time":0.7,"color":"ffffffff","curve":[0.25,0,0.75,1]},{"time":0.9333,"color":"ffffff00"}]}},"bones":{"bone1":{"translate":[{"time":0,"x":0,"y":0,"curve":[0.25,0,0.75,1]},{"time":0.2333,"x":0,"y":7.22,"curve":[0.25,0,0.75,1]},{"time":0.4667,"x":0,"y":-1.09,"curve":[0.25,0,0.75,1]},{"time":0.7,"x":0,"y":7.87,"curve":[0.25,0,0.75,1]},{"time":0.9333,"x":0,"y":0}],"scale":[{"time":0,"x":1.038,"y":0.894,"curve":[0.25,0,0.75,1]},{"time":0.2333,"x":0.95,"y":1.1,"curve":[0.25,0,0.75,1]},{"time":0.4667,"x":1.038,"y":0.894,"curve":[0.25,0,0.75,1]},{"time":0.7,"x":0.95,"y":1.1,"curve":[0.25,0,0.75,1]},{"time":0.9333,"x":1.038,"y":0.894},{"time":1.0667,"x":1,"y":1,"curve":"stepped"},{"time":1.3333,"x":1,"y":1}]}}}}}