{"skeleton":{"hash":"VkxbHIXCzRX0SsKETXT9k4iZ6Ak","spine":"3.7.92","width":136.67,"height":402.59,"images":"","audio":""},"bones":[{"name":"root"},{"name":"huojian","parent":"root"},{"name":"huojianhuoyan","parent":"huojian","rotation":-90,"x":1.4,"y":-65.91,"scaleX":2,"scaleY":1.367}],"slots":[{"name":"huojianhuoyan","bone":"huojianhuoyan","attachment":"huojianhuoyan","blend":"additive"},{"name":"huojian","bone":"huojian","attachment":"huojian"}],"skins":{"default":{"huojian":{"huojian":{"x":0.5,"y":0.5,"width":125,"height":213}},"huojianhuoyan":{"huojianhuoyan":{"x":39.84,"y":-1,"rotation":90,"width":100,"height":150}}}},"animations":{"animation":{"bones":{"huojian":{"translate":[{"time":0,"x":-0.74,"y":0},{"time":0.0667,"x":1.02,"y":0},{"time":0.1333,"x":-0.74,"y":0}]}}}}}