{"skeleton":{"hash":"C0XQs8rz9UthYC9mBoedn7se2Ow","spine":"3.7.92","width":546.62,"height":569,"images":"","audio":""},"bones":[{"name":"root"},{"name":"heitou","parent":"root","y":20.2,"scaleX":1.5,"scaleY":1.5},{"name":"smoke","parent":"root","x":211.78,"y":119.86},{"name":"bone","parent":"root","x":-175.1,"y":-105.96},{"name":"DG","parent":"root","x":-121.01,"y":153.46,"scaleX":2,"scaleY":2},{"name":"BG","parent":"root","x":94.33,"y":-116.2,"scaleX":2,"scaleY":2},{"name":"xingxing","parent":"root","x":-39.33,"y":-240.53},{"name":"yanzhu","parent":"heitou","x":-6.62,"y":-9.05},{"name":"yanzhu2","parent":"heitou","x":7.08,"y":-8.21}],"slots":[{"name":"heitou","bone":"heitou","attachment":"heitou"},{"name":"biaoqing","bone":"heitou","attachment":"biaoqing"},{"name":"yanzhu","bone":"yanzhu","attachment":"yanzhu"},{"name":"yanzhu2","bone":"yanzhu2","attachment":"yanzhu"},{"name":"fx_smoke_1_00001","bone":"smoke","attachment":"fx_smoke_1_00001"},{"name":"maoXX_00000","bone":"xingxing","attachment":"maoXX_00018"},{"name":"Dg_00000","bone":"DG","attachment":"Dg_00001"},{"name":"Bguan_00000","bone":"BG","attachment":"Bguan_00001","blend":"additive"},{"name":"glow","bone":"bone","color":"fffbbded","attachment":"glow","blend":"additive"}],"skins":{"default":{"Bguan_00000":{"Bguan_00000":{"width":135,"height":135},"Bguan_00001":{"width":135,"height":135},"Bguan_00002":{"width":135,"height":135},"Bguan_00003":{"width":135,"height":135},"Bguan_00004":{"width":135,"height":135},"Bguan_00005":{"width":135,"height":135},"Bguan_00006":{"width":135,"height":135},"Bguan_00007":{"width":135,"height":135},"Bguan_00008":{"width":135,"height":135}},"Dg_00000":{"Dg_00000":{"width":135,"height":135},"Dg_00001":{"width":135,"height":135},"Dg_00002":{"width":135,"height":135},"Dg_00003":{"width":135,"height":135},"Dg_00004":{"width":135,"height":135},"Dg_00005":{"width":135,"height":135},"Dg_00006":{"width":135,"height":135},"Dg_00007":{"width":135,"height":135},"Dg_00008":{"width":135,"height":135},"Dg_00009":{"width":135,"height":135},"Dg_00010":{"width":135,"height":135}},"biaoqing":{"biaoqing":{"x":0.3,"y":-16.16,"width":39,"height":39}},"fx_smoke_1_00001":{"fx_smoke_1_00001":{"x":-6.18,"width":170,"height":170}},"glow":{"glow":{"width":100,"height":100}},"heitou":{"heitou":{"x":2.76,"y":8.27,"width":97,"height":95}},"maoXX_00000":{"maoXX_00000":{"width":150,"height":80},"maoXX_00002":{"width":150,"height":80},"maoXX_00004":{"width":150,"height":80},"maoXX_00006":{"width":150,"height":80},"maoXX_00008":{"width":150,"height":80},"maoXX_00010":{"width":150,"height":80},"maoXX_00012":{"width":150,"height":80},"maoXX_00014":{"width":150,"height":80},"maoXX_00016":{"width":150,"height":80},"maoXX_00018":{"width":150,"height":80}},"yanzhu":{"yanzhu":{"x":0.05,"y":0.12,"width":5,"height":5}},"yanzhu2":{"yanzhu":{"x":0.01,"y":0.01,"width":5,"height":5}}}},"animations":{"animation":{"slots":{"Bguan_00000":{"color":[{"time":0.3,"color":"ffffffff"},{"time":0.3333,"color":"ffffff00"}],"attachment":[{"time":0,"name":"Bguan_00000"},{"time":0.0333,"name":"Bguan_00001"},{"time":0.0667,"name":"Bguan_00002"},{"time":0.1,"name":"Bguan_00003"},{"time":0.1333,"name":"Bguan_00004"},{"time":0.1667,"name":"Bguan_00005"},{"time":0.2,"name":"Bguan_00006"},{"time":0.2333,"name":"Bguan_00007"},{"time":0.2667,"name":"Bguan_00008"}]},"Dg_00000":{"color":[{"time":0.3667,"color":"ffffffff"},{"time":0.4,"color":"ffffff00"}],"attachment":[{"time":0,"name":"Dg_00000"},{"time":0.0333,"name":"Dg_00001"},{"time":0.0667,"name":"Dg_00002"},{"time":0.1,"name":"Dg_00003"},{"time":0.1333,"name":"Dg_00004"},{"time":0.1667,"name":"Dg_00005"},{"time":0.2,"name":"Dg_00006"},{"time":0.2333,"name":"Dg_00007"},{"time":0.2667,"name":"Dg_00008"},{"time":0.3,"name":"Dg_00009"},{"time":0.3333,"name":"Dg_00010"}]},"biaoqing":{"color":[{"time":0,"color":"ffffff00"},{"time":0.1,"color":"ffffff00"},{"time":0.1667,"color":"ffffffff","curve":"stepped"},{"time":1,"color":"ffffffff"},{"time":1.6667,"color":"ffffff00"}]},"fx_smoke_1_00001":{"color":[{"time":0,"color":"ffffff00"},{"time":0.1333,"color":"ffffff00"},{"time":0.1667,"color":"ffffffff","curve":"stepped"},{"time":0.5,"color":"ffffffff"},{"time":1.3333,"color":"ffffff00"}]},"glow":{"color":[{"time":0,"color":"fffde8ed"},{"time":0.0667,"color":"ffe9a1ed"},{"time":0.1,"color":"fec27aff"},{"time":0.2,"color":"fa4f0a00"}]},"heitou":{"color":[{"time":0,"color":"ffffff00"},{"time":0.1,"color":"ffffff00"},{"time":0.1667,"color":"ffffffff","curve":"stepped"},{"time":1,"color":"ffffffff"},{"time":1.6667,"color":"ffffff00"}]},"maoXX_00000":{"color":[{"time":1,"color":"ffffffff"},{"time":1.6667,"color":"ffffff00"}],"attachment":[{"time":0,"name":"maoXX_00000"},{"time":0.0667,"name":"maoXX_00002"},{"time":0.1333,"name":"maoXX_00004"},{"time":0.2,"name":"maoXX_00006"},{"time":0.2667,"name":"maoXX_00008"},{"time":0.3333,"name":"maoXX_00010"},{"time":0.4,"name":"maoXX_00012"},{"time":0.4667,"name":"maoXX_00014"},{"time":0.5333,"name":"maoXX_00016"},{"time":0.6,"name":"maoXX_00018"},{"time":0.6667,"name":"maoXX_00000"},{"time":0.7333,"name":"maoXX_00002"},{"time":0.8,"name":"maoXX_00004"},{"time":0.8667,"name":"maoXX_00006"},{"time":0.9333,"name":"maoXX_00008"},{"time":1,"name":"maoXX_00010"},{"time":1.0667,"name":"maoXX_00012"},{"time":1.1333,"name":"maoXX_00014"},{"time":1.2,"name":"maoXX_00016"},{"time":1.2667,"name":"maoXX_00018"},{"time":1.3333,"name":"maoXX_00000"},{"time":1.4,"name":"maoXX_00002"},{"time":1.4667,"name":"maoXX_00004"},{"time":1.5333,"name":"maoXX_00006"},{"time":1.6,"name":"maoXX_00008"}]},"yanzhu":{"color":[{"time":0,"color":"ffffff00"},{"time":0.1,"color":"ffffff00"},{"time":0.1667,"color":"ffffffff","curve":"stepped"},{"time":1,"color":"ffffffff"},{"time":1.6667,"color":"ffffff00"}]},"yanzhu2":{"color":[{"time":0,"color":"ffffff00"},{"time":0.1,"color":"ffffff00"},{"time":0.1667,"color":"ffffffff","curve":"stepped"},{"time":1,"color":"ffffffff"},{"time":1.6667,"color":"ffffff00"}]}},"bones":{"smoke":{"translate":[{"time":0.1333,"x":-211.78,"y":-107.5}],"scale":[{"time":0.1333,"x":1.5,"y":1.5,"curve":[0.218,0.22,0.75,1]},{"time":1.3333,"x":2.3,"y":2.3}]},"bone":{"translate":[{"time":0,"x":175.1,"y":127.3}],"scale":[{"time":0,"x":3.3,"y":3.3},{"time":0.2,"x":4,"y":4}]},"DG":{"translate":[{"time":0,"x":124.65,"y":-133}]},"BG":{"translate":[{"time":0,"x":-90.66,"y":137.04}]},"xingxing":{"translate":[{"time":0,"x":42.18,"y":319.08}]},"yanzhu":{"translate":[{"time":0,"x":-0.5,"y":-0.16},{"time":0.0333,"x":-0.1,"y":1.07},{"time":0.0667,"x":-0.07,"y":2.29},{"time":0.1,"x":-0.42,"y":3.52},{"time":0.1333,"x":-0.97,"y":4.74},{"time":0.1667,"x":-1.77,"y":5.66},{"time":0.2,"x":-2.76,"y":6.16},{"time":0.2333,"x":-4.34,"y":6.5},{"time":0.2667,"x":-5.91,"y":6.15},{"time":0.3,"x":-7.2,"y":5.33},{"time":0.3333,"x":-7.99,"y":4.26},{"time":0.3667,"x":-8.49,"y":2.61},{"time":0.4,"x":-8.55,"y":1.33},{"time":0.4333,"x":-8.1,"y":-0.24},{"time":0.4667,"x":-7.17,"y":-1.33},{"time":0.5,"x":-6.25,"y":-2.05},{"time":0.5333,"x":-4.88,"y":-2.44},{"time":0.5667,"x":-3.64,"y":-2.45},{"time":0.6,"x":-2.44,"y":-2.06},{"time":0.6333,"x":-1.28,"y":-1.24},{"time":0.6667,"x":-0.5,"y":-0.16},{"time":0.7,"x":-0.1,"y":1.07},{"time":0.7333,"x":-0.07,"y":2.29},{"time":0.7667,"x":-0.42,"y":3.52},{"time":0.8,"x":-0.97,"y":4.74},{"time":0.8333,"x":-1.77,"y":5.66},{"time":0.8667,"x":-2.76,"y":6.16},{"time":0.9,"x":-4.34,"y":6.5},{"time":0.9333,"x":-5.91,"y":6.15},{"time":0.9667,"x":-7.2,"y":5.33},{"time":1,"x":-7.99,"y":4.26},{"time":1.0333,"x":-8.49,"y":2.61},{"time":1.0667,"x":-8.55,"y":1.33},{"time":1.1,"x":-8.1,"y":-0.24},{"time":1.1333,"x":-7.17,"y":-1.33},{"time":1.1667,"x":-6.25,"y":-2.05},{"time":1.2,"x":-4.88,"y":-2.44},{"time":1.2333,"x":-3.64,"y":-2.45},{"time":1.2667,"x":-2.44,"y":-2.06},{"time":1.3,"x":-1.28,"y":-1.24},{"time":1.3333,"x":-0.5,"y":-0.16},{"time":1.3667,"x":-0.1,"y":1.07},{"time":1.4,"x":-0.07,"y":2.29},{"time":1.4333,"x":-0.42,"y":3.52},{"time":1.4667,"x":-0.97,"y":4.74},{"time":1.5,"x":-1.77,"y":5.66},{"time":1.5333,"x":-2.76,"y":6.16},{"time":1.5667,"x":-4.34,"y":6.5},{"time":1.6,"x":-5.91,"y":6.15},{"time":1.6333,"x":-7.2,"y":5.33},{"time":1.6667,"x":-7.99,"y":4.26}]},"yanzhu2":{"translate":[{"time":0,"x":-0.77,"y":-0.6},{"time":0.0333,"x":0.07,"y":-1.75},{"time":0.0667,"x":0.81,"y":-2.39},{"time":0.1,"x":2.24,"y":-2.95},{"time":0.1333,"x":3.26,"y":-2.95},{"time":0.1667,"x":4.59,"y":-2.56},{"time":0.2,"x":5.59,"y":-1.92},{"time":0.2333,"x":6.26,"y":-0.95},{"time":0.2667,"x":6.65,"y":0.17},{"time":0.3,"x":6.71,"y":1.5},{"time":0.3333,"x":6.36,"y":2.73},{"time":0.3667,"x":5.53,"y":4.01},{"time":0.4,"x":4.49,"y":4.78},{"time":0.4333,"x":3.17,"y":5.2},{"time":0.4667,"x":1.98,"y":5.15},{"time":0.5,"x":0.75,"y":4.73},{"time":0.5333,"x":-0.2,"y":4.01},{"time":0.5667,"x":-0.84,"y":3.13},{"time":0.6,"x":-1.18,"y":1.94},{"time":0.6333,"x":-1.19,"y":0.55},{"time":0.6667,"x":-0.77,"y":-0.6},{"time":0.7,"x":0.07,"y":-1.75},{"time":0.7333,"x":0.81,"y":-2.39},{"time":0.7667,"x":2.24,"y":-2.95},{"time":0.8,"x":3.26,"y":-2.95},{"time":0.8333,"x":4.59,"y":-2.56},{"time":0.8667,"x":5.59,"y":-1.92},{"time":0.9,"x":6.26,"y":-0.95},{"time":0.9333,"x":6.65,"y":0.17},{"time":0.9667,"x":6.71,"y":1.5},{"time":1,"x":6.36,"y":2.73},{"time":1.0333,"x":5.53,"y":4.01},{"time":1.0667,"x":4.49,"y":4.78},{"time":1.1,"x":3.17,"y":5.2},{"time":1.1333,"x":1.98,"y":5.15},{"time":1.1667,"x":0.75,"y":4.73},{"time":1.2,"x":-0.2,"y":4.01},{"time":1.2333,"x":-0.84,"y":3.13},{"time":1.2667,"x":-1.18,"y":1.94},{"time":1.3,"x":-1.19,"y":0.55},{"time":1.3333,"x":-0.77,"y":-0.6},{"time":1.3667,"x":0.07,"y":-1.75},{"time":1.4,"x":0.81,"y":-2.39},{"time":1.4333,"x":2.24,"y":-2.95},{"time":1.4667,"x":3.26,"y":-2.95},{"time":1.5,"x":4.59,"y":-2.56},{"time":1.5333,"x":5.59,"y":-1.92},{"time":1.5667,"x":6.26,"y":-0.95},{"time":1.6,"x":6.65,"y":0.17},{"time":1.6333,"x":6.71,"y":1.5},{"time":1.6667,"x":6.36,"y":2.73}]}}}}}