{"skeleton":{"hash":"lKA8aQJbMft5FhTsH1xGMDhWLo0","spine":"3.6.53","width":0,"height":0,"images":""},"bones":[{"name":"root"},{"name":"bone","parent":"root"}],"slots":[{"name":"Z_sz","bone":"bone","attachment":"feiji"}],"skins":{"default":{"Z_sz":{"feiji":{"width":164,"height":85}}}},"animations":{"animation":{"slots":{"Z_sz":{"color":[{"time":0,"color":"ffffff00","curve":"stepped"},{"time":0.0667,"color":"ffffff00"},{"time":0.2667,"color":"ffffffff","curve":"stepped"},{"time":0.9,"color":"ffffffff"},{"time":1.0667,"color":"ffffff00"}]}},"bones":{"bone":{"translate":[{"time":0.0667,"x":218.08,"y":0,"curve":[0.169,0.2,0.75,1]},{"time":0.2667,"x":-12.19,"y":0,"curve":[0.25,0,0.75,1]},{"time":0.4,"x":10.78,"y":0,"curve":[0.25,0,0.75,1]},{"time":0.5333,"x":-6.58,"y":0,"curve":[0.25,0,0.75,1]},{"time":0.6667,"x":0,"y":0}]}}}}}