{"skeleton":{"hash":"l6cWb3bEB7Y5cT9llg5o1R9mBpM","spine":"3.6.53","width":480.57,"height":230,"images":""},"bones":[{"name":"root"},{"name":"FJ","parent":"root","x":738.48,"y":223.99},{"name":"yz","parent":"root","x":850.55,"y":215.09}],"slots":[{"name":"YINZI","bone":"yz","attachment":"YINZI"},{"name":"fj","bone":"FJ","attachment":"fj"}],"skins":{"default":{"YINZI":{"YINZI":{"width":426,"height":230}},"fj":{"fj":{"width":311,"height":193}}}},"animations":{"animation":{"bones":{"FJ":{"translate":[{"time":0,"x":0,"y":41.82},{"time":1.1667,"x":-1581.5,"y":-349.66}],"scale":[{"time":0,"x":0.7,"y":0.7},{"time":1.1667,"x":1.5,"y":1.5}]},"yz":{"translate":[{"time":0,"x":-60.57,"y":-133.52},{"time":1.1667,"x":-1586.55,"y":-747.8}],"scale":[{"time":0,"x":0.7,"y":0.7},{"time":1.1667,"x":1.5,"y":1.5}]}}}}}