{"skeleton":{"hash":"VF9hvQ5QqCCTWMpT1EvRQRMAlxw","spine":"3.6.53","width":143,"height":76,"images":""},"bones":[{"name":"root"},{"name":"bone","parent":"root"}],"slots":[{"name":"Z_sz","bone":"bone","attachment":"Z_sz"}],"skins":{"default":{"Z_sz":{"Z_sz":{"width":143,"height":76}}}},"animations":{"animation":{"slots":{"Z_sz":{"color":[{"time":0,"color":"ffffff00"},{"time":0.1333,"color":"ffffffff","curve":"stepped"},{"time":0.6667,"color":"ffffffff"},{"time":1,"color":"ffffff00"}]}},"bones":{"bone":{"translate":[{"time":0,"x":-314.55,"y":0,"curve":[0.119,0.32,0.619,0.96]},{"time":0.1333,"x":-26.94,"y":0},{"time":1,"x":79.67,"y":0}]}}},"animation2":{"slots":{"Z_sz":{"color":[{"time":0,"color":"ffffff00"},{"time":0.1333,"color":"ffffffff","curve":"stepped"},{"time":0.6667,"color":"ffffffff"},{"time":1,"color":"ffffff00","curve":"stepped"},{"time":1.4667,"color":"ffffff00"}]}},"bones":{"bone":{"translate":[{"time":0,"x":314.26,"y":0,"curve":[0.119,0.32,0.619,0.96]},{"time":0.1333,"x":32.89,"y":0},{"time":1,"x":-81.5,"y":0}]}}}}}