{"frames":{"5.png":{"pivot":{"y":0.5,"x":0.5},"trimmed":false,"sourceSize":{"w":71,"h":41},"rotated":false,"frame":{"x":1,"y":194,"w":71,"h":41},"spriteSourceSize":{"x":0,"y":0,"w":71,"h":41}},"1.png":{"pivot":{"y":0.5,"x":0.5},"trimmed":false,"sourceSize":{"w":100,"h":100},"rotated":false,"frame":{"x":1,"y":1,"w":100,"h":100},"spriteSourceSize":{"x":0,"y":0,"w":100,"h":100}},"4.png":{"pivot":{"y":0.5,"x":0.5},"trimmed":false,"sourceSize":{"w":57,"h":20},"rotated":false,"frame":{"x":143,"y":194,"w":57,"h":20},"spriteSourceSize":{"x":0,"y":0,"w":57,"h":20}},"8.png":{"pivot":{"y":0.5,"x":0.5},"trimmed":false,"sourceSize":{"w":22,"h":38},"rotated":false,"frame":{"x":202,"y":194,"w":22,"h":38},"spriteSourceSize":{"x":0,"y":0,"w":22,"h":38}},"2.png":{"pivot":{"y":0.5,"x":0.5},"trimmed":false,"sourceSize":{"w":85,"h":89},"rotated":false,"frame":{"x":1,"y":103,"w":85,"h":89},"spriteSourceSize":{"x":0,"y":0,"w":85,"h":89}},"7.png":{"pivot":{"y":0.5,"x":0.5},"trimmed":false,"sourceSize":{"w":67,"h":21},"rotated":false,"frame":{"x":74,"y":194,"w":67,"h":21},"spriteSourceSize":{"x":0,"y":0,"w":67,"h":21}},"6.png":{"pivot":{"y":0.5,"x":0.5},"trimmed":false,"sourceSize":{"w":15,"h":18},"rotated":false,"frame":{"x":226,"y":194,"w":15,"h":18},"spriteSourceSize":{"x":0,"y":0,"w":15,"h":18}},"3.png":{"pivot":{"y":0.5,"x":0.5},"trimmed":false,"sourceSize":{"w":14,"h":18},"rotated":false,"frame":{"x":226,"y":214,"w":14,"h":18},"spriteSourceSize":{"x":0,"y":0,"w":14,"h":18}}},"meta":{"app":"http://www.layabox.com","prefix":"10106.swf","scale":"1","version":"1.0","image":"10106_v20180515165755.png"}}