{"frames":{"1.png":{"pivot":{"y":0.5,"x":0.5},"spriteSourceSize":{"x":0,"y":0,"w":100,"h":100},"sourceSize":{"w":100,"h":100},"frame":{"x":1,"y":1,"w":100,"h":100},"rotated":false,"trimmed":false},"9.png":{"pivot":{"y":0.5,"x":0.5},"spriteSourceSize":{"x":0,"y":0,"w":34,"h":35},"sourceSize":{"w":34,"h":35},"frame":{"x":139,"y":92,"w":34,"h":35},"rotated":false,"trimmed":false},"3.png":{"pivot":{"y":0.5,"x":0.5},"spriteSourceSize":{"x":0,"y":0,"w":27,"h":20},"sourceSize":{"w":27,"h":20},"frame":{"x":175,"y":105,"w":27,"h":20},"rotated":false,"trimmed":false},"2.png":{"pivot":{"y":0.5,"x":0.5},"spriteSourceSize":{"x":0,"y":0,"w":85,"h":89},"sourceSize":{"w":85,"h":89},"frame":{"x":103,"y":1,"w":85,"h":89},"rotated":false,"trimmed":false},"7.png":{"pivot":{"y":0.5,"x":0.5},"spriteSourceSize":{"x":0,"y":0,"w":54,"h":13},"sourceSize":{"w":54,"h":13},"frame":{"x":1,"y":103,"w":54,"h":13},"rotated":false,"trimmed":false},"5.png":{"pivot":{"y":0.5,"x":0.5},"spriteSourceSize":{"x":0,"y":0,"w":28,"h":21},"sourceSize":{"w":28,"h":21},"frame":{"x":57,"y":103,"w":28,"h":21},"rotated":false,"trimmed":false},"4.png":{"pivot":{"y":0.5,"x":0.5},"spriteSourceSize":{"x":0,"y":0,"w":57,"h":11},"sourceSize":{"w":57,"h":11},"frame":{"x":175,"y":92,"w":57,"h":11},"rotated":false,"trimmed":false},"6.png":{"pivot":{"y":0.5,"x":0.5},"spriteSourceSize":{"x":0,"y":0,"w":9,"h":29},"sourceSize":{"w":9,"h":29},"frame":{"x":234,"y":1,"w":9,"h":29},"rotated":false,"trimmed":false},"10.png":{"pivot":{"y":0.5,"x":0.5},"spriteSourceSize":{"x":0,"y":0,"w":34,"h":35},"sourceSize":{"w":34,"h":35},"frame":{"x":103,"y":92,"w":34,"h":35},"rotated":false,"trimmed":false},"8.png":{"pivot":{"y":0.5,"x":0.5},"spriteSourceSize":{"x":0,"y":0,"w":17,"h":3},"sourceSize":{"w":17,"h":3},"frame":{"x":1,"y":118,"w":17,"h":3},"rotated":false,"trimmed":false}},"meta":{"app":"http://www.layabox.com","prefix":"10108.swf","scale":"1","version":"1.0","image":"10108_v20180515165755.png"}}