{"meta":{"app":"http://www.layabox.com","prefix":"10109.swf","scale":"1","version":"1.0","image":"10109_v20180515165755.png"},"frames":{"3.png":{"frame":{"x":30,"y":116,"w":21,"h":10},"sourceSize":{"w":21,"h":10},"pivot":{"y":0.5,"x":0.5},"rotated":false,"trimmed":false,"spriteSourceSize":{"x":0,"y":0,"w":21,"h":10}},"6.png":{"frame":{"x":172,"y":92,"w":31,"h":32},"sourceSize":{"w":31,"h":32},"pivot":{"y":0.5,"x":0.5},"rotated":false,"trimmed":false,"spriteSourceSize":{"x":0,"y":0,"w":31,"h":32}},"10.png":{"frame":{"x":190,"y":1,"w":29,"h":13},"sourceSize":{"w":29,"h":13},"pivot":{"y":0.5,"x":0.5},"rotated":false,"trimmed":false,"spriteSourceSize":{"x":0,"y":0,"w":29,"h":13}},"12.png":{"frame":{"x":221,"y":1,"w":22,"h":4},"sourceSize":{"w":22,"h":4},"pivot":{"y":0.5,"x":0.5},"rotated":false,"trimmed":false,"spriteSourceSize":{"x":0,"y":0,"w":22,"h":4}},"2.png":{"frame":{"x":103,"y":1,"w":85,"h":89},"sourceSize":{"w":85,"h":89},"pivot":{"y":0.5,"x":0.5},"rotated":false,"trimmed":false,"spriteSourceSize":{"x":0,"y":0,"w":85,"h":89}},"13.png":{"frame":{"x":1,"y":116,"w":27,"h":10},"sourceSize":{"w":27,"h":10},"pivot":{"y":0.5,"x":0.5},"rotated":false,"trimmed":false,"spriteSourceSize":{"x":0,"y":0,"w":27,"h":10}},"5.png":{"frame":{"x":205,"y":92,"w":31,"h":32},"sourceSize":{"w":31,"h":32},"pivot":{"y":0.5,"x":0.5},"rotated":false,"trimmed":false,"spriteSourceSize":{"x":0,"y":0,"w":31,"h":32}},"8.png":{"frame":{"x":103,"y":92,"w":67,"h":35},"sourceSize":{"w":67,"h":35},"pivot":{"y":0.5,"x":0.5},"rotated":false,"trimmed":false,"spriteSourceSize":{"x":0,"y":0,"w":67,"h":35}},"14.png":{"frame":{"x":53,"y":119,"w":26,"h":7},"sourceSize":{"w":26,"h":7},"pivot":{"y":0.5,"x":0.5},"rotated":false,"trimmed":false,"spriteSourceSize":{"x":0,"y":0,"w":26,"h":7}},"1.png":{"frame":{"x":1,"y":1,"w":100,"h":100},"sourceSize":{"w":100,"h":100},"pivot":{"y":0.5,"x":0.5},"rotated":false,"trimmed":false,"spriteSourceSize":{"x":0,"y":0,"w":100,"h":100}},"11.png":{"frame":{"x":81,"y":119,"w":13,"h":3},"sourceSize":{"w":13,"h":3},"pivot":{"y":0.5,"x":0.5},"rotated":false,"trimmed":false,"spriteSourceSize":{"x":0,"y":0,"w":13,"h":3}},"7.png":{"frame":{"x":1,"y":103,"w":52,"h":11},"sourceSize":{"w":52,"h":11},"pivot":{"y":0.5,"x":0.5},"rotated":false,"trimmed":false,"spriteSourceSize":{"x":0,"y":0,"w":52,"h":11}},"15.png":{"frame":{"x":55,"y":103,"w":29,"h":14},"sourceSize":{"w":29,"h":14},"pivot":{"y":0.5,"x":0.5},"rotated":false,"trimmed":false,"spriteSourceSize":{"x":0,"y":0,"w":29,"h":14}},"9.png":{"frame":{"x":86,"y":103,"w":7,"h":5},"sourceSize":{"w":7,"h":5},"pivot":{"y":0.5,"x":0.5},"rotated":false,"trimmed":false,"spriteSourceSize":{"x":0,"y":0,"w":7,"h":5}}}}