{"meta":{"app":"http://www.layabox.com","prefix":"10104.swf","scale":"1","version":"1.0","image":"10104_v20180515165755.png"},"frames":{"9.png":{"frame":{"x":190,"y":69,"w":52,"h":11},"trimmed":false,"spriteSourceSize":{"x":0,"y":0,"w":52,"h":11},"sourceSize":{"w":52,"h":11},"pivot":{"y":0.5,"x":0.5},"rotated":false},"4.png":{"frame":{"x":103,"y":1,"w":85,"h":89},"trimmed":false,"spriteSourceSize":{"x":0,"y":0,"w":85,"h":89},"sourceSize":{"w":85,"h":89},"pivot":{"y":0.5,"x":0.5},"rotated":false},"6.png":{"frame":{"x":217,"y":42,"w":25,"h":22},"trimmed":false,"spriteSourceSize":{"x":0,"y":0,"w":25,"h":22},"sourceSize":{"w":25,"h":22},"pivot":{"y":0.5,"x":0.5},"rotated":false},"1.png":{"frame":{"x":1,"y":1,"w":100,"h":100},"trimmed":false,"spriteSourceSize":{"x":0,"y":0,"w":100,"h":100},"sourceSize":{"w":100,"h":100},"pivot":{"y":0.5,"x":0.5},"rotated":false},"2.png":{"frame":{"x":218,"y":82,"w":17,"h":31},"trimmed":false,"spriteSourceSize":{"x":0,"y":0,"w":17,"h":31},"sourceSize":{"w":17,"h":31},"pivot":{"y":0.5,"x":0.5},"rotated":false},"8.png":{"frame":{"x":157,"y":92,"w":29,"h":26},"trimmed":false,"spriteSourceSize":{"x":0,"y":0,"w":29,"h":26},"sourceSize":{"w":29,"h":26},"pivot":{"y":0.5,"x":0.5},"rotated":false},"12.png":{"frame":{"x":1,"y":103,"w":52,"h":12},"trimmed":false,"spriteSourceSize":{"x":0,"y":0,"w":52,"h":12},"sourceSize":{"w":52,"h":12},"pivot":{"y":0.5,"x":0.5},"rotated":false},"5.png":{"frame":{"x":190,"y":1,"w":47,"h":39},"trimmed":false,"spriteSourceSize":{"x":0,"y":0,"w":47,"h":39},"sourceSize":{"w":47,"h":39},"pivot":{"y":0.5,"x":0.5},"rotated":false},"3.png":{"frame":{"x":239,"y":1,"w":16,"h":31},"trimmed":false,"spriteSourceSize":{"x":0,"y":0,"w":16,"h":31},"sourceSize":{"w":16,"h":31},"pivot":{"y":0.5,"x":0.5},"rotated":false},"11.png":{"frame":{"x":103,"y":92,"w":52,"h":15},"trimmed":false,"spriteSourceSize":{"x":0,"y":0,"w":52,"h":15},"sourceSize":{"w":52,"h":15},"pivot":{"y":0.5,"x":0.5},"rotated":false},"7.png":{"frame":{"x":188,"y":92,"w":28,"h":26},"trimmed":false,"spriteSourceSize":{"x":0,"y":0,"w":28,"h":26},"sourceSize":{"w":28,"h":26},"pivot":{"y":0.5,"x":0.5},"rotated":false},"10.png":{"frame":{"x":190,"y":42,"w":25,"h":25},"trimmed":false,"spriteSourceSize":{"x":0,"y":0,"w":25,"h":25},"sourceSize":{"w":25,"h":25},"pivot":{"y":0.5,"x":0.5},"rotated":false}}}