{"frames":{"2.png":{"pivot":{"y":0.5,"x":0.5},"trimmed":false,"rotated":false,"sourceSize":{"w":85,"h":89},"frame":{"x":1,"y":103,"w":85,"h":89},"spriteSourceSize":{"x":0,"y":0,"w":85,"h":89}},"1.png":{"pivot":{"y":0.5,"x":0.5},"trimmed":false,"rotated":false,"sourceSize":{"w":100,"h":100},"frame":{"x":1,"y":1,"w":100,"h":100},"spriteSourceSize":{"x":0,"y":0,"w":100,"h":100}},"4.png":{"pivot":{"y":0.5,"x":0.5},"trimmed":false,"rotated":false,"sourceSize":{"w":12,"h":6},"frame":{"x":78,"y":243,"w":12,"h":6},"spriteSourceSize":{"x":0,"y":0,"w":12,"h":6}},"7.png":{"pivot":{"y":0.5,"x":0.5},"trimmed":false,"rotated":false,"sourceSize":{"w":66,"h":51},"frame":{"x":1,"y":194,"w":66,"h":51},"spriteSourceSize":{"x":0,"y":0,"w":66,"h":51}},"5.png":{"pivot":{"y":0.5,"x":0.5},"trimmed":false,"rotated":false,"sourceSize":{"w":54,"h":13},"frame":{"x":69,"y":228,"w":54,"h":13},"spriteSourceSize":{"x":0,"y":0,"w":54,"h":13}},"6.png":{"pivot":{"y":0.5,"x":0.5},"trimmed":false,"rotated":false,"sourceSize":{"w":31,"h":32},"frame":{"x":69,"y":194,"w":31,"h":32},"spriteSourceSize":{"x":0,"y":0,"w":31,"h":32}},"8.png":{"pivot":{"y":0.5,"x":0.5},"trimmed":false,"rotated":false,"sourceSize":{"w":75,"h":8},"frame":{"x":1,"y":247,"w":75,"h":8},"spriteSourceSize":{"x":0,"y":0,"w":75,"h":8}}},"meta":{"app":"http://www.layabox.com","prefix":"10105.swf","scale":"1","version":"1.0","image":"10105_v20180515165755.png"}}