{"meta":{"app":"http://www.layabox.com","prefix":"10102.swf","scale":"1","version":"1.0","image":"10102_v20180515165755.png"},"frames":{"5.png":{"frame":{"x":192,"y":54,"w":19,"h":51},"rotated":false,"pivot":{"y":0.5,"x":0.5},"trimmed":false,"sourceSize":{"w":19,"h":51},"spriteSourceSize":{"x":0,"y":0,"w":19,"h":51}},"4.png":{"frame":{"x":103,"y":81,"w":22,"h":35},"rotated":false,"pivot":{"y":0.5,"x":0.5},"trimmed":false,"sourceSize":{"w":22,"h":35},"spriteSourceSize":{"x":0,"y":0,"w":22,"h":35}},"9.png":{"frame":{"x":1,"y":115,"w":26,"h":10},"rotated":false,"pivot":{"y":0.5,"x":0.5},"trimmed":false,"sourceSize":{"w":26,"h":10},"spriteSourceSize":{"x":0,"y":0,"w":26,"h":10}},"6.png":{"frame":{"x":192,"y":1,"w":19,"h":51},"rotated":false,"pivot":{"y":0.5,"x":0.5},"trimmed":false,"sourceSize":{"w":19,"h":51},"spriteSourceSize":{"x":0,"y":0,"w":19,"h":51}},"11.png":{"frame":{"x":47,"y":103,"w":14,"h":14},"rotated":false,"pivot":{"y":0.5,"x":0.5},"trimmed":false,"sourceSize":{"w":14,"h":14},"spriteSourceSize":{"x":0,"y":0,"w":14,"h":14}},"8.png":{"frame":{"x":103,"y":1,"w":87,"h":38},"rotated":false,"pivot":{"y":0.5,"x":0.5},"trimmed":false,"sourceSize":{"w":87,"h":38},"spriteSourceSize":{"x":0,"y":0,"w":87,"h":38}},"2.png":{"frame":{"x":103,"y":41,"w":87,"h":38},"rotated":false,"pivot":{"y":0.5,"x":0.5},"trimmed":false,"sourceSize":{"w":87,"h":38},"spriteSourceSize":{"x":0,"y":0,"w":87,"h":38}},"3.png":{"frame":{"x":1,"y":103,"w":28,"h":10},"rotated":false,"pivot":{"y":0.5,"x":0.5},"trimmed":false,"sourceSize":{"w":28,"h":10},"spriteSourceSize":{"x":0,"y":0,"w":28,"h":10}},"7.png":{"frame":{"x":31,"y":103,"w":14,"h":14},"rotated":false,"pivot":{"y":0.5,"x":0.5},"trimmed":false,"sourceSize":{"w":14,"h":14},"spriteSourceSize":{"x":0,"y":0,"w":14,"h":14}},"1.png":{"frame":{"x":1,"y":1,"w":100,"h":100},"rotated":false,"pivot":{"y":0.5,"x":0.5},"trimmed":false,"sourceSize":{"w":100,"h":100},"spriteSourceSize":{"x":0,"y":0,"w":100,"h":100}}}}