{"frames":{"11.png":{"frame":{"x":91,"y":187,"w":26,"h":26},"sourceSize":{"w":26,"h":26},"spriteSourceSize":{"x":0,"y":0,"w":26,"h":26},"pivot":{"y":0.5,"x":0.5},"trimmed":false,"rotated":false},"9.png":{"frame":{"x":119,"y":187,"w":18,"h":25},"sourceSize":{"w":18,"h":25},"spriteSourceSize":{"x":0,"y":0,"w":18,"h":25},"pivot":{"y":0.5,"x":0.5},"trimmed":false,"rotated":false},"1.png":{"frame":{"x":1,"y":1,"w":100,"h":100},"sourceSize":{"w":100,"h":100},"spriteSourceSize":{"x":0,"y":0,"w":100,"h":100},"pivot":{"y":0.5,"x":0.5},"trimmed":false,"rotated":false},"3.png":{"frame":{"x":62,"y":236,"w":25,"h":7},"sourceSize":{"w":25,"h":7},"spriteSourceSize":{"x":0,"y":0,"w":25,"h":7},"pivot":{"y":0.5,"x":0.5},"trimmed":false,"rotated":false},"2.png":{"frame":{"x":1,"y":103,"w":85,"h":89},"sourceSize":{"w":85,"h":89},"spriteSourceSize":{"x":0,"y":0,"w":85,"h":89},"pivot":{"y":0.5,"x":0.5},"trimmed":false,"rotated":false},"6.png":{"frame":{"x":91,"y":215,"w":20,"h":24},"sourceSize":{"w":20,"h":24},"spriteSourceSize":{"x":0,"y":0,"w":20,"h":24},"pivot":{"y":0.5,"x":0.5},"trimmed":false,"rotated":false},"7.png":{"frame":{"x":88,"y":157,"w":30,"h":28},"sourceSize":{"w":30,"h":28},"spriteSourceSize":{"x":0,"y":0,"w":30,"h":28},"pivot":{"y":0.5,"x":0.5},"trimmed":false,"rotated":false},"13.png":{"frame":{"x":33,"y":236,"w":27,"h":15},"sourceSize":{"w":27,"h":15},"spriteSourceSize":{"x":0,"y":0,"w":27,"h":15},"pivot":{"y":0.5,"x":0.5},"trimmed":false,"rotated":false},"5.png":{"frame":{"x":88,"y":103,"w":57,"h":24},"sourceSize":{"w":57,"h":24},"spriteSourceSize":{"x":0,"y":0,"w":57,"h":24},"pivot":{"y":0.5,"x":0.5},"trimmed":false,"rotated":false},"12.png":{"frame":{"x":89,"y":241,"w":11,"h":11},"sourceSize":{"w":11,"h":11},"spriteSourceSize":{"x":0,"y":0,"w":11,"h":11},"pivot":{"y":0.5,"x":0.5},"trimmed":false,"rotated":false},"4.png":{"frame":{"x":1,"y":194,"w":88,"h":40},"sourceSize":{"w":88,"h":40},"spriteSourceSize":{"x":0,"y":0,"w":88,"h":40},"pivot":{"y":0.5,"x":0.5},"trimmed":false,"rotated":false},"10.png":{"frame":{"x":113,"y":215,"w":23,"h":20},"sourceSize":{"w":23,"h":20},"spriteSourceSize":{"x":0,"y":0,"w":23,"h":20},"pivot":{"y":0.5,"x":0.5},"trimmed":false,"rotated":false},"8.png":{"frame":{"x":88,"y":129,"w":34,"h":26},"sourceSize":{"w":34,"h":26},"spriteSourceSize":{"x":0,"y":0,"w":34,"h":26},"pivot":{"y":0.5,"x":0.5},"trimmed":false,"rotated":false},"14.png":{"frame":{"x":1,"y":236,"w":30,"h":18},"sourceSize":{"w":30,"h":18},"spriteSourceSize":{"x":0,"y":0,"w":30,"h":18},"pivot":{"y":0.5,"x":0.5},"trimmed":false,"rotated":false}},"meta":{"app":"http://www.layabox.com","prefix":"10103.swf","scale":"1","version":"1.0","image":"10103_v20180515165755.png"}}