{"meta":{"app":"http://www.layabox.com","prefix":"10113.swf","scale":"1","version":"1.0","image":"10113_v20180515165755.png"},"frames":{"1.png":{"sourceSize":{"w":100,"h":100},"spriteSourceSize":{"x":0,"y":0,"w":100,"h":100},"trimmed":false,"rotated":false,"frame":{"x":1,"y":1,"w":100,"h":100},"pivot":{"y":0.5,"x":0.5}},"4.png":{"sourceSize":{"w":33,"h":20},"spriteSourceSize":{"x":0,"y":0,"w":33,"h":20},"trimmed":false,"rotated":false,"frame":{"x":103,"y":92,"w":33,"h":20},"pivot":{"y":0.5,"x":0.5}},"6.png":{"sourceSize":{"w":7,"h":14},"spriteSourceSize":{"x":0,"y":0,"w":7,"h":14},"trimmed":false,"rotated":false,"frame":{"x":10,"y":103,"w":7,"h":14},"pivot":{"y":0.5,"x":0.5}},"2.png":{"sourceSize":{"w":85,"h":89},"spriteSourceSize":{"x":0,"y":0,"w":85,"h":89},"trimmed":false,"rotated":false,"frame":{"x":103,"y":1,"w":85,"h":89},"pivot":{"y":0.5,"x":0.5}},"5.png":{"sourceSize":{"w":40,"h":36},"spriteSourceSize":{"x":0,"y":0,"w":40,"h":36},"trimmed":false,"rotated":false,"frame":{"x":190,"y":1,"w":40,"h":36},"pivot":{"y":0.5,"x":0.5}},"7.png":{"sourceSize":{"w":7,"h":17},"spriteSourceSize":{"x":0,"y":0,"w":7,"h":17},"trimmed":false,"rotated":false,"frame":{"x":1,"y":103,"w":7,"h":17},"pivot":{"y":0.5,"x":0.5}}}}