{"meta":{"app":"http://www.layabox.com","prefix":"10112.swf","scale":"1","version":"1.0","image":"10112_v20180515165755.png"},"frames":{"8.png":{"frame":{"x":1,"y":92,"w":40,"h":35},"trimmed":false,"rotated":false,"spriteSourceSize":{"x":0,"y":0,"w":40,"h":35},"sourceSize":{"w":40,"h":35},"pivot":{"y":0.5,"x":0.5}},"1.png":{"frame":{"x":1,"y":1,"w":85,"h":89},"trimmed":false,"rotated":false,"spriteSourceSize":{"x":0,"y":0,"w":85,"h":89},"sourceSize":{"w":85,"h":89},"pivot":{"y":0.5,"x":0.5}},"3.png":{"frame":{"x":43,"y":92,"w":34,"h":35},"trimmed":false,"rotated":false,"spriteSourceSize":{"x":0,"y":0,"w":34,"h":35},"sourceSize":{"w":34,"h":35},"pivot":{"y":0.5,"x":0.5}},"5.png":{"frame":{"x":103,"y":118,"w":9,"h":3},"trimmed":false,"rotated":false,"spriteSourceSize":{"x":0,"y":0,"w":9,"h":3},"sourceSize":{"w":9,"h":3},"pivot":{"y":0.5,"x":0.5}},"6.png":{"frame":{"x":79,"y":118,"w":22,"h":9},"trimmed":false,"rotated":false,"spriteSourceSize":{"x":0,"y":0,"w":22,"h":9},"sourceSize":{"w":22,"h":9},"pivot":{"y":0.5,"x":0.5}},"7.png":{"frame":{"x":79,"y":92,"w":39,"h":24},"trimmed":false,"rotated":false,"spriteSourceSize":{"x":0,"y":0,"w":39,"h":24},"sourceSize":{"w":39,"h":24},"pivot":{"y":0.5,"x":0.5}},"4.png":{"frame":{"x":88,"y":42,"w":14,"h":14},"trimmed":false,"rotated":false,"spriteSourceSize":{"x":0,"y":0,"w":14,"h":14},"sourceSize":{"w":14,"h":14},"pivot":{"y":0.5,"x":0.5}},"9.png":{"frame":{"x":88,"y":1,"w":15,"h":39},"trimmed":false,"rotated":false,"spriteSourceSize":{"x":0,"y":0,"w":15,"h":39},"sourceSize":{"w":15,"h":39},"pivot":{"y":0.5,"x":0.5}}}}