{"frames":{"6.png":{"frame":{"x":104,"y":242,"w":12,"h":12},"sourceSize":{"w":12,"h":12},"rotated":false,"spriteSourceSize":{"x":0,"y":0,"w":12,"h":12},"trimmed":false,"pivot":{"y":0.5,"x":0.5}},"4.png":{"frame":{"x":1,"y":194,"w":69,"h":52},"sourceSize":{"w":69,"h":52},"rotated":false,"spriteSourceSize":{"x":0,"y":0,"w":69,"h":52},"trimmed":false,"pivot":{"y":0.5,"x":0.5}},"8.png":{"frame":{"x":104,"y":194,"w":25,"h":30},"sourceSize":{"w":25,"h":30},"rotated":false,"spriteSourceSize":{"x":0,"y":0,"w":25,"h":30},"trimmed":false,"pivot":{"y":0.5,"x":0.5}},"7.png":{"frame":{"x":72,"y":194,"w":30,"h":55},"sourceSize":{"w":30,"h":55},"rotated":false,"spriteSourceSize":{"x":0,"y":0,"w":30,"h":55},"trimmed":false,"pivot":{"y":0.5,"x":0.5}},"3.png":{"frame":{"x":104,"y":226,"w":47,"h":14},"sourceSize":{"w":47,"h":14},"rotated":false,"spriteSourceSize":{"x":0,"y":0,"w":47,"h":14},"trimmed":false,"pivot":{"y":0.5,"x":0.5}},"5.png":{"frame":{"x":118,"y":242,"w":12,"h":12},"sourceSize":{"w":12,"h":12},"rotated":false,"spriteSourceSize":{"x":0,"y":0,"w":12,"h":12},"trimmed":false,"pivot":{"y":0.5,"x":0.5}},"1.png":{"frame":{"x":1,"y":1,"w":100,"h":100},"sourceSize":{"w":100,"h":100},"rotated":false,"spriteSourceSize":{"x":0,"y":0,"w":100,"h":100},"trimmed":false,"pivot":{"y":0.5,"x":0.5}},"2.png":{"frame":{"x":1,"y":103,"w":85,"h":89},"sourceSize":{"w":85,"h":89},"rotated":false,"spriteSourceSize":{"x":0,"y":0,"w":85,"h":89},"trimmed":false,"pivot":{"y":0.5,"x":0.5}}},"meta":{"app":"http://www.layabox.com","prefix":"10111.swf","scale":"1","version":"1.0","image":"10111_v20180515165755.png"}}