{"frames":{"5.png":{"spriteSourceSize":{"x":0,"y":0,"w":51,"h":24},"frame":{"x":103,"y":92,"w":51,"h":24},"trimmed":false,"sourceSize":{"w":51,"h":24},"pivot":{"y":0.5,"x":0.5},"rotated":false},"9.png":{"spriteSourceSize":{"x":0,"y":0,"w":16,"h":12},"frame":{"x":31,"y":103,"w":16,"h":12},"trimmed":false,"sourceSize":{"w":16,"h":12},"pivot":{"y":0.5,"x":0.5},"rotated":false},"6.png":{"spriteSourceSize":{"x":0,"y":0,"w":31,"h":31},"frame":{"x":156,"y":92,"w":31,"h":31},"trimmed":false,"sourceSize":{"w":31,"h":31},"pivot":{"y":0.5,"x":0.5},"rotated":false},"1.png":{"spriteSourceSize":{"x":0,"y":0,"w":100,"h":100},"frame":{"x":1,"y":1,"w":100,"h":100},"trimmed":false,"sourceSize":{"w":100,"h":100},"pivot":{"y":0.5,"x":0.5},"rotated":false},"8.png":{"spriteSourceSize":{"x":0,"y":0,"w":26,"h":44},"frame":{"x":190,"y":1,"w":26,"h":44},"trimmed":false,"sourceSize":{"w":26,"h":44},"pivot":{"y":0.5,"x":0.5},"rotated":false},"4.png":{"spriteSourceSize":{"x":0,"y":0,"w":28,"h":14},"frame":{"x":1,"y":103,"w":28,"h":14},"trimmed":false,"sourceSize":{"w":28,"h":14},"pivot":{"y":0.5,"x":0.5},"rotated":false},"7.png":{"spriteSourceSize":{"x":0,"y":0,"w":31,"h":22},"frame":{"x":189,"y":92,"w":31,"h":22},"trimmed":false,"sourceSize":{"w":31,"h":22},"pivot":{"y":0.5,"x":0.5},"rotated":false},"2.png":{"spriteSourceSize":{"x":0,"y":0,"w":85,"h":89},"frame":{"x":103,"y":1,"w":85,"h":89},"trimmed":false,"sourceSize":{"w":85,"h":89},"pivot":{"y":0.5,"x":0.5},"rotated":false}},"meta":{"app":"http://www.layabox.com","prefix":"10118.swf","scale":"1","version":"1.0","image":"10118_v20180515165755.png"}}