{"meta":{"app":"http://www.layabox.com","prefix":"10116.swf","scale":"1","version":"1.0","image":"10116_v20180515165755.png"},"frames":{"5.png":{"frame":{"x":69,"y":194,"w":66,"h":35},"spriteSourceSize":{"x":0,"y":0,"w":66,"h":35},"trimmed":false,"rotated":false,"sourceSize":{"w":66,"h":35},"pivot":{"y":0.5,"x":0.5}},"1.png":{"frame":{"x":1,"y":1,"w":100,"h":100},"spriteSourceSize":{"x":0,"y":0,"w":100,"h":100},"trimmed":false,"rotated":false,"sourceSize":{"w":100,"h":100},"pivot":{"y":0.5,"x":0.5}},"7.png":{"frame":{"x":1,"y":194,"w":66,"h":36},"spriteSourceSize":{"x":0,"y":0,"w":66,"h":36},"trimmed":false,"rotated":false,"sourceSize":{"w":66,"h":36},"pivot":{"y":0.5,"x":0.5}},"2.png":{"frame":{"x":1,"y":103,"w":85,"h":89},"spriteSourceSize":{"x":0,"y":0,"w":85,"h":89},"trimmed":false,"rotated":false,"sourceSize":{"w":85,"h":89},"pivot":{"y":0.5,"x":0.5}},"6.png":{"frame":{"x":1,"y":232,"w":7,"h":8},"spriteSourceSize":{"x":0,"y":0,"w":7,"h":8},"trimmed":false,"rotated":false,"sourceSize":{"w":7,"h":8},"pivot":{"y":0.5,"x":0.5}},"4.png":{"frame":{"x":69,"y":231,"w":27,"h":16},"spriteSourceSize":{"x":0,"y":0,"w":27,"h":16},"trimmed":false,"rotated":false,"sourceSize":{"w":27,"h":16},"pivot":{"y":0.5,"x":0.5}}}}