{"frames":{"9.png":{"sourceSize":{"w":86,"h":90},"trimmed":false,"pivot":{"y":0.5,"x":0.5},"spriteSourceSize":{"x":0,"y":0,"w":86,"h":90},"frame":{"x":1,"y":103,"w":86,"h":90},"rotated":false},"1.png":{"sourceSize":{"w":100,"h":100},"trimmed":false,"pivot":{"y":0.5,"x":0.5},"spriteSourceSize":{"x":0,"y":0,"w":100,"h":100},"frame":{"x":1,"y":1,"w":100,"h":100},"rotated":false},"4.png":{"sourceSize":{"w":57,"h":32},"trimmed":false,"pivot":{"y":0.5,"x":0.5},"spriteSourceSize":{"x":0,"y":0,"w":57,"h":32},"frame":{"x":1,"y":195,"w":57,"h":32},"rotated":false},"5.png":{"sourceSize":{"w":54,"h":38},"trimmed":false,"pivot":{"y":0.5,"x":0.5},"spriteSourceSize":{"x":0,"y":0,"w":54,"h":38},"frame":{"x":89,"y":194,"w":54,"h":38},"rotated":false},"6.png":{"sourceSize":{"w":25,"h":30},"trimmed":false,"pivot":{"y":0.5,"x":0.5},"spriteSourceSize":{"x":0,"y":0,"w":25,"h":30},"frame":{"x":60,"y":195,"w":25,"h":30},"rotated":false},"2.png":{"sourceSize":{"w":85,"h":89},"trimmed":false,"pivot":{"y":0.5,"x":0.5},"spriteSourceSize":{"x":0,"y":0,"w":85,"h":89},"frame":{"x":89,"y":103,"w":85,"h":89},"rotated":false}},"meta":{"app":"http://www.layabox.com","prefix":"10120.swf","scale":"1","version":"1.0","image":"10120_v20180515165755.png"}}