{"res_v7.json":{"f":"res_v7.json","v":{"s":46485,"m":"9db766a7f0bd94e18d457128e13bfe9a"}},"daima_v7.js":{"f":"daima_v7.js","v":{"s":1409155,"m":"e010c3c353a9c0d8ba4ab2950766284a"}},"game_v7.html":{"f":"game_v7.html","v":{"s":1175,"m":"8a950b4a44baccf6b6f1e689f2ef2104"}},"ani\/brnn.ani":{"f":"ani\/brnnda0ba59c.ani","v":{"s":6495,"m":"da0ba59c10d01c67a6bcdbec40a5027e"}},"ani\/chapter.ani":{"f":"ani\/chapter63766d0b.ani","v":{"s":2826,"m":"63766d0bf45d40146b1ccee240cf0398"}},"ani\/first.ani":{"f":"ani\/firstce772ca0.ani","v":{"s":1145,"m":"ce772ca0336f7f9680f2687261f9d171"}},"ani\/firstbuy.ani":{"f":"ani\/firstbuy9ceda2f4.ani","v":{"s":1810,"m":"9ceda2f419774db181f688ef9dc8973e"}},"ani\/firstbuylight.ani":{"f":"ani\/firstbuylighte1a1548b.ani","v":{"s":1253,"m":"e1a1548b881b3048cb45a19935081f2d"}},"ani\/firstitem.ani":{"f":"ani\/firstitem50d0a5e8.ani","v":{"s":1317,"m":"50d0a5e82e28afdf5c7703abfacead40"}},"ani\/fish.ani":{"f":"ani\/fish2b56a3bb.ani","v":{"s":19125,"m":"2b56a3bb826e04438b4fdc74eeeedbbc"}},"ani\/girl.ani":{"f":"ani\/girl87a8c859.ani","v":{"s":4499,"m":"87a8c8590058d6f6f6f9e4dd8160e42e"}},"ani\/lightroll.ani":{"f":"ani\/lightroll24dc1902.ani","v":{"s":1226,"m":"24dc1902fd06b9ce0b3783b879e29a55"}},"ani\/lock.ani":{"f":"ani\/lockc42fc7ba.ani","v":{"s":1082,"m":"c42fc7ba7006df42684daaecaadf6345"}},"ani\/openbox.ani":{"f":"ani\/openbox1fd379e2.ani","v":{"s":5949,"m":"1fd379e2d7b1404d67a8b7b6b8ab99e9"}},"ani\/openred.ani":{"f":"ani\/openred91a8227c.ani","v":{"s":6057,"m":"91a8227ce39b571b9a7c3416ada44355"}},"ani\/pk.ani":{"f":"ani\/pka851d140.ani","v":{"s":4821,"m":"a851d14042c3c26c19d6359369210496"}},"ani\/quick.ani":{"f":"ani\/quick19a90ecd.ani","v":{"s":5695,"m":"19a90ecd6019c02116a0ce2dca0133cd"}},"ani\/red.ani":{"f":"ani\/red508070e4.ani","v":{"s":2033,"m":"508070e45aa771566b8c04a2081d7747"}},"ani\/reddot.ani":{"f":"ani\/reddot1f7355a3.ani","v":{"s":3643,"m":"1f7355a3f3217d7802d84495b006f736"}},"ani\/roll1.ani":{"f":"ani\/roll1add5dfeb.ani","v":{"s":2268,"m":"add5dfebd360defb64b0159e3cb20725"}},"ani\/shop.ani":{"f":"ani\/shop6a2a244b.ani","v":{"s":1852,"m":"6a2a244bd61454239d2f76390aaa6bbf"}},"ani\/signbox.ani":{"f":"ani\/signbox74fc5bd2.ani","v":{"s":2348,"m":"74fc5bd260ad8e2648696c73124fc993"}},"ani\/win.ani":{"f":"ani\/wine428cf36.ani","v":{"s":7637,"m":"e428cf3677ba98329737c733c66fd3f7"}},"chat\/biaoqing\/ddz_bqb_bengkui_ani.png":{"f":"chat\/biaoqing\/ddz_bqb_bengkui_anicp116fe9ff.png","v":{"s":7711,"m":"6c0d6a1b03b9fc75356e7e741ac8e18c"}},"chat\/biaoqing\/ddz_bqb_bengkui_ani.sk":{"f":"chat\/biaoqing\/ddz_bqb_bengkui_anid95e1eba.sk","v":{"s":18122,"m":"dcf8c39da9cd6fdd60327373598623bf"}},"chat\/biaoqing\/ddz_bqb_bishi_ani.png":{"f":"chat\/biaoqing\/ddz_bqb_bishi_anicp2970a43c.png","v":{"s":7428,"m":"79e7354bd4f63b4eb63fc1e8833aed3d"}},"chat\/biaoqing\/ddz_bqb_bishi_ani.sk":{"f":"chat\/biaoqing\/ddz_bqb_bishi_ani8842ae01.sk","v":{"s":13032,"m":"a721a066d71ad3b05f15f69929e92095"}},"chat\/biaoqing\/ddz_bqb_daku_ani.png":{"f":"chat\/biaoqing\/ddz_bqb_daku_anicp734348dc.png","v":{"s":8625,"m":"9a14bda5134585f0a5425751cb9e3de1"}},"chat\/biaoqing\/ddz_bqb_daku_ani.sk":{"f":"chat\/biaoqing\/ddz_bqb_daku_ani679faa89.sk","v":{"s":26368,"m":"7cc1161e4f6f3a9c5b59233e688ae3fc"}},"chat\/biaoqing\/ddz_bqb_daxiao_ani.png":{"f":"chat\/biaoqing\/ddz_bqb_daxiao_anicpb69976ed.png","v":{"s":6969,"m":"e51f59b6b9b804da0e3765a6e6decd00"}},"chat\/biaoqing\/ddz_bqb_daxiao_ani.sk":{"f":"chat\/biaoqing\/ddz_bqb_daxiao_ani0890a8f4.sk","v":{"s":20620,"m":"6aa25dbbea0c619747b005892e93dc5a"}},"chat\/biaoqing\/ddz_bqb_dazhaohu_ani.png":{"f":"chat\/biaoqing\/ddz_bqb_dazhaohu_anicp538ab65f.png","v":{"s":7799,"m":"c1ea08a1074791ed0fbc4cb48655928e"}},"chat\/biaoqing\/ddz_bqb_dazhaohu_ani.sk":{"f":"chat\/biaoqing\/ddz_bqb_dazhaohu_ani5c172925.sk","v":{"s":22069,"m":"f5d1677db385fce85e8c8155c8e710df"}},"chat\/biaoqing\/ddz_bqb_dianzan_ani.png":{"f":"chat\/biaoqing\/ddz_bqb_dianzan_anicp11fdfd71.png","v":{"s":6777,"m":"8ae34aa3860561d28136d5c316f676bc"}},"chat\/biaoqing\/ddz_bqb_dianzan_ani.sk":{"f":"chat\/biaoqing\/ddz_bqb_dianzan_ani6d4ede0b.sk","v":{"s":20633,"m":"04b76c49c523db714c2e70f1d37c7a5a"}},"chat\/biaoqing\/ddz_bqb_haixiu_ani.png":{"f":"chat\/biaoqing\/ddz_bqb_haixiu_anicpd0ee4b05.png","v":{"s":7537,"m":"ebe931366a5a7e2595a7f3ee3e3ddeb4"}},"chat\/biaoqing\/ddz_bqb_haixiu_ani.sk":{"f":"chat\/biaoqing\/ddz_bqb_haixiu_aniee04119e.sk","v":{"s":15387,"m":"492f070529208ebcbcd768a212ec964d"}},"chat\/biaoqing\/ddz_bqb_ku_ani.png":{"f":"chat\/biaoqing\/ddz_bqb_ku_anicpecb8563f.png","v":{"s":11891,"m":"de2b3ff46ddf6060d75f348c33425446"}},"chat\/biaoqing\/ddz_bqb_ku_ani.sk":{"f":"chat\/biaoqing\/ddz_bqb_ku_anic96eb19c.sk","v":{"s":24874,"m":"72dcf5ab3435e479093714ee0f1dbd3b"}},"chat\/biaoqing\/ddz_bqb_kun_ani.png":{"f":"chat\/biaoqing\/ddz_bqb_kun_anicp0c4dfa75.png","v":{"s":7210,"m":"93bd957555aac747632165ea91baded9"}},"chat\/biaoqing\/ddz_bqb_kun_ani.sk":{"f":"chat\/biaoqing\/ddz_bqb_kun_aniecc82879.sk","v":{"s":13904,"m":"edd7e6c5465abf28b222a59b74755022"}},"chat\/biaoqing\/ddz_bqb_liuhan_ani.png":{"f":"chat\/biaoqing\/ddz_bqb_liuhan_anicp6f97e589.png","v":{"s":6008,"m":"b98fc5222003faff2177b06ecca8cdeb"}},"chat\/biaoqing\/ddz_bqb_liuhan_ani.sk":{"f":"chat\/biaoqing\/ddz_bqb_liuhan_ania5a49730.sk","v":{"s":24984,"m":"cfb9d732c5ecacddee3811f5a71da545"}},"chat\/biaoqing\/ddz_bqb_qidao_ani.png":{"f":"chat\/biaoqing\/ddz_bqb_qidao_anicp67bd999d.png","v":{"s":7298,"m":"a7ba224f515499bbd634c62fbbdcdea1"}},"chat\/biaoqing\/ddz_bqb_qidao_ani.sk":{"f":"chat\/biaoqing\/ddz_bqb_qidao_ani016cd3db.sk","v":{"s":19464,"m":"81bb0bbf84360d2e337284d375113a6f"}},"chat\/biaoqing\/ddz_bqb_se_ani.png":{"f":"chat\/biaoqing\/ddz_bqb_se_anicp24b77567.png","v":{"s":8705,"m":"8180032ab1c483e29aed1346a2d66200"}},"chat\/biaoqing\/ddz_bqb_se_ani.sk":{"f":"chat\/biaoqing\/ddz_bqb_se_ani0e225cbc.sk","v":{"s":30557,"m":"bdfa9b9091474d27c60990ff534cacf5"}},"chat\/biaoqing\/ddz_bqb_shangxin_ani.png":{"f":"chat\/biaoqing\/ddz_bqb_shangxin_anicpb63f1eae.png","v":{"s":8837,"m":"9b14eb1e0fb73cffd9fc96b111fe81b6"}},"chat\/biaoqing\/ddz_bqb_shangxin_ani.sk":{"f":"chat\/biaoqing\/ddz_bqb_shangxin_ani52c16c12.sk","v":{"s":20269,"m":"c30bd654f2ad8edb44648973b60ab40d"}},"chat\/biaoqing\/ddz_bqb_shengqi_ani.png":{"f":"chat\/biaoqing\/ddz_bqb_shengqi_anicpa5cd0c4d.png","v":{"s":10187,"m":"e5b78190cbc1d30dce5ad32726d50922"}},"chat\/biaoqing\/ddz_bqb_shengqi_ani.sk":{"f":"chat\/biaoqing\/ddz_bqb_shengqi_ani9fd7a5a2.sk","v":{"s":22577,"m":"b1d1e0afdcae1743d7d1c053c1ae95a9"}},"chat\/biaoqing\/ddz_bqb_tiaopi_ani.png":{"f":"chat\/biaoqing\/ddz_bqb_tiaopi_anicp198c298b.png","v":{"s":7644,"m":"d60b5dda49964e37f104994366843a56"}},"chat\/biaoqing\/ddz_bqb_tiaopi_ani.sk":{"f":"chat\/biaoqing\/ddz_bqb_tiaopi_ani6dcb5243.sk","v":{"s":18331,"m":"07842221ea9940d78979eb0bec1cf394"}},"chat\/biaoqing\/ddz_bqb_tu_ani.png":{"f":"chat\/biaoqing\/ddz_bqb_tu_anicp8486d43d.png","v":{"s":8445,"m":"197f9a99dc2b537527600e81663769a7"}},"chat\/biaoqing\/ddz_bqb_tu_ani.sk":{"f":"chat\/biaoqing\/ddz_bqb_tu_ani2d01facd.sk","v":{"s":21787,"m":"4cbf10ee3a0c9faa3fab45be7ef877af"}},"chat\/biaoqing\/ddz_bqb_weixie_ani.png":{"f":"chat\/biaoqing\/ddz_bqb_weixie_anicp7ba4c501.png","v":{"s":8839,"m":"f943b786a90a7d64ff731ce20ed60f77"}},"chat\/biaoqing\/ddz_bqb_weixie_ani.sk":{"f":"chat\/biaoqing\/ddz_bqb_weixie_anifb77644e.sk","v":{"s":23066,"m":"0e837857dc5087e089b579b82662e634"}},"chat\/biaoqing\/ddz_bqb_yun_ani.png":{"f":"chat\/biaoqing\/ddz_bqb_yun_anicp68c4dc3c.png","v":{"s":7139,"m":"954ae2da783c6d83f1341f8508c9c5b6"}},"chat\/biaoqing\/ddz_bqb_yun_ani.sk":{"f":"chat\/biaoqing\/ddz_bqb_yun_aniaba1779e.sk","v":{"s":18147,"m":"25fdb730ff4d27684a31317d255a163b"}},"chat\/worldMsg_groupBg.png":{"f":"chat\/worldMsg_groupBgcp937587cb.png","v":{"s":11340,"m":"017b7071dcb08b597c2a58ff4882468b"}},"ddz\/bomb.ani":{"f":"ddz\/bomba9c71cfa.ani","v":{"s":5584,"m":"a9c71cfa53f8ec2f03c12794e4941f32"}},"ddz\/fspring.ani":{"f":"ddz\/fspring60b4a89d.ani","v":{"s":7469,"m":"60b4a89da07250c984e863e62f7e096e"}},"ddz\/history.png":{"f":"ddz\/historycp0072083c.png","v":{"s":1521,"m":"1b8d27e1364feef60912a9a7d399a97c"}},"ddz\/hudie.ani":{"f":"ddz\/hudie905f86b4.ani","v":{"s":3360,"m":"905f86b4fdd3108134f31112abe97ad1"}},"ddz\/kingbomb.ani":{"f":"ddz\/kingbomb067cec11.ani","v":{"s":8757,"m":"067cec112d108b46f0a003eddb99317e"}},"ddz\/liandui.ani":{"f":"ddz\/liandui1fc1ee15.ani","v":{"s":8272,"m":"1fc1ee15e96ab5d04fa7a16b0d1d5c6a"}},"ddz\/lossbg.png":{"f":"ddz\/lossbgcpb9c5f818.png","v":{"s":82910,"m":"9eb8c78bb2e7546dc293f02184288290"}},"ddz\/losstitle.png":{"f":"ddz\/losstitlecpd7875c82.png","v":{"s":21057,"m":"3b4d1c3f01f693d18b2aa03bf199ec10"}},"ddz\/niao.ani":{"f":"ddz\/niao0739e49c.ani","v":{"s":3937,"m":"0739e49cdbc76231e7c03837d50503d8"}},"ddz\/plan.ani":{"f":"ddz\/plan726446c0.ani","v":{"s":5415,"m":"726446c0f06153983a40f3bbbcd901f3"}},"ddz\/shunzi.ani":{"f":"ddz\/shunzic42131cf.ani","v":{"s":7402,"m":"c42131cf6c285eb9c8724a8a67818a04"}},"ddz\/spring.ani":{"f":"ddz\/spring760a62de.ani","v":{"s":7469,"m":"760a62de22c4db143a3b5256bc4772f8"}},"ddz\/winbg.png":{"f":"ddz\/winbgcpefcb0a34.png","v":{"s":68488,"m":"6195b77df822047976d29252123b5919"}},"ddz\/zhuangshi\/changjing_1.jpg":{"f":"ddz\/zhuangshi\/changjing_1cpfd948182.jpg","v":{"s":60588,"m":"de8bd2318b47668117dd11bf656c0eef"}},"ddz\/zhuangshi\/changjing_1s.jpg":{"f":"ddz\/zhuangshi\/changjing_1scpb9b22a26.jpg","v":{"s":1729,"m":"f97bc392d4129efea8c464231e1d380b"}},"ddz\/zhuangshi\/changjing_2.jpg":{"f":"ddz\/zhuangshi\/changjing_2cp105a6d0d.jpg","v":{"s":48217,"m":"ef5c9d124ba3b135f9ffe3af74ea3580"}},"ddz\/zhuangshi\/changjing_2s.jpg":{"f":"ddz\/zhuangshi\/changjing_2scp86870197.jpg","v":{"s":1582,"m":"9222e1dda12d0f2b74348dd07af9c2b4"}},"ddz\/zhuangshi\/changjing_3.jpg":{"f":"ddz\/zhuangshi\/changjing_3cped4116c3.jpg","v":{"s":193439,"m":"a693e048b5a1466452feafab1e196487"}},"ddz\/zhuangshi\/changjing_4.jpg":{"f":"ddz\/zhuangshi\/changjing_4cpb229ed35.jpg","v":{"s":92245,"m":"e75e93e0d2de4febbd3f8fd80e8f63aa"}},"ddz\/zhuangshi\/changjing_5.jpg":{"f":"ddz\/zhuangshi\/changjing_5cpfa28a9b9.jpg","v":{"s":118925,"m":"e2c3a99147c1e704d6cee9c4166af888"}},"ddz\/zhuangshi\/changjing_5s.jpg":{"f":"ddz\/zhuangshi\/changjing_5scp40f6d56e.jpg","v":{"s":2641,"m":"a105d8af47282f72120383bbef9dd2ca"}},"ddz\/zhuangshi\/changjing_6.jpg":{"f":"ddz\/zhuangshi\/changjing_6cpdb4d3a49.jpg","v":{"s":104333,"m":"71c547b5b0a2982f476e8782918421c5"}},"ddz\/zhuangshi\/changjing_7.jpg":{"f":"ddz\/zhuangshi\/changjing_7cp7ead7319.jpg","v":{"s":49604,"m":"115e32af86ce3165b133d79672a05175"}},"ddz\/zhuangshi\/changjing_7s.jpg":{"f":"ddz\/zhuangshi\/changjing_7scp49f0549e.jpg","v":{"s":927,"m":"de20fc84c9874e33d8aedb3de59bd39f"}},"ddz\/zhuangshi\/changjing_8.jpg":{"f":"ddz\/zhuangshi\/changjing_8cp487619a9.jpg","v":{"s":234071,"m":"5b5a841b85cab547b8c58380382cc307"}},"first\/cf1.png":{"f":"first\/cf1cpafec72d6.png","v":{"s":13345,"m":"b1bb1001e9fa90a403ad52460326270b"}},"first\/cf2.png":{"f":"first\/cf2cp1af24ac2.png","v":{"s":37697,"m":"bfc6db83624467b1a5f2b806f2e6aa39"}},"first\/cf3.png":{"f":"first\/cf3cp291a1f41.png","v":{"s":76823,"m":"6f1890cecf01db3e6758bfa637622b3b"}},"first\/fbg1.png":{"f":"first\/fbg1cp7d706b3e.png","v":{"s":112140,"m":"0dbc6efd4f02205f999bec141a202c81"}},"first\/sb1.png":{"f":"first\/sb1cpb8a39b21.png","v":{"s":93818,"m":"22ae7a4db57dc80b18dd4ae827d16068"}},"font\/clock.fnt":{"f":"font\/clockac5c3e67.fnt","v":{"s":1428,"m":"ac5c3e67dd84078e47f864e48a0743ad"}},"font\/clock.png":{"f":"font\/clockcp132ba258.png","v":{"s":2701,"m":"bd24260c1460ef8dc7a6186ba4e7ed91"}},"font\/shufenziti01.fnt":{"f":"font\/shufenziti01a1283988.fnt","v":{"s":2359,"m":"a128398833befa7263ef4c8b91686e76"}},"font\/shufenziti01.png":{"f":"font\/shufenziti01cp2c168f43.png","v":{"s":10675,"m":"3f27e6213c254a39b422287b85ae6b9c"}},"font\/yingfenziti01.fnt":{"f":"font\/yingfenziti011534c99d.fnt","v":{"s":2361,"m":"1534c99d19b405601869d9fa49301428"}},"font\/yingfenziti01.png":{"f":"font\/yingfenziti01cp2d43cd08.png","v":{"s":14047,"m":"19ec710280e523c3d16b18b8cb5af2fa"}},"gift\/gift1.ani":{"f":"gift\/gift106f0d51d.ani","v":{"s":2432,"m":"06f0d51d61c7bf2880ea6db4336f016b"}},"gift\/gift2.ani":{"f":"gift\/gift24bb66359.ani","v":{"s":3642,"m":"4bb6635946f2eb6bc3b53fed38029b2d"}},"gift\/gift3.ani":{"f":"gift\/gift38d71b0cb.ani","v":{"s":5276,"m":"8d71b0cb5ac05e35dc5f912290bb6b12"}},"gift\/gift4.ani":{"f":"gift\/gift4b93709a3.ani","v":{"s":2241,"m":"b93709a38cdd0c6636993e317241fe75"}},"gift\/gift5.ani":{"f":"gift\/gift528c878a2.ani","v":{"s":2126,"m":"28c878a263e1e1c34e51c42527524f91"}},"lobby\/bg.png":{"f":"lobby\/bgcp3656c354.png","v":{"s":1350,"m":"c96c0c0d73d8e26934bdbfafc4bfbdbc"}},"lobby\/bottombg.png":{"f":"lobby\/bottombgcp6c9cc6bc.png","v":{"s":6218,"m":"c2a98d63407eb48d6a24685b5d49036f"}},"lobby\/brnn.png":{"f":"lobby\/brnncp77b2e2e5.png","v":{"s":336119,"m":"73ac9c546c8523a51de19cb74d406a55"}},"lobby\/free2.png":{"f":"lobby\/free2cpccb98dec.png","v":{"s":77265,"m":"ac89e69f80e20dc2c1a75219ce793964"}},"lobby\/game1.png":{"f":"lobby\/game1cpb143f8ef.png","v":{"s":59087,"m":"f2544bbf2c6d466e9e9767b472e6d64e"}},"lobby\/game2.png":{"f":"lobby\/game2cp0d37e7a2.png","v":{"s":53784,"m":"7cbf93b39d3533c43572f5d6803f6c70"}},"lobby\/game3.png":{"f":"lobby\/game3cp487eafbe.png","v":{"s":21465,"m":"83edf0b6a6751c0b410a8cd707704d82"}},"lobby\/hall.jpg":{"f":"lobby\/hallcpb24b1621.jpg","v":{"s":50941,"m":"5b77d6a1603b08f8b6e6cb9091289c04"}},"lobby\/hall.png":{"f":"lobby\/hallcp39089922.png","v":{"s":1641491,"m":"ce9e4f0cecbbb07186c102883d82ee7d"}},"lobby\/hall_bg_gqll.png":{"f":"lobby\/hall_bg_gqllcp39089922.png","v":{"s":1641491,"m":"ce9e4f0cecbbb07186c102883d82ee7d"}},"lobby\/hall_bg_jjby.png":{"f":"lobby\/hall_bg_jjbycpb143f8ef.png","v":{"s":59087,"m":"f2544bbf2c6d466e9e9767b472e6d64e"}},"lobby\/hall_bg_ppc_new.png":{"f":"lobby\/hall_bg_ppc_newcp0d37e7a2.png","v":{"s":53784,"m":"7cbf93b39d3533c43572f5d6803f6c70"}},"lobby\/hall_bg_xyx.png":{"f":"lobby\/hall_bg_xyxcp63fbf38f.png","v":{"s":31099,"m":"95e416c06de771e561bb907674aa96c2"}},"lobby\/nn1.png":{"f":"lobby\/nn1cp5bad8ad7.png","v":{"s":29520,"m":"f9f90ac769c29896f180c854dc2ce214"}},"lobby\/nn2.png":{"f":"lobby\/nn2cp9f4bd5d1.png","v":{"s":30195,"m":"e9f8199357628038d305edc1285a0cc1"}},"lobby\/stop_bg.png":{"f":"lobby\/stop_bgcp177fc315.png","v":{"s":24708,"m":"6c417542fab7983e579896653674635d"}},"lobby\/taskbg.png":{"f":"lobby\/taskbgcp27b3e296.png","v":{"s":2662,"m":"37b35b42ddf6a6b0d0c42240fca17255"}},"lobby2\/hall_bg_gqll.png":{"f":"lobby2\/hall_bg_gqllcp39089922.png","v":{"s":1641491,"m":"ce9e4f0cecbbb07186c102883d82ee7d"}},"lobby2\/hall_bg_jjby.png":{"f":"lobby2\/hall_bg_jjbycpb143f8ef.png","v":{"s":59087,"m":"f2544bbf2c6d466e9e9767b472e6d64e"}},"lobby2\/hall_bg_ppc_new.png":{"f":"lobby2\/hall_bg_ppc_newcp0d37e7a2.png","v":{"s":53784,"m":"7cbf93b39d3533c43572f5d6803f6c70"}},"lobby2\/hall_bg_xyx.png":{"f":"lobby2\/hall_bg_xyxcp63fbf38f.png","v":{"s":31099,"m":"95e416c06de771e561bb907674aa96c2"}},"login\/loginbg.jpg":{"f":"login\/loginbgcp326646ce.jpg","v":{"s":186961,"m":"c9a024f9e3f0388f2915e346514b87ad"}},"lucky\/bg1.png":{"f":"lucky\/bg1cp06be9430.png","v":{"s":61253,"m":"abe814350a0a4b23c11f41a977a9a987"}},"lucky\/bg4.png":{"f":"lucky\/bg4cp1a3c6d95.png","v":{"s":41146,"m":"736c96da32e3d579e54d6e82e27b0003"}},"lucky\/sign.png":{"f":"lucky\/signcp41f0be4d.png","v":{"s":162169,"m":"e76cdb3a3a0deb6925fe7358a3a92a2c"}},"lucky\/signtitle.png":{"f":"lucky\/signtitlecp2c535a19.png","v":{"s":12927,"m":"6e2529b66583b3bee7e6f1f89faf9b1f"}},"nn\/brnn.png":{"f":"nn\/brnncp77b2e2e5.png","v":{"s":336119,"m":"73ac9c546c8523a51de19cb74d406a55"}},"nn\/history.png":{"f":"nn\/historycp16385eac.png","v":{"s":26687,"m":"ee3cc0e1b6e59393a50235fe70ab10ea"}},"nn\/nn1.png":{"f":"nn\/nn1cp5bad8ad7.png","v":{"s":29520,"m":"f9f90ac769c29896f180c854dc2ce214"}},"nn\/nn2.png":{"f":"nn\/nn2cp9f4bd5d1.png","v":{"s":30195,"m":"e9f8199357628038d305edc1285a0cc1"}},"nn\/stop_bg.png":{"f":"nn\/stop_bgcp177fc315.png","v":{"s":24708,"m":"6c417542fab7983e579896653674635d"}},"part\/star1.part":{"f":"part\/star15f39890a.part","v":{"s":1840,"m":"5f39890aae38942de175eab1276bc7a2"}},"rank\/title.png":{"f":"rank\/titlecpf2844a56.png","v":{"s":9984,"m":"5bdc9f3be21c2b6e0eb47fcedb4cd6b7"}},"res\/atlas\/chapter.atlas":{"f":"res\/atlas\/chaptercp1a98c79b.atlas","v":{"s":11858,"m":"1a98c79bdf6222118c4409a584e89892"}},"res\/atlas\/chapter.png":{"f":"res\/atlas\/chaptercpf870e721.png","v":{"s":144731,"m":"73e0afe4c57269e06cfa9ecf90b810e0"}},"res\/atlas\/chat.atlas":{"f":"res\/atlas\/chatcp8245371c.atlas","v":{"s":2213,"m":"8245371c42673c4a98c39f3c216069c8"}},"res\/atlas\/chat.png":{"f":"res\/atlas\/chatcp98cdd150.png","v":{"s":23596,"m":"7d5e88cb804235688563f8f6231a6cb5"}},"res\/atlas\/ddz\/beijing.atlas":{"f":"res\/atlas\/ddz\/beijingcpa548f30c.atlas","v":{"s":3359,"m":"a548f30cbc4118bfdea3bc5f9371152b"}},"res\/atlas\/ddz\/beijing.png":{"f":"res\/atlas\/ddz\/beijingcp37375c9a.png","v":{"s":8419,"m":"8b54b952ae32b99ce26ae9bfc51cc962"}},"res\/atlas\/ddz\/effect.atlas":{"f":"res\/atlas\/ddz\/effectcp04e39124.atlas","v":{"s":6403,"m":"04e39124d0d033e7c037695c2f1b9912"}},"res\/atlas\/ddz\/effect.png":{"f":"res\/atlas\/ddz\/effectcpf338730d.png","v":{"s":1307095,"m":"755323452005da2bb07075c0da95eebb"}},"res\/atlas\/ddz\/zhuangshi.atlas":{"f":"res\/atlas\/ddz\/zhuangshicpa9da0988.atlas","v":{"s":2415,"m":"a9da098882db3d28740dee3cdfff6cc8"}},"res\/atlas\/ddz\/zhuangshi.png":{"f":"res\/atlas\/ddz\/zhuangshicp910c305d.png","v":{"s":470091,"m":"57627e1e4fd370ede090e2a1ac012cc0"}},"res\/atlas\/ddz.atlas":{"f":"res\/atlas\/ddzcp64829e69.atlas","v":{"s":8106,"m":"64829e696aeecc947ff4df5b690c3fd6"}},"res\/atlas\/ddz.png":{"f":"res\/atlas\/ddzcpa2d7a88d.png","v":{"s":155904,"m":"442e0e35382ec1eeeb88cbf78c52726a"}},"res\/atlas\/first.atlas":{"f":"res\/atlas\/firstcpb41de9f7.atlas","v":{"s":2308,"m":"b41de9f7f84701b844b9c82b94e34632"}},"res\/atlas\/first.png":{"f":"res\/atlas\/firstcpf9292df3.png","v":{"s":103017,"m":"9710572b8c78f1af5de29d70fb2ec317"}},"res\/atlas\/fish.atlas":{"f":"res\/atlas\/fishcpbe9869e6.atlas","v":{"s":3276,"m":"be9869e65ea5626b88e21b3b9780601e"}},"res\/atlas\/fish.png":{"f":"res\/atlas\/fishcp1128011d.png","v":{"s":223221,"m":"b4ec633103230296f8fa513b726d09f1"}},"res\/atlas\/gift.atlas":{"f":"res\/atlas\/giftcpb1f4c03a.atlas","v":{"s":10875,"m":"b1f4c03a70fddd88d0065c17fff3626c"}},"res\/atlas\/gift.png":{"f":"res\/atlas\/giftcpb6d98474.png","v":{"s":1481490,"m":"90e56de061ed40688a497ff214db6f65"}},"res\/atlas\/girl.atlas":{"f":"res\/atlas\/girlcp94672018.atlas","v":{"s":2159,"m":"94672018c5ed5d4e01e96a5f72490985"}},"res\/atlas\/girl.png":{"f":"res\/atlas\/girlcpf1aac25b.png","v":{"s":498613,"m":"e2fa38ef1719e230ee3b96a6f92ffc6a"}},"res\/atlas\/group.atlas":{"f":"res\/atlas\/groupcpafd13819.atlas","v":{"s":4393,"m":"afd138199c0ce095514a342a04a42fdd"}},"res\/atlas\/group.png":{"f":"res\/atlas\/groupcp73be8409.png","v":{"s":60638,"m":"cb3c4d588d1bad9bd3e0c045175a4f42"}},"res\/atlas\/head.atlas":{"f":"res\/atlas\/headcp7e8c4715.atlas","v":{"s":3003,"m":"7e8c4715dbae77c1275ccc29a4789de6"}},"res\/atlas\/head.png":{"f":"res\/atlas\/headcp2a96629c.png","v":{"s":565828,"m":"bfb161b30ad7c7c5ebbdb0023cf777f3"}},"res\/atlas\/lobby.atlas":{"f":"res\/atlas\/lobbycp30012e23.atlas","v":{"s":22017,"m":"30012e2314c1db2369c15c70a7ac0c96"}},"res\/atlas\/lobby.png":{"f":"res\/atlas\/lobbycpd87f44bf.png","v":{"s":1725571,"m":"0c0c03102bf87e80d7220c4676043127"}},"res\/atlas\/lobby2.atlas":{"f":"res\/atlas\/lobby2cp7253b2a8.atlas","v":{"s":456,"m":"7253b2a8f10c12900e39658fcd46b76e"}},"res\/atlas\/lobby2.png":{"f":"res\/atlas\/lobby2cp50412ef0.png","v":{"s":53488,"m":"3520c8124e9e4c5a9937b56780f4e72a"}},"res\/atlas\/login.atlas":{"f":"res\/atlas\/logincp462cec86.atlas","v":{"s":2332,"m":"462cec8639ddf00402f60786357fc877"}},"res\/atlas\/login.png":{"f":"res\/atlas\/logincp4df99ad6.png","v":{"s":51144,"m":"8af1fbd4da62da9ae09b499d3492416a"}},"res\/atlas\/lucky.atlas":{"f":"res\/atlas\/luckycpe9223ca4.atlas","v":{"s":5056,"m":"e9223ca4651f8060c7b15ead78eae18b"}},"res\/atlas\/lucky.png":{"f":"res\/atlas\/luckycp9ef8294f.png","v":{"s":519835,"m":"3da7e7f3a584ca90df1d8626a1dad128"}},"res\/atlas\/luckyqian.atlas":{"f":"res\/atlas\/luckyqiancpc546f84c.atlas","v":{"s":1079,"m":"c546f84ce68bcf99d0d46ea3294b6be8"}},"res\/atlas\/luckyqian.png":{"f":"res\/atlas\/luckyqiancp2322776d.png","v":{"s":107823,"m":"d3eb9a8c34f5d792d093de8ed62b9667"}},"res\/atlas\/nn.atlas":{"f":"res\/atlas\/nncp1122ea7d.atlas","v":{"s":11190,"m":"1122ea7d11ad6664a6c22bc52bd622a1"}},"res\/atlas\/nn.png":{"f":"res\/atlas\/nncp621bfcfa.png","v":{"s":126664,"m":"1af7c25a4711b798c182a9ecffc6a446"}},"res\/atlas\/nnpoker.atlas":{"f":"res\/atlas\/nnpokercp277815e6.atlas","v":{"s":10617,"m":"277815e679828a6339ff57070a56d8a7"}},"res\/atlas\/nnpoker.png":{"f":"res\/atlas\/nnpokercpdbf9dcec.png","v":{"s":123088,"m":"0387e48c615d3a7a2a50ffca0e2a05c4"}},"res\/atlas\/playclock.atlas":{"f":"res\/atlas\/playclockcpf906532e.atlas","v":{"s":417,"m":"f906532ead503f5149ee30d3f65f8adc"}},"res\/atlas\/playclock.png":{"f":"res\/atlas\/playclockcpcb537946.png","v":{"s":3158,"m":"b0dd48be7a95acb5e4a262b77914fcd0"}},"res\/atlas\/poker.atlas":{"f":"res\/atlas\/pokercp2258c444.atlas","v":{"s":7377,"m":"2258c444a5456076e191068fcd743cb7"}},"res\/atlas\/poker.png":{"f":"res\/atlas\/pokercpc6117c7d.png","v":{"s":43787,"m":"ff58886cff4eb5b855fa503ed22fc67f"}},"res\/atlas\/rank.atlas":{"f":"res\/atlas\/rankcp5766a8a7.atlas","v":{"s":2351,"m":"5766a8a7bd0052bf7ea07a139ed05434"}},"res\/atlas\/rank.png":{"f":"res\/atlas\/rankcpa3cf3378.png","v":{"s":24531,"m":"dbe9dba2394ae0d7159ab3bfdbd100e9"}},"res\/atlas\/shop.atlas":{"f":"res\/atlas\/shopcpd316e103.atlas","v":{"s":2348,"m":"d316e1033c80566c12cc2b7fdb79a6fc"}},"res\/atlas\/shop.png":{"f":"res\/atlas\/shopcp6ae8db96.png","v":{"s":112513,"m":"22f0f51032d8e3e3318b26b707c5d1b3"}},"res\/atlas\/vip.atlas":{"f":"res\/atlas\/vipcp1167a005.atlas","v":{"s":3706,"m":"1167a005dcb319192310c78e2f675570"}},"res\/atlas\/vip.png":{"f":"res\/atlas\/vipcp11d32591.png","v":{"s":142438,"m":"48690c0375595c9e3d9b2f017286d0e2"}},"texture.png":{"f":"texturecpef6d7de7.png","v":{"s":1016,"m":"469eef24a2a69909046007e78a477fcc"}},"unpack.json":{"f":"unpackcp18430087.json","v":{"s":778,"m":"18430087614b900ea6335a35ad423d9c"}},"vip\/vip1.png":{"f":"vip\/vip1cpd51af071.png","v":{"s":25509,"m":"63e95fa45bd43d82889db94240e569f8"}}}