{"Privacy.html":"Privacy68fa5ad6.html","ani/brnn.ani":"ani/brnnda0ba59c.ani","ani/chapter.ani":"ani/chapter63766d0b.ani","ani/first.ani":"ani/firstce772ca0.ani","ani/firstbuy.ani":"ani/firstbuy9ceda2f4.ani","ani/firstbuylight.ani":"ani/firstbuylighte1a1548b.ani","ani/firstitem.ani":"ani/firstitem50d0a5e8.ani","ani/fish.ani":"ani/fish2b56a3bb.ani","ani/girl.ani":"ani/girl87a8c859.ani","ani/lightroll.ani":"ani/lightroll24dc1902.ani","ani/lock.ani":"ani/lockc42fc7ba.ani","ani/openbox.ani":"ani/openbox1fd379e2.ani","ani/openred.ani":"ani/openred91a8227c.ani","ani/pk.ani":"ani/pka851d140.ani","ani/quick.ani":"ani/quick19a90ecd.ani","ani/red.ani":"ani/red508070e4.ani","ani/reddot.ani":"ani/reddot1f7355a3.ani","ani/roll1.ani":"ani/roll1add5dfeb.ani","ani/shop.ani":"ani/shop6a2a244b.ani","ani/signbox.ani":"ani/signbox74fc5bd2.ani","ani/win.ani":"ani/wine428cf36.ani","chat/biaoqing/ddz_bqb_bengkui_ani.png":"chat/biaoqing/ddz_bqb_bengkui_anicp116fe9ff.png","chat/biaoqing/ddz_bqb_bengkui_ani.sk":"chat/biaoqing/ddz_bqb_bengkui_anid95e1eba.sk","chat/biaoqing/ddz_bqb_bishi_ani.png":"chat/biaoqing/ddz_bqb_bishi_anicp2970a43c.png","chat/biaoqing/ddz_bqb_bishi_ani.sk":"chat/biaoqing/ddz_bqb_bishi_ani8842ae01.sk","chat/biaoqing/ddz_bqb_daku_ani.png":"chat/biaoqing/ddz_bqb_daku_anicp734348dc.png","chat/biaoqing/ddz_bqb_daku_ani.sk":"chat/biaoqing/ddz_bqb_daku_ani679faa89.sk","chat/biaoqing/ddz_bqb_daxiao_ani.png":"chat/biaoqing/ddz_bqb_daxiao_anicpb69976ed.png","chat/biaoqing/ddz_bqb_daxiao_ani.sk":"chat/biaoqing/ddz_bqb_daxiao_ani0890a8f4.sk","chat/biaoqing/ddz_bqb_dazhaohu_ani.png":"chat/biaoqing/ddz_bqb_dazhaohu_anicp538ab65f.png","chat/biaoqing/ddz_bqb_dazhaohu_ani.sk":"chat/biaoqing/ddz_bqb_dazhaohu_ani5c172925.sk","chat/biaoqing/ddz_bqb_dianzan_ani.png":"chat/biaoqing/ddz_bqb_dianzan_anicp11fdfd71.png","chat/biaoqing/ddz_bqb_dianzan_ani.sk":"chat/biaoqing/ddz_bqb_dianzan_ani6d4ede0b.sk","chat/biaoqing/ddz_bqb_haixiu_ani.png":"chat/biaoqing/ddz_bqb_haixiu_anicpd0ee4b05.png","chat/biaoqing/ddz_bqb_haixiu_ani.sk":"chat/biaoqing/ddz_bqb_haixiu_aniee04119e.sk","chat/biaoqing/ddz_bqb_ku_ani.png":"chat/biaoqing/ddz_bqb_ku_anicpecb8563f.png","chat/biaoqing/ddz_bqb_ku_ani.sk":"chat/biaoqing/ddz_bqb_ku_anic96eb19c.sk","chat/biaoqing/ddz_bqb_kun_ani.png":"chat/biaoqing/ddz_bqb_kun_anicp0c4dfa75.png","chat/biaoqing/ddz_bqb_kun_ani.sk":"chat/biaoqing/ddz_bqb_kun_aniecc82879.sk","chat/biaoqing/ddz_bqb_liuhan_ani.png":"chat/biaoqing/ddz_bqb_liuhan_anicp6f97e589.png","chat/biaoqing/ddz_bqb_liuhan_ani.sk":"chat/biaoqing/ddz_bqb_liuhan_ania5a49730.sk","chat/biaoqing/ddz_bqb_qidao_ani.png":"chat/biaoqing/ddz_bqb_qidao_anicp67bd999d.png","chat/biaoqing/ddz_bqb_qidao_ani.sk":"chat/biaoqing/ddz_bqb_qidao_ani016cd3db.sk","chat/biaoqing/ddz_bqb_se_ani.png":"chat/biaoqing/ddz_bqb_se_anicp24b77567.png","chat/biaoqing/ddz_bqb_se_ani.sk":"chat/biaoqing/ddz_bqb_se_ani0e225cbc.sk","chat/biaoqing/ddz_bqb_shangxin_ani.png":"chat/biaoqing/ddz_bqb_shangxin_anicpb63f1eae.png","chat/biaoqing/ddz_bqb_shangxin_ani.sk":"chat/biaoqing/ddz_bqb_shangxin_ani52c16c12.sk","chat/biaoqing/ddz_bqb_shengqi_ani.png":"chat/biaoqing/ddz_bqb_shengqi_anicpa5cd0c4d.png","chat/biaoqing/ddz_bqb_shengqi_ani.sk":"chat/biaoqing/ddz_bqb_shengqi_ani9fd7a5a2.sk","chat/biaoqing/ddz_bqb_tiaopi_ani.png":"chat/biaoqing/ddz_bqb_tiaopi_anicp198c298b.png","chat/biaoqing/ddz_bqb_tiaopi_ani.sk":"chat/biaoqing/ddz_bqb_tiaopi_ani6dcb5243.sk","chat/biaoqing/ddz_bqb_tu_ani.png":"chat/biaoqing/ddz_bqb_tu_anicp8486d43d.png","chat/biaoqing/ddz_bqb_tu_ani.sk":"chat/biaoqing/ddz_bqb_tu_ani2d01facd.sk","chat/biaoqing/ddz_bqb_weixie_ani.png":"chat/biaoqing/ddz_bqb_weixie_anicp7ba4c501.png","chat/biaoqing/ddz_bqb_weixie_ani.sk":"chat/biaoqing/ddz_bqb_weixie_anifb77644e.sk","chat/biaoqing/ddz_bqb_yun_ani.png":"chat/biaoqing/ddz_bqb_yun_anicp68c4dc3c.png","chat/biaoqing/ddz_bqb_yun_ani.sk":"chat/biaoqing/ddz_bqb_yun_aniaba1779e.sk","chat/worldMsg_groupBg.png":"chat/worldMsg_groupBgcp937587cb.png","code.js":"code.js","ddz/bomb.ani":"ddz/bomba9c71cfa.ani","ddz/fspring.ani":"ddz/fspring60b4a89d.ani","ddz/history.png":"ddz/historycp0072083c.png","ddz/hudie.ani":"ddz/hudie905f86b4.ani","ddz/kingbomb.ani":"ddz/kingbomb067cec11.ani","ddz/liandui.ani":"ddz/liandui1fc1ee15.ani","ddz/lossbg.png":"ddz/lossbgcpb9c5f818.png","ddz/losstitle.png":"ddz/losstitlecpd7875c82.png","ddz/niao.ani":"ddz/niao0739e49c.ani","ddz/plan.ani":"ddz/plan726446c0.ani","ddz/shunzi.ani":"ddz/shunzic42131cf.ani","ddz/spring.ani":"ddz/spring760a62de.ani","ddz/winbg.png":"ddz/winbgcpefcb0a34.png","ddz/zhuangshi/changjing_1.jpg":"ddz/zhuangshi/changjing_1cpfd948182.jpg","ddz/zhuangshi/changjing_1s.jpg":"ddz/zhuangshi/changjing_1scpb9b22a26.jpg","ddz/zhuangshi/changjing_2.jpg":"ddz/zhuangshi/changjing_2cp105a6d0d.jpg","ddz/zhuangshi/changjing_2s.jpg":"ddz/zhuangshi/changjing_2scp86870197.jpg","ddz/zhuangshi/changjing_3.jpg":"ddz/zhuangshi/changjing_3cped4116c3.jpg","ddz/zhuangshi/changjing_4.jpg":"ddz/zhuangshi/changjing_4cpb229ed35.jpg","ddz/zhuangshi/changjing_5.jpg":"ddz/zhuangshi/changjing_5cpfa28a9b9.jpg","ddz/zhuangshi/changjing_5s.jpg":"ddz/zhuangshi/changjing_5scp40f6d56e.jpg","ddz/zhuangshi/changjing_6.jpg":"ddz/zhuangshi/changjing_6cpdb4d3a49.jpg","ddz/zhuangshi/changjing_7.jpg":"ddz/zhuangshi/changjing_7cp7ead7319.jpg","ddz/zhuangshi/changjing_7s.jpg":"ddz/zhuangshi/changjing_7scp49f0549e.jpg","ddz/zhuangshi/changjing_8.jpg":"ddz/zhuangshi/changjing_8cp487619a9.jpg","debug.html":"debug8bab12f1.html","facebook.html":"facebookd836bf3d.html","first/cf1.png":"first/cf1cpafec72d6.png","first/cf2.png":"first/cf2cp1af24ac2.png","first/cf3.png":"first/cf3cp291a1f41.png","first/fbg1.png":"first/fbg1cp7d706b3e.png","first/sb1.png":"first/sb1cpb8a39b21.png","font/clock.fnt":"font/clockac5c3e67.fnt","font/clock.png":"font/clockcp132ba258.png","font/shufenziti01.fnt":"font/shufenziti01a1283988.fnt","font/shufenziti01.png":"font/shufenziti01cp2c168f43.png","font/yingfenziti01.fnt":"font/yingfenziti011534c99d.fnt","font/yingfenziti01.png":"font/yingfenziti01cp2d43cd08.png","gift/gift1.ani":"gift/gift106f0d51d.ani","gift/gift2.ani":"gift/gift24bb66359.ani","gift/gift3.ani":"gift/gift38d71b0cb.ani","gift/gift4.ani":"gift/gift4b93709a3.ani","gift/gift5.ani":"gift/gift528c878a2.ani","index.html":"index.html","js/app/ddz/main.js":"js/app/ddz/maincp17133054.js","js/app/ddz/proto.js":"js/app/ddz/protocpcdd883b8.js","js/app/ddz/view/battle.js":"js/app/ddz/view/battlecpb46936d3.js","js/app/ddz/view/settle.js":"js/app/ddz/view/settlecp45a94e56.js","js/app/hall/main.js":"js/app/hall/maincpe53af8b9.js","js/app/hall/proto.js":"js/app/hall/protocp6ad434aa.js","js/app/hall/view/active.js":"js/app/hall/view/activecp50fc12ab.js","js/app/hall/view/agreenment.js":"js/app/hall/view/agreenmentcp10ac1c50.js","js/app/hall/view/boxeffect.js":"js/app/hall/view/boxeffectcp66f849c7.js","js/app/hall/view/chat.js":"js/app/hall/view/chatcp39f48841.js","js/app/hall/view/confirm.js":"js/app/hall/view/confirmcp42fa4773.js","js/app/hall/view/email.js":"js/app/hall/view/emailcpccf73680.js","js/app/hall/view/fed.js":"js/app/hall/view/fedcp94bd788e.js","js/app/hall/view/first.js":"js/app/hall/view/firstcp00a6d654.js","js/app/hall/view/free.js":"js/app/hall/view/freecp6b4365c6.js","js/app/hall/view/freeback.js":"js/app/hall/view/freebackcp864b07b3.js","js/app/hall/view/index.js":"js/app/hall/view/indexcp8ceeb448.js","js/app/hall/view/lock.js":"js/app/hall/view/lockcpc97df3d7.js","js/app/hall/view/login.js":"js/app/hall/view/logincp409388ad.js","js/app/hall/view/lucky.js":"js/app/hall/view/luckycpfaa9a225.js","js/app/hall/view/luckyqian.js":"js/app/hall/view/luckyqiancp0652da8a.js","js/app/hall/view/openbox.js":"js/app/hall/view/openboxcp1658368e.js","js/app/hall/view/player.js":"js/app/hall/view/playercpba2b7268.js","js/app/hall/view/rank.js":"js/app/hall/view/rankcpbf27a13d.js","js/app/hall/view/reward.js":"js/app/hall/view/rewardcp6c9dd955.js","js/app/hall/view/room.js":"js/app/hall/view/roomcpfbd75632.js","js/app/hall/view/set.js":"js/app/hall/view/setcp96801d74.js","js/app/hall/view/shop.js":"js/app/hall/view/shopcp609a5358.js","js/app/hall/view/sign.js":"js/app/hall/view/signcp7c4cc5be.js","js/app/hall/view/task.js":"js/app/hall/view/taskcpb0dc8657.js","js/app/hall/view/tiaozhansaihelp.js":"js/app/hall/view/tiaozhansaihelpcpa0e55c70.js","js/app/hall/view/tip.js":"js/app/hall/view/tipcp1f786139.js","js/app/hall/view/updateuserinfo.js":"js/app/hall/view/updateuserinfocpb4668bad.js","js/app/hall/view/vip.js":"js/app/hall/view/vipcp64ae779d.js","js/app/hall/view/welfare.js":"js/app/hall/view/welfarecpcb98f851.js","js/app/hall/view/xunbao.js":"js/app/hall/view/xunbaocp0a0becf0.js","js/app/hall/view/zhanji.js":"js/app/hall/view/zhanjicp0d367597.js","js/app/hall/view/zudui.js":"js/app/hall/view/zuduicp2d9cc5b4.js","js/app/mznn/main.js":"js/app/mznn/maincp98fb85db.js","js/app/mznn/proto.js":"js/app/mznn/protocp3c246257.js","js/app/mznn/view/brbattle.js":"js/app/mznn/view/brbattlecpa4350051.js","js/app/mznn/view/history.js":"js/app/mznn/view/historycp0d63f525.js","js/main.js":"js/maincpb134ab5d.js","js/model/app.js":"js/model/appcp35946aba.js","js/model/data.js":"js/model/datacpb5d5f2c5.js","js/model/define.js":"js/model/definecpab5082f6.js","js/model/font.js":"js/model/fontcpfc224a9a.js","js/model/game.js":"js/model/gamecp7aa9b8a7.js","js/model/math.js":"js/model/mathcp30b7dc1e.js","js/model/proto.js":"js/model/protocpf95bafbe.js","js/model/upgrade.js":"js/model/upgradecpffcff55d.js","js/model/view.js":"js/model/viewcpa1d845d6.js","js/third/fingerprint.js":"js/third/fingerprintcp43cd1967.js","js/third/md5.js":"js/third/md5cpee3a962f.js","js/ui/layaUI.max.all.js":"js/ui/layaUI.max.allcpb404d833.js","laya.min.js":"laya.min2c2f03f4.js","libs.js":"libs.js","lobby/bg.png":"lobby/bgcp3656c354.png","lobby/bottombg.png":"lobby/bottombgcp6c9cc6bc.png","lobby/brnn.png":"lobby/brnncp77b2e2e5.png","lobby/free2.png":"lobby/free2cpccb98dec.png","lobby/game1.png":"lobby/game1cpb143f8ef.png","lobby/game2.png":"lobby/game2cp0d37e7a2.png","lobby/game3.png":"lobby/game3cp487eafbe.png","lobby/hall.jpg":"lobby/hallcpb24b1621.jpg","lobby/hall.png":"lobby/hallcp39089922.png","lobby/hall_bg_gqll.png":"lobby/hall_bg_gqllcp39089922.png","lobby/hall_bg_jjby.png":"lobby/hall_bg_jjbycpb143f8ef.png","lobby/hall_bg_ppc_new.png":"lobby/hall_bg_ppc_newcp0d37e7a2.png","lobby/hall_bg_xyx.png":"lobby/hall_bg_xyxcp63fbf38f.png","lobby/nn1.png":"lobby/nn1cp5bad8ad7.png","lobby/nn2.png":"lobby/nn2cp9f4bd5d1.png","lobby/stop_bg.png":"lobby/stop_bgcp177fc315.png","lobby/taskbg.png":"lobby/taskbgcp27b3e296.png","lobby2/hall_bg_gqll.png":"lobby2/hall_bg_gqllcp39089922.png","lobby2/hall_bg_jjby.png":"lobby2/hall_bg_jjbycpb143f8ef.png","lobby2/hall_bg_ppc_new.png":"lobby2/hall_bg_ppc_newcp0d37e7a2.png","lobby2/hall_bg_xyx.png":"lobby2/hall_bg_xyxcp63fbf38f.png","login/loginbg.jpg":"login/loginbgcp326646ce.jpg","lucky/bg1.png":"lucky/bg1cp06be9430.png","lucky/bg4.png":"lucky/bg4cp1a3c6d95.png","lucky/sign.png":"lucky/signcp41f0be4d.png","lucky/signtitle.png":"lucky/signtitlecp2c535a19.png","music/click.mp3":"music/clickd6292e13.mp3","music/ddz/bomb.mp3":"music/ddz/bomb522a7c3c.mp3","music/ddz/boy_1fen.mp3":"music/ddz/boy_1fend4d910f6.mp3","music/ddz/boy_2fen.mp3":"music/ddz/boy_2fen07d200f2.mp3","music/ddz/boy_3fen.mp3":"music/ddz/boy_3fen430f95b2.mp3","music/ddz/boy_bj.mp3":"music/ddz/boy_bj4e0b3d21.mp3","music/ddz/boy_bjb.mp3":"music/ddz/boy_bjbd38225d6.mp3","music/ddz/boy_bomb.mp3":"music/ddz/boy_bomb7bbf5389.mp3","music/ddz/boy_bq.mp3":"music/ddz/boy_bq4ca983d3.mp3","music/ddz/boy_by.mp3":"music/ddz/boy_bye10696d9.mp3","music/ddz/boy_dn1.mp3":"music/ddz/boy_dn1d11f7613.mp3","music/ddz/boy_dn2.mp3":"music/ddz/boy_dn2defafc29.mp3","music/ddz/boy_duizi_10.mp3":"music/ddz/boy_duizi_10de84aab1.mp3","music/ddz/boy_duizi_11.mp3":"music/ddz/boy_duizi_11fc4006ba.mp3","music/ddz/boy_duizi_12.mp3":"music/ddz/boy_duizi_12f2b8f405.mp3","music/ddz/boy_duizi_13.mp3":"music/ddz/boy_duizi_136c5d2367.mp3","music/ddz/boy_duizi_14.mp3":"music/ddz/boy_duizi_1484fc0360.mp3","music/ddz/boy_duizi_16.mp3":"music/ddz/boy_duizi_1614f8dbf8.mp3","music/ddz/boy_duizi_3.mp3":"music/ddz/boy_duizi_3ed7c3a7b.mp3","music/ddz/boy_duizi_4.mp3":"music/ddz/boy_duizi_44e536cfd.mp3","music/ddz/boy_duizi_5.mp3":"music/ddz/boy_duizi_56bd458dd.mp3","music/ddz/boy_duizi_6.mp3":"music/ddz/boy_duizi_6983cf974.mp3","music/ddz/boy_duizi_7.mp3":"music/ddz/boy_duizi_7b7b79f9b.mp3","music/ddz/boy_duizi_8.mp3":"music/ddz/boy_duizi_8f200bb34.mp3","music/ddz/boy_duizi_9.mp3":"music/ddz/boy_duizi_9c62b79e7.mp3","music/ddz/boy_dz_10.mp3":"music/ddz/boy_dz_10500b7c5e.mp3","music/ddz/boy_dz_11.mp3":"music/ddz/boy_dz_11803a0b09.mp3","music/ddz/boy_dz_12.mp3":"music/ddz/boy_dz_1286ed6e70.mp3","music/ddz/boy_dz_13.mp3":"music/ddz/boy_dz_13ad31c7da.mp3","music/ddz/boy_dz_14.mp3":"music/ddz/boy_dz_149aeaefb4.mp3","music/ddz/boy_dz_16.mp3":"music/ddz/boy_dz_16abf201a7.mp3","music/ddz/boy_dz_25.mp3":"music/ddz/boy_dz_2538682d73.mp3","music/ddz/boy_dz_27.mp3":"music/ddz/boy_dz_27161e91a3.mp3","music/ddz/boy_dz_3.mp3":"music/ddz/boy_dz_33095416e.mp3","music/ddz/boy_dz_4.mp3":"music/ddz/boy_dz_47b27c563.mp3","music/ddz/boy_dz_5.mp3":"music/ddz/boy_dz_5f41e5775.mp3","music/ddz/boy_dz_6.mp3":"music/ddz/boy_dz_619606ef0.mp3","music/ddz/boy_dz_7.mp3":"music/ddz/boy_dz_787ad9623.mp3","music/ddz/boy_dz_8.mp3":"music/ddz/boy_dz_81edb0bef.mp3","music/ddz/boy_dz_9.mp3":"music/ddz/boy_dz_94c01e64e.mp3","music/ddz/boy_four_four.mp3":"music/ddz/boy_four_foure2493bd7.mp3","music/ddz/boy_four_one.mp3":"music/ddz/boy_four_one7c2f2f0b.mp3","music/ddz/boy_four_two.mp3":"music/ddz/boy_four_two8b2f4183.mp3","music/ddz/boy_jdz.mp3":"music/ddz/boy_jdzba5910ca.mp3","music/ddz/boy_jiabei.mp3":"music/ddz/boy_jiabei4d989dc1.mp3","music/ddz/boy_kingbomb.mp3":"music/ddz/boy_kingbomb2cbaf7b7.mp3","music/ddz/boy_link.mp3":"music/ddz/boy_link3b5d8b22.mp3","music/ddz/boy_link_double.mp3":"music/ddz/boy_link_doubled017dd8b.mp3","music/ddz/boy_pass.mp3":"music/ddz/boy_pass52b8c80c.mp3","music/ddz/boy_pass2.mp3":"music/ddz/boy_pass2830da81b.mp3","music/ddz/boy_plan.mp3":"music/ddz/boy_plan14401f96.mp3","music/ddz/boy_qdz1.mp3":"music/ddz/boy_qdz1c9366601.mp3","music/ddz/boy_qdz2.mp3":"music/ddz/boy_qdz2d4aab9ec.mp3","music/ddz/boy_three_1.mp3":"music/ddz/boy_three_14a5a23c3.mp3","music/ddz/boy_three_10.mp3":"music/ddz/boy_three_1068a2bf72.mp3","music/ddz/boy_three_11.mp3":"music/ddz/boy_three_11ba71f1ac.mp3","music/ddz/boy_three_12.mp3":"music/ddz/boy_three_126f8f47ba.mp3","music/ddz/boy_three_13.mp3":"music/ddz/boy_three_13640eefd9.mp3","music/ddz/boy_three_14.mp3":"music/ddz/boy_three_14c698bf82.mp3","music/ddz/boy_three_16.mp3":"music/ddz/boy_three_160b3c877c.mp3","music/ddz/boy_three_3.mp3":"music/ddz/boy_three_3ecf72a17.mp3","music/ddz/boy_three_4.mp3":"music/ddz/boy_three_40d6641d7.mp3","music/ddz/boy_three_5.mp3":"music/ddz/boy_three_56c5f6e5a.mp3","music/ddz/boy_three_6.mp3":"music/ddz/boy_three_6c0519b12.mp3","music/ddz/boy_three_7.mp3":"music/ddz/boy_three_7a55b430f.mp3","music/ddz/boy_three_8.mp3":"music/ddz/boy_three_8a0ae529e.mp3","music/ddz/boy_three_9.mp3":"music/ddz/boy_three_964171e93.mp3","music/ddz/boy_three_one.mp3":"music/ddz/boy_three_onef8d80d33.mp3","music/ddz/boy_three_two.mp3":"music/ddz/boy_three_two430315c1.mp3","music/ddz/chat/Man_Chat_91.mp3":"music/ddz/chat/Man_Chat_9122bd63ea.mp3","music/ddz/chat/Man_Chat_92.mp3":"music/ddz/chat/Man_Chat_9248373c67.mp3","music/ddz/chat/Man_Chat_93.mp3":"music/ddz/chat/Man_Chat_93b840ebb1.mp3","music/ddz/chat/Man_Chat_94.mp3":"music/ddz/chat/Man_Chat_9481fca1c2.mp3","music/ddz/chat/Man_Chat_95.mp3":"music/ddz/chat/Man_Chat_9500ef05da.mp3","music/ddz/chat/Man_Chat_96.mp3":"music/ddz/chat/Man_Chat_96fc66b085.mp3","music/ddz/chat/Man_Chat_97.mp3":"music/ddz/chat/Man_Chat_975e191a26.mp3","music/ddz/chat/Woman_Chat_91.mp3":"music/ddz/chat/Woman_Chat_9108950c4b.mp3","music/ddz/chat/Woman_Chat_92.mp3":"music/ddz/chat/Woman_Chat_92576e329f.mp3","music/ddz/chat/Woman_Chat_93.mp3":"music/ddz/chat/Woman_Chat_93432afcfd.mp3","music/ddz/chat/Woman_Chat_94.mp3":"music/ddz/chat/Woman_Chat_942b42a284.mp3","music/ddz/chat/Woman_Chat_95.mp3":"music/ddz/chat/Woman_Chat_9518335360.mp3","music/ddz/chat/Woman_Chat_96.mp3":"music/ddz/chat/Woman_Chat_96f0c408cc.mp3","music/ddz/chat/Woman_Chat_97.mp3":"music/ddz/chat/Woman_Chat_97baf0e587.mp3","music/ddz/ddz_loss.mp3":"music/ddz/ddz_loss23dc5184.mp3","music/ddz/ddz_win.mp3":"music/ddz/ddz_win5562dac4.mp3","music/ddz/deal_card.mp3":"music/ddz/deal_card33594ed5.mp3","music/ddz/girl_1fen.mp3":"music/ddz/girl_1fen06838092.mp3","music/ddz/girl_2fen.mp3":"music/ddz/girl_2fen2959b9a6.mp3","music/ddz/girl_3fen.mp3":"music/ddz/girl_3fen4f55fc4f.mp3","music/ddz/girl_bj.mp3":"music/ddz/girl_bj8849fdca.mp3","music/ddz/girl_bomb.mp3":"music/ddz/girl_bombec111dbd.mp3","music/ddz/girl_bq.mp3":"music/ddz/girl_bq13c3bece.mp3","music/ddz/girl_by.mp3":"music/ddz/girl_by4d4738d7.mp3","music/ddz/girl_dn1.mp3":"music/ddz/girl_dn1019a5f0e.mp3","music/ddz/girl_dn2.mp3":"music/ddz/girl_dn23c557c64.mp3","music/ddz/girl_duizi_10.mp3":"music/ddz/girl_duizi_10cffe8d0e.mp3","music/ddz/girl_duizi_11.mp3":"music/ddz/girl_duizi_118c7c28e0.mp3","music/ddz/girl_duizi_12.mp3":"music/ddz/girl_duizi_126b015b75.mp3","music/ddz/girl_duizi_13.mp3":"music/ddz/girl_duizi_1363703741.mp3","music/ddz/girl_duizi_14.mp3":"music/ddz/girl_duizi_145b35adc4.mp3","music/ddz/girl_duizi_16.mp3":"music/ddz/girl_duizi_1622c3ae80.mp3","music/ddz/girl_duizi_3.mp3":"music/ddz/girl_duizi_3d431cb6c.mp3","music/ddz/girl_duizi_4.mp3":"music/ddz/girl_duizi_426e16588.mp3","music/ddz/girl_duizi_5.mp3":"music/ddz/girl_duizi_5570d0bcb.mp3","music/ddz/girl_duizi_6.mp3":"music/ddz/girl_duizi_63d2e0de4.mp3","music/ddz/girl_duizi_7.mp3":"music/ddz/girl_duizi_7f6b61a7a.mp3","music/ddz/girl_duizi_8.mp3":"music/ddz/girl_duizi_88b333929.mp3","music/ddz/girl_duizi_9.mp3":"music/ddz/girl_duizi_9f4894642.mp3","music/ddz/girl_dz_10.mp3":"music/ddz/girl_dz_100536186e.mp3","music/ddz/girl_dz_11.mp3":"music/ddz/girl_dz_1173f6280f.mp3","music/ddz/girl_dz_12.mp3":"music/ddz/girl_dz_12ddadf630.mp3","music/ddz/girl_dz_13.mp3":"music/ddz/girl_dz_1388d5e95a.mp3","music/ddz/girl_dz_14.mp3":"music/ddz/girl_dz_146bdd412b.mp3","music/ddz/girl_dz_16.mp3":"music/ddz/girl_dz_1698b02614.mp3","music/ddz/girl_dz_25.mp3":"music/ddz/girl_dz_25429338cf.mp3","music/ddz/girl_dz_27.mp3":"music/ddz/girl_dz_27e241f5dd.mp3","music/ddz/girl_dz_3.mp3":"music/ddz/girl_dz_3bd484a50.mp3","music/ddz/girl_dz_4.mp3":"music/ddz/girl_dz_4ed98eda2.mp3","music/ddz/girl_dz_5.mp3":"music/ddz/girl_dz_5a14d0cd5.mp3","music/ddz/girl_dz_6.mp3":"music/ddz/girl_dz_6bbea75fb.mp3","music/ddz/girl_dz_7.mp3":"music/ddz/girl_dz_77d4589b4.mp3","music/ddz/girl_dz_8.mp3":"music/ddz/girl_dz_80124b9a6.mp3","music/ddz/girl_dz_9.mp3":"music/ddz/girl_dz_9958c777c.mp3","music/ddz/girl_four_four.mp3":"music/ddz/girl_four_fourf5bdaa4b.mp3","music/ddz/girl_four_one.mp3":"music/ddz/girl_four_one19791144.mp3","music/ddz/girl_four_two.mp3":"music/ddz/girl_four_two3537e59d.mp3","music/ddz/girl_jdz.mp3":"music/ddz/girl_jdz20ad6721.mp3","music/ddz/girl_jiabei.mp3":"music/ddz/girl_jiabeiff533d2e.mp3","music/ddz/girl_kingbomb.mp3":"music/ddz/girl_kingbomb75eec767.mp3","music/ddz/girl_link.mp3":"music/ddz/girl_link5acfe39b.mp3","music/ddz/girl_link_double.mp3":"music/ddz/girl_link_doublef8071a34.mp3","music/ddz/girl_mingpai.mp3":"music/ddz/girl_mingpai69fd9c33.mp3","music/ddz/girl_njiabei.mp3":"music/ddz/girl_njiabei844770a1.mp3","music/ddz/girl_pass.mp3":"music/ddz/girl_pass78f5ad72.mp3","music/ddz/girl_pass2.mp3":"music/ddz/girl_pass23b631219.mp3","music/ddz/girl_plan.mp3":"music/ddz/girl_plan20637242.mp3","music/ddz/girl_qdz1.mp3":"music/ddz/girl_qdz10a17b141.mp3","music/ddz/girl_qdz2.mp3":"music/ddz/girl_qdz27858611c.mp3","music/ddz/girl_three_10.mp3":"music/ddz/girl_three_1070cdeaaf.mp3","music/ddz/girl_three_11.mp3":"music/ddz/girl_three_11feefef2b.mp3","music/ddz/girl_three_12.mp3":"music/ddz/girl_three_1210452cb0.mp3","music/ddz/girl_three_13.mp3":"music/ddz/girl_three_138008a2ac.mp3","music/ddz/girl_three_14.mp3":"music/ddz/girl_three_14115658a8.mp3","music/ddz/girl_three_16.mp3":"music/ddz/girl_three_16126a8d08.mp3","music/ddz/girl_three_3.mp3":"music/ddz/girl_three_33fc8c19b.mp3","music/ddz/girl_three_4.mp3":"music/ddz/girl_three_412520276.mp3","music/ddz/girl_three_5.mp3":"music/ddz/girl_three_5bbe3a38b.mp3","music/ddz/girl_three_6.mp3":"music/ddz/girl_three_636f3bcb4.mp3","music/ddz/girl_three_7.mp3":"music/ddz/girl_three_7cbdb7c70.mp3","music/ddz/girl_three_8.mp3":"music/ddz/girl_three_885702196.mp3","music/ddz/girl_three_9.mp3":"music/ddz/girl_three_9510daa33.mp3","music/ddz/girl_three_one.mp3":"music/ddz/girl_three_one66781c75.mp3","music/ddz/girl_three_two.mp3":"music/ddz/girl_three_two834cc04c.mp3","music/ddz/girl_two_poker.mp3":"music/ddz/girl_two_poker8034882c.mp3","music/ddz/kingbomb.mp3":"music/ddz/kingbombd90e3e11.mp3","music/ddz/plan.mp3":"music/ddz/plan6c305a53.mp3","music/ddz/select.mp3":"music/ddz/select9449cfef.mp3","music/ddz/warn.mp3":"music/ddz/warnaa8584fd.mp3","music/ddz/warn3.mp3":"music/ddz/warn30606a5cf.mp3","music/ddz.mp3":"music/ddz2fc8ef2c.mp3","music/ddz2.mp3":"music/ddz29eec0563.mp3","music/gift/gift1.mp3":"music/gift/gift1ab3747c6.mp3","music/gift/gift2.mp3":"music/gift/gift2cb6bafc5.mp3","music/gift/gift3.mp3":"music/gift/gift3996fcc1b.mp3","music/gift/gift4.mp3":"music/gift/gift430fe9c07.mp3","music/gift/gift5.mp3":"music/gift/gift57c33d7ef.mp3","music/hall.mp3":"music/hallb291f688.mp3","music/lucky.mp3":"music/lucky3fbc7220.mp3","music/mj/boy_0.mp3":"music/mj/boy_0e87bba29.mp3","music/mj/boy_1.mp3":"music/mj/boy_16c6fbc15.mp3","music/mj/boy_10.mp3":"music/mj/boy_103947ea72.mp3","music/mj/boy_11.mp3":"music/mj/boy_11194bdae5.mp3","music/mj/boy_12.mp3":"music/mj/boy_125156b7c3.mp3","music/mj/boy_13.mp3":"music/mj/boy_13a0bdf158.mp3","music/mj/boy_2.mp3":"music/mj/boy_250e7f87d.mp3","music/mj/boy_3.mp3":"music/mj/boy_3b1c20b08.mp3","music/mj/boy_4.mp3":"music/mj/boy_462ad93eb.mp3","music/mj/boy_5.mp3":"music/mj/boy_547bb9b3e.mp3","music/mj/boy_6.mp3":"music/mj/boy_68bb17acf.mp3","music/mj/boy_7.mp3":"music/mj/boy_7e569488d.mp3","music/mj/boy_8.mp3":"music/mj/boy_8309dedc1.mp3","music/mj/boy_9.mp3":"music/mj/boy_9f2d7bdbe.mp3","music/mj/fapai.mp3":"music/mj/fapaie88a7388.mp3","music/mj/girl_0.mp3":"music/mj/girl_0c140149f.mp3","music/mj/girl_1.mp3":"music/mj/girl_14c1b23fb.mp3","music/mj/girl_10.mp3":"music/mj/girl_1047eb3e83.mp3","music/mj/girl_11.mp3":"music/mj/girl_114483a1aa.mp3","music/mj/girl_12.mp3":"music/mj/girl_125b094cf9.mp3","music/mj/girl_13.mp3":"music/mj/girl_138493a462.mp3","music/mj/girl_2.mp3":"music/mj/girl_26ab8c19b.mp3","music/mj/girl_3.mp3":"music/mj/girl_30a9f7fed.mp3","music/mj/girl_4.mp3":"music/mj/girl_487ac3499.mp3","music/mj/girl_5.mp3":"music/mj/girl_523a5894a.mp3","music/mj/girl_6.mp3":"music/mj/girl_694dccc5a.mp3","music/mj/girl_7.mp3":"music/mj/girl_7941b05fd.mp3","music/mj/girl_8.mp3":"music/mj/girl_8dd55c9cb.mp3","music/mj/girl_9.mp3":"music/mj/girl_982f3a2dd.mp3","music/mj/guafeng.mp3":"music/mj/guafeng232c4767.mp3","music/mj/normal/boy_1.mp3":"music/mj/normal/boy_1c656031f.mp3","music/mj/normal/boy_11.mp3":"music/mj/normal/boy_1138dd8af3.mp3","music/mj/normal/boy_12.mp3":"music/mj/normal/boy_12ec574cad.mp3","music/mj/normal/boy_13.mp3":"music/mj/normal/boy_134319b859.mp3","music/mj/normal/boy_14.mp3":"music/mj/normal/boy_14e82fd2b6.mp3","music/mj/normal/boy_15.mp3":"music/mj/normal/boy_1549b9f80a.mp3","music/mj/normal/boy_16.mp3":"music/mj/normal/boy_168c123413.mp3","music/mj/normal/boy_17.mp3":"music/mj/normal/boy_172db19c57.mp3","music/mj/normal/boy_18.mp3":"music/mj/normal/boy_18aa8e56dc.mp3","music/mj/normal/boy_19.mp3":"music/mj/normal/boy_1926395cb7.mp3","music/mj/normal/boy_2.mp3":"music/mj/normal/boy_219f86672.mp3","music/mj/normal/boy_21.mp3":"music/mj/normal/boy_21d33ae260.mp3","music/mj/normal/boy_22.mp3":"music/mj/normal/boy_22ec3e4f80.mp3","music/mj/normal/boy_23.mp3":"music/mj/normal/boy_2374d2520d.mp3","music/mj/normal/boy_24.mp3":"music/mj/normal/boy_24bd28fe5a.mp3","music/mj/normal/boy_25.mp3":"music/mj/normal/boy_255413b29b.mp3","music/mj/normal/boy_26.mp3":"music/mj/normal/boy_26668a36ba.mp3","music/mj/normal/boy_27.mp3":"music/mj/normal/boy_2720bf7378.mp3","music/mj/normal/boy_28.mp3":"music/mj/normal/boy_286a73825b.mp3","music/mj/normal/boy_29.mp3":"music/mj/normal/boy_29eabcf049.mp3","music/mj/normal/boy_3.mp3":"music/mj/normal/boy_32a9e916a.mp3","music/mj/normal/boy_31.mp3":"music/mj/normal/boy_312b1bc81d.mp3","music/mj/normal/boy_32.mp3":"music/mj/normal/boy_328a482fb6.mp3","music/mj/normal/boy_33.mp3":"music/mj/normal/boy_33b38265da.mp3","music/mj/normal/boy_34.mp3":"music/mj/normal/boy_34bac1aa09.mp3","music/mj/normal/boy_4.mp3":"music/mj/normal/boy_477665bd9.mp3","music/mj/normal/boy_41.mp3":"music/mj/normal/boy_41c9ac223e.mp3","music/mj/normal/boy_42.mp3":"music/mj/normal/boy_42d8ac111e.mp3","music/mj/normal/boy_43.mp3":"music/mj/normal/boy_437ca9570e.mp3","music/mj/normal/boy_5.mp3":"music/mj/normal/boy_5071a5351.mp3","music/mj/normal/boy_6.mp3":"music/mj/normal/boy_6e59e5c56.mp3","music/mj/normal/boy_7.mp3":"music/mj/normal/boy_7a0546464.mp3","music/mj/normal/boy_8.mp3":"music/mj/normal/boy_895e235be.mp3","music/mj/normal/boy_9.mp3":"music/mj/normal/boy_981887eee.mp3","music/mj/normal/boy_chi.mp3":"music/mj/normal/boy_chi8eb908ef.mp3","music/mj/normal/boy_gang.mp3":"music/mj/normal/boy_gang47ff13af.mp3","music/mj/normal/boy_hua.mp3":"music/mj/normal/boy_huac25d9c0b.mp3","music/mj/normal/boy_listen.mp3":"music/mj/normal/boy_listen07bab471.mp3","music/mj/normal/boy_peng.mp3":"music/mj/normal/boy_peng778a0c7a.mp3","music/mj/normal/boy_win.mp3":"music/mj/normal/boy_win9f9b07f5.mp3","music/mj/normal/boy_win1.mp3":"music/mj/normal/boy_win1f6b56ec1.mp3","music/mj/normal/boy_zimo.mp3":"music/mj/normal/boy_zimo728b55e6.mp3","music/mj/normal/girl_1.mp3":"music/mj/normal/girl_157e11782.mp3","music/mj/normal/girl_11.mp3":"music/mj/normal/girl_1146cedd22.mp3","music/mj/normal/girl_12.mp3":"music/mj/normal/girl_12ce5db1ae.mp3","music/mj/normal/girl_13.mp3":"music/mj/normal/girl_132c2a5bd9.mp3","music/mj/normal/girl_14.mp3":"music/mj/normal/girl_14a5f0a449.mp3","music/mj/normal/girl_15.mp3":"music/mj/normal/girl_15548f9e92.mp3","music/mj/normal/girl_16.mp3":"music/mj/normal/girl_164c0ce694.mp3","music/mj/normal/girl_17.mp3":"music/mj/normal/girl_176e657c91.mp3","music/mj/normal/girl_18.mp3":"music/mj/normal/girl_18ba2060a1.mp3","music/mj/normal/girl_19.mp3":"music/mj/normal/girl_19c9e17f16.mp3","music/mj/normal/girl_2.mp3":"music/mj/normal/girl_2836a0eb0.mp3","music/mj/normal/girl_21.mp3":"music/mj/normal/girl_21f9b60f29.mp3","music/mj/normal/girl_22.mp3":"music/mj/normal/girl_22fe9c1ec3.mp3","music/mj/normal/girl_23.mp3":"music/mj/normal/girl_235b5635c1.mp3","music/mj/normal/girl_24.mp3":"music/mj/normal/girl_243837df1a.mp3","music/mj/normal/girl_25.mp3":"music/mj/normal/girl_25b2e2baed.mp3","music/mj/normal/girl_26.mp3":"music/mj/normal/girl_269bdc5604.mp3","music/mj/normal/girl_27.mp3":"music/mj/normal/girl_27d7ae4b1c.mp3","music/mj/normal/girl_28.mp3":"music/mj/normal/girl_28f398d7fe.mp3","music/mj/normal/girl_29.mp3":"music/mj/normal/girl_29dd486261.mp3","music/mj/normal/girl_3.mp3":"music/mj/normal/girl_3faeab37f.mp3","music/mj/normal/girl_31.mp3":"music/mj/normal/girl_31e58d5f4a.mp3","music/mj/normal/girl_32.mp3":"music/mj/normal/girl_329989081c.mp3","music/mj/normal/girl_33.mp3":"music/mj/normal/girl_339115cca4.mp3","music/mj/normal/girl_34.mp3":"music/mj/normal/girl_34261694a3.mp3","music/mj/normal/girl_4.mp3":"music/mj/normal/girl_493d5556e.mp3","music/mj/normal/girl_41.mp3":"music/mj/normal/girl_41fceb900d.mp3","music/mj/normal/girl_42.mp3":"music/mj/normal/girl_427f51f6f6.mp3","music/mj/normal/girl_43.mp3":"music/mj/normal/girl_435ed75709.mp3","music/mj/normal/girl_5.mp3":"music/mj/normal/girl_5f54ee94b.mp3","music/mj/normal/girl_6.mp3":"music/mj/normal/girl_6c8f63363.mp3","music/mj/normal/girl_7.mp3":"music/mj/normal/girl_71ccce6ff.mp3","music/mj/normal/girl_8.mp3":"music/mj/normal/girl_8091601ab.mp3","music/mj/normal/girl_9.mp3":"music/mj/normal/girl_9c1e18132.mp3","music/mj/normal/girl_chi.mp3":"music/mj/normal/girl_chi5289efba.mp3","music/mj/normal/girl_gang.mp3":"music/mj/normal/girl_gangb886808d.mp3","music/mj/normal/girl_hua.mp3":"music/mj/normal/girl_huaea879584.mp3","music/mj/normal/girl_listen.mp3":"music/mj/normal/girl_listen6c6d75f8.mp3","music/mj/normal/girl_peng.mp3":"music/mj/normal/girl_peng5d6c417e.mp3","music/mj/normal/girl_win.mp3":"music/mj/normal/girl_wina8a291d5.mp3","music/mj/normal/girl_win1.mp3":"music/mj/normal/girl_win192954c4b.mp3","music/mj/normal/girl_zimo.mp3":"music/mj/normal/girl_zimo892fd03c.mp3","music/mj/que.mp3":"music/mj/que685dbc4e.mp3","music/mj/saizi.mp3":"music/mj/saizi6b41bcdd.mp3","music/mj/sc/sc_boy_1tiao.mp3":"music/mj/sc/sc_boy_1tiao6bde7d23.mp3","music/mj/sc/sc_boy_1tiao0.mp3":"music/mj/sc/sc_boy_1tiao038185cda.mp3","music/mj/sc/sc_boy_1tiao1.mp3":"music/mj/sc/sc_boy_1tiao169c3e23f.mp3","music/mj/sc/sc_boy_1tiao2.mp3":"music/mj/sc/sc_boy_1tiao2c8b030dc.mp3","music/mj/sc/sc_boy_1tong.mp3":"music/mj/sc/sc_boy_1tong16364b51.mp3","music/mj/sc/sc_boy_1tong0.mp3":"music/mj/sc/sc_boy_1tong0c3f1e846.mp3","music/mj/sc/sc_boy_1tong1.mp3":"music/mj/sc/sc_boy_1tong1f8f20e28.mp3","music/mj/sc/sc_boy_1tong2.mp3":"music/mj/sc/sc_boy_1tong2064604bc.mp3","music/mj/sc/sc_boy_1wan.mp3":"music/mj/sc/sc_boy_1wan66d278bd.mp3","music/mj/sc/sc_boy_1wan0.mp3":"music/mj/sc/sc_boy_1wan00d35e4e5.mp3","music/mj/sc/sc_boy_1wan1.mp3":"music/mj/sc/sc_boy_1wan14c415b7a.mp3","music/mj/sc/sc_boy_2tiao.mp3":"music/mj/sc/sc_boy_2tiao52dad039.mp3","music/mj/sc/sc_boy_2tiao0.mp3":"music/mj/sc/sc_boy_2tiao05edc7193.mp3","music/mj/sc/sc_boy_2tiao1.mp3":"music/mj/sc/sc_boy_2tiao12f764d71.mp3","music/mj/sc/sc_boy_2tiao2.mp3":"music/mj/sc/sc_boy_2tiao234be5ddf.mp3","music/mj/sc/sc_boy_2tong.mp3":"music/mj/sc/sc_boy_2tong183f8969.mp3","music/mj/sc/sc_boy_2tong0.mp3":"music/mj/sc/sc_boy_2tong0fc193bd2.mp3","music/mj/sc/sc_boy_2wan.mp3":"music/mj/sc/sc_boy_2wan9715892c.mp3","music/mj/sc/sc_boy_2wan0.mp3":"music/mj/sc/sc_boy_2wan09e22afa2.mp3","music/mj/sc/sc_boy_3tiao.mp3":"music/mj/sc/sc_boy_3tiao8091fa35.mp3","music/mj/sc/sc_boy_3tong.mp3":"music/mj/sc/sc_boy_3tong017d0fc4.mp3","music/mj/sc/sc_boy_3tong0.mp3":"music/mj/sc/sc_boy_3tong08c5034cc.mp3","music/mj/sc/sc_boy_3tong1.mp3":"music/mj/sc/sc_boy_3tong1eaa94eed.mp3","music/mj/sc/sc_boy_3wan.mp3":"music/mj/sc/sc_boy_3wance657d75.mp3","music/mj/sc/sc_boy_3wan0.mp3":"music/mj/sc/sc_boy_3wan081f9df37.mp3","music/mj/sc/sc_boy_4tiao.mp3":"music/mj/sc/sc_boy_4tiaod212b5b7.mp3","music/mj/sc/sc_boy_4tiao0.mp3":"music/mj/sc/sc_boy_4tiao0ef13eec4.mp3","music/mj/sc/sc_boy_4tong.mp3":"music/mj/sc/sc_boy_4tongf2ea109f.mp3","music/mj/sc/sc_boy_4tong0.mp3":"music/mj/sc/sc_boy_4tong0ffa1da9c.mp3","music/mj/sc/sc_boy_4tong1.mp3":"music/mj/sc/sc_boy_4tong1f85da83c.mp3","music/mj/sc/sc_boy_4wan.mp3":"music/mj/sc/sc_boy_4wan0b13803c.mp3","music/mj/sc/sc_boy_4wan0.mp3":"music/mj/sc/sc_boy_4wan098438619.mp3","music/mj/sc/sc_boy_4wan1.mp3":"music/mj/sc/sc_boy_4wan1d602dc56.mp3","music/mj/sc/sc_boy_5tiao.mp3":"music/mj/sc/sc_boy_5tiao23c23bb0.mp3","music/mj/sc/sc_boy_5tong.mp3":"music/mj/sc/sc_boy_5tong956f84a2.mp3","music/mj/sc/sc_boy_5tong0.mp3":"music/mj/sc/sc_boy_5tong072e20b24.mp3","music/mj/sc/sc_boy_5tong1.mp3":"music/mj/sc/sc_boy_5tong10ed37c9b.mp3","music/mj/sc/sc_boy_5wan.mp3":"music/mj/sc/sc_boy_5wan56823aad.mp3","music/mj/sc/sc_boy_6tiao.mp3":"music/mj/sc/sc_boy_6tiaoafab3bcd.mp3","music/mj/sc/sc_boy_6tiao0.mp3":"music/mj/sc/sc_boy_6tiao04a8c7758.mp3","music/mj/sc/sc_boy_6tong.mp3":"music/mj/sc/sc_boy_6tong7aa57bc4.mp3","music/mj/sc/sc_boy_6wan.mp3":"music/mj/sc/sc_boy_6wan7633c262.mp3","music/mj/sc/sc_boy_7tiao.mp3":"music/mj/sc/sc_boy_7tiao6a570462.mp3","music/mj/sc/sc_boy_7tong.mp3":"music/mj/sc/sc_boy_7tong0ed9ac68.mp3","music/mj/sc/sc_boy_7wan.mp3":"music/mj/sc/sc_boy_7wan98c95d41.mp3","music/mj/sc/sc_boy_8tiao.mp3":"music/mj/sc/sc_boy_8tiao371fa6ea.mp3","music/mj/sc/sc_boy_8tiao0.mp3":"music/mj/sc/sc_boy_8tiao0cd7f5994.mp3","music/mj/sc/sc_boy_8tiao1.mp3":"music/mj/sc/sc_boy_8tiao1468b8eca.mp3","music/mj/sc/sc_boy_8tiao2.mp3":"music/mj/sc/sc_boy_8tiao2423b477d.mp3","music/mj/sc/sc_boy_8tong.mp3":"music/mj/sc/sc_boy_8tong0247140a.mp3","music/mj/sc/sc_boy_8tong0.mp3":"music/mj/sc/sc_boy_8tong05f33de4c.mp3","music/mj/sc/sc_boy_8wan.mp3":"music/mj/sc/sc_boy_8wan44f5c40b.mp3","music/mj/sc/sc_boy_9tiao.mp3":"music/mj/sc/sc_boy_9tiao7a9d4f49.mp3","music/mj/sc/sc_boy_9tiao0.mp3":"music/mj/sc/sc_boy_9tiao0048ba17e.mp3","music/mj/sc/sc_boy_9tong.mp3":"music/mj/sc/sc_boy_9tong591d6eef.mp3","music/mj/sc/sc_boy_9tong0.mp3":"music/mj/sc/sc_boy_9tong0a52b1190.mp3","music/mj/sc/sc_boy_9tong1.mp3":"music/mj/sc/sc_boy_9tong1e17c8e35.mp3","music/mj/sc/sc_boy_9wan.mp3":"music/mj/sc/sc_boy_9waned8c9da9.mp3","music/mj/sc/sc_boy_9wan0.mp3":"music/mj/sc/sc_boy_9wan026ec3249.mp3","music/mj/sc/sc_boy_gang.mp3":"music/mj/sc/sc_boy_gangb60a8e0e.mp3","music/mj/sc/sc_boy_gang0.mp3":"music/mj/sc/sc_boy_gang0b10149dc.mp3","music/mj/sc/sc_boy_hu.mp3":"music/mj/sc/sc_boy_huaba1339e.mp3","music/mj/sc/sc_boy_hu0.mp3":"music/mj/sc/sc_boy_hu03bc9f9db.mp3","music/mj/sc/sc_boy_hu1.mp3":"music/mj/sc/sc_boy_hu1094825e4.mp3","music/mj/sc/sc_boy_hu_zimo.mp3":"music/mj/sc/sc_boy_hu_zimoded0be1c.mp3","music/mj/sc/sc_boy_peng.mp3":"music/mj/sc/sc_boy_peng92549df4.mp3","music/mj/sc/sc_boy_peng0.mp3":"music/mj/sc/sc_boy_peng0838ebebe.mp3","music/mj/sc/sc_boy_peng1.mp3":"music/mj/sc/sc_boy_peng1cec86904.mp3","music/mj/sc/sc_girl_1tiao.mp3":"music/mj/sc/sc_girl_1tiaod152f93e.mp3","music/mj/sc/sc_girl_1tiao0.mp3":"music/mj/sc/sc_girl_1tiao02f42b198.mp3","music/mj/sc/sc_girl_1tiao1.mp3":"music/mj/sc/sc_girl_1tiao182fcf99d.mp3","music/mj/sc/sc_girl_1tiao2.mp3":"music/mj/sc/sc_girl_1tiao22ef201dc.mp3","music/mj/sc/sc_girl_1tong.mp3":"music/mj/sc/sc_girl_1tongfbb7c44d.mp3","music/mj/sc/sc_girl_1tong0.mp3":"music/mj/sc/sc_girl_1tong050257675.mp3","music/mj/sc/sc_girl_1tong1.mp3":"music/mj/sc/sc_girl_1tong1f419d9c0.mp3","music/mj/sc/sc_girl_1tong2.mp3":"music/mj/sc/sc_girl_1tong207385f3a.mp3","music/mj/sc/sc_girl_1wan.mp3":"music/mj/sc/sc_girl_1wan57d2cd99.mp3","music/mj/sc/sc_girl_1wan0.mp3":"music/mj/sc/sc_girl_1wan0f3d82bc3.mp3","music/mj/sc/sc_girl_1wan1.mp3":"music/mj/sc/sc_girl_1wan1d1d303bc.mp3","music/mj/sc/sc_girl_2tiao.mp3":"music/mj/sc/sc_girl_2tiaobe72f9b3.mp3","music/mj/sc/sc_girl_2tiao0.mp3":"music/mj/sc/sc_girl_2tiao055e3d0d8.mp3","music/mj/sc/sc_girl_2tiao1.mp3":"music/mj/sc/sc_girl_2tiao106733c92.mp3","music/mj/sc/sc_girl_2tiao2.mp3":"music/mj/sc/sc_girl_2tiao27cb3c3c7.mp3","music/mj/sc/sc_girl_2tong.mp3":"music/mj/sc/sc_girl_2tong1dd08393.mp3","music/mj/sc/sc_girl_2tong0.mp3":"music/mj/sc/sc_girl_2tong0cc0f05ce.mp3","music/mj/sc/sc_girl_2wan.mp3":"music/mj/sc/sc_girl_2wan73216f21.mp3","music/mj/sc/sc_girl_2wan0.mp3":"music/mj/sc/sc_girl_2wan0cb55d054.mp3","music/mj/sc/sc_girl_3tiao.mp3":"music/mj/sc/sc_girl_3tiao9273ef1b.mp3","music/mj/sc/sc_girl_3tong.mp3":"music/mj/sc/sc_girl_3tongb80d3bab.mp3","music/mj/sc/sc_girl_3tong0.mp3":"music/mj/sc/sc_girl_3tong021a97c1c.mp3","music/mj/sc/sc_girl_3tong1.mp3":"music/mj/sc/sc_girl_3tong117da7a54.mp3","music/mj/sc/sc_girl_3wan.mp3":"music/mj/sc/sc_girl_3wanfeb009f4.mp3","music/mj/sc/sc_girl_3wan0.mp3":"music/mj/sc/sc_girl_3wan0efc3b338.mp3","music/mj/sc/sc_girl_4tiao.mp3":"music/mj/sc/sc_girl_4tiao6ac1e727.mp3","music/mj/sc/sc_girl_4tiao0.mp3":"music/mj/sc/sc_girl_4tiao0cc00afc9.mp3","music/mj/sc/sc_girl_4tong.mp3":"music/mj/sc/sc_girl_4tong40edc774.mp3","music/mj/sc/sc_girl_4tong0.mp3":"music/mj/sc/sc_girl_4tong09413d9a0.mp3","music/mj/sc/sc_girl_4tong1.mp3":"music/mj/sc/sc_girl_4tong13c369f64.mp3","music/mj/sc/sc_girl_4wan.mp3":"music/mj/sc/sc_girl_4wan658df83f.mp3","music/mj/sc/sc_girl_4wan0.mp3":"music/mj/sc/sc_girl_4wan04d9a6c53.mp3","music/mj/sc/sc_girl_4wan1.mp3":"music/mj/sc/sc_girl_4wan1a51cec72.mp3","music/mj/sc/sc_girl_5tiao.mp3":"music/mj/sc/sc_girl_5tiao762cb544.mp3","music/mj/sc/sc_girl_5tong.mp3":"music/mj/sc/sc_girl_5tongd3a1316d.mp3","music/mj/sc/sc_girl_5tong0.mp3":"music/mj/sc/sc_girl_5tong068281998.mp3","music/mj/sc/sc_girl_5tong1.mp3":"music/mj/sc/sc_girl_5tong19ca3458a.mp3","music/mj/sc/sc_girl_5wan.mp3":"music/mj/sc/sc_girl_5wan42d6466d.mp3","music/mj/sc/sc_girl_6tiao.mp3":"music/mj/sc/sc_girl_6tiao21f904e5.mp3","music/mj/sc/sc_girl_6tiao0.mp3":"music/mj/sc/sc_girl_6tiao030ae6c6b.mp3","music/mj/sc/sc_girl_6tong.mp3":"music/mj/sc/sc_girl_6tongf525a312.mp3","music/mj/sc/sc_girl_6wan.mp3":"music/mj/sc/sc_girl_6wanfacc32a7.mp3","music/mj/sc/sc_girl_7tiao.mp3":"music/mj/sc/sc_girl_7tiaocc42da71.mp3","music/mj/sc/sc_girl_7tong.mp3":"music/mj/sc/sc_girl_7tong4d185f32.mp3","music/mj/sc/sc_girl_7wan.mp3":"music/mj/sc/sc_girl_7wan374d1cc0.mp3","music/mj/sc/sc_girl_8tiao.mp3":"music/mj/sc/sc_girl_8tiaoe74c6629.mp3","music/mj/sc/sc_girl_8tiao0.mp3":"music/mj/sc/sc_girl_8tiao0ac7f1598.mp3","music/mj/sc/sc_girl_8tiao1.mp3":"music/mj/sc/sc_girl_8tiao1d6b909a5.mp3","music/mj/sc/sc_girl_8tiao2.mp3":"music/mj/sc/sc_girl_8tiao277338b70.mp3","music/mj/sc/sc_girl_8tong.mp3":"music/mj/sc/sc_girl_8tongdf39dd22.mp3","music/mj/sc/sc_girl_8tong0.mp3":"music/mj/sc/sc_girl_8tong0e8f28b2f.mp3","music/mj/sc/sc_girl_8wan.mp3":"music/mj/sc/sc_girl_8wanb1e780d9.mp3","music/mj/sc/sc_girl_9tiao.mp3":"music/mj/sc/sc_girl_9tiaod64fc13e.mp3","music/mj/sc/sc_girl_9tiao0.mp3":"music/mj/sc/sc_girl_9tiao0c0212901.mp3","music/mj/sc/sc_girl_9tong.mp3":"music/mj/sc/sc_girl_9tong13aa1326.mp3","music/mj/sc/sc_girl_9tong0.mp3":"music/mj/sc/sc_girl_9tong0e9faa5ec.mp3","music/mj/sc/sc_girl_9tong1.mp3":"music/mj/sc/sc_girl_9tong1ea3e5203.mp3","music/mj/sc/sc_girl_9wan.mp3":"music/mj/sc/sc_girl_9wana96057e2.mp3","music/mj/sc/sc_girl_9wan0.mp3":"music/mj/sc/sc_girl_9wan0d237f105.mp3","music/mj/sc/sc_girl_dhuwin.mp3":"music/mj/sc/sc_girl_dhuwinee00464a.mp3","music/mj/sc/sc_girl_gang.mp3":"music/mj/sc/sc_girl_gang48769dfb.mp3","music/mj/sc/sc_girl_gang0.mp3":"music/mj/sc/sc_girl_gang0eab6a091.mp3","music/mj/sc/sc_girl_hu.mp3":"music/mj/sc/sc_girl_huee00464a.mp3","music/mj/sc/sc_girl_hu0.mp3":"music/mj/sc/sc_girl_hu0f7d60914.mp3","music/mj/sc/sc_girl_hu1.mp3":"music/mj/sc/sc_girl_hu1928b3fa9.mp3","music/mj/sc/sc_girl_hu_zimo.mp3":"music/mj/sc/sc_girl_hu_zimoc85fdb60.mp3","music/mj/sc/sc_girl_peng.mp3":"music/mj/sc/sc_girl_pengf3274a09.mp3","music/mj/sc/sc_girl_peng0.mp3":"music/mj/sc/sc_girl_peng0ab742af6.mp3","music/mj/sc/sc_girl_peng1.mp3":"music/mj/sc/sc_girl_peng131a34c6c.mp3","music/mj/sc/sc_girl_peng2.mp3":"music/mj/sc/sc_girl_peng2d843d3e6.mp3","music/mj/select.mp3":"music/mj/select5bff8fb1.mp3","music/mj/shandian.mp3":"music/mj/shandian5216653c.mp3","music/mj/start.mp3":"music/mj/startd33f5f81.mp3","music/mj/xiayu.mp3":"music/mj/xiayu3918ff30.mp3","music/mj.mp3":"music/mjc8a74da0.mp3","music/mznn/alllose.mp3":"music/mznn/allloseedee5f52.mp3","music/mznn/allwin.mp3":"music/mznn/allwinafc5c393.mp3","music/mznn/background.mp3":"music/mznn/background567d8da9.mp3","music/mznn.mp3":"music/mznn567d8da9.mp3","music/nn/background.mp3":"music/nn/background8ff0ebf1.mp3","music/nn/banker_lose_all.mp3":"music/nn/banker_lose_all94a5d6c2.mp3","music/nn/banker_win_all.mp3":"music/nn/banker_win_all3cd6772c.mp3","music/nn/bet.mp3":"music/nn/bet6ead3a1d.mp3","music/nn/fapai.mp3":"music/nn/fapai68902a4d.mp3","music/nn/flycoin.mp3":"music/nn/flycoin24103cac.mp3","music/nn/game_start.mp3":"music/nn/game_start661a323c.mp3","music/nn/man/01.mp3":"music/nn/man/0122134126.mp3","music/nn/man/02.mp3":"music/nn/man/026018f404.mp3","music/nn/man/03.mp3":"music/nn/man/03397fbc86.mp3","music/nn/man/04.mp3":"music/nn/man/04da574c8c.mp3","music/nn/man/05.mp3":"music/nn/man/05f4ea8fc6.mp3","music/nn/man/06.mp3":"music/nn/man/06b4432f31.mp3","music/nn/man/07.mp3":"music/nn/man/0712e1abf0.mp3","music/nn/man/08.mp3":"music/nn/man/086d7d09cf.mp3","music/nn/man/09.mp3":"music/nn/man/09cc7394c1.mp3","music/nn/man/10.mp3":"music/nn/man/10298df205.mp3","music/nn/man/11.mp3":"music/nn/man/11ac36a29e.mp3","music/nn/man/12.mp3":"music/nn/man/126bbe4ce1.mp3","music/nn/man/13.mp3":"music/nn/man/131728e59e.mp3","music/nn/man/14.mp3":"music/nn/man/14cc54385e.mp3","music/nn/niuAni.mp3":"music/nn/niuAni396fc237.mp3","music/nn/niu_0_m.mp3":"music/nn/niu_0_m67d4b473.mp3","music/nn/niu_0_w.mp3":"music/nn/niu_0_wea1bdee6.mp3","music/nn/niu_10_m.mp3":"music/nn/niu_10_m7c16c297.mp3","music/nn/niu_10_w.mp3":"music/nn/niu_10_w13220d06.mp3","music/nn/niu_12_m.mp3":"music/nn/niu_12_m529b7866.mp3","music/nn/niu_12_w.mp3":"music/nn/niu_12_w039b1a95.mp3","music/nn/niu_13_m.mp3":"music/nn/niu_13_mb4a19c85.mp3","music/nn/niu_13_w.mp3":"music/nn/niu_13_w3f6475c2.mp3","music/nn/niu_14_m.mp3":"music/nn/niu_14_m0bf39818.mp3","music/nn/niu_14_w.mp3":"music/nn/niu_14_w061f6d2d.mp3","music/nn/niu_1_m.mp3":"music/nn/niu_1_m18940e20.mp3","music/nn/niu_1_w.mp3":"music/nn/niu_1_w24c0720d.mp3","music/nn/niu_2_m.mp3":"music/nn/niu_2_mfcefc6fc.mp3","music/nn/niu_2_w.mp3":"music/nn/niu_2_wfd7f4cd0.mp3","music/nn/niu_3_m.mp3":"music/nn/niu_3_m4301e493.mp3","music/nn/niu_3_w.mp3":"music/nn/niu_3_w55d6f4ea.mp3","music/nn/niu_4_m.mp3":"music/nn/niu_4_ma2de1915.mp3","music/nn/niu_4_w.mp3":"music/nn/niu_4_w2a530a8e.mp3","music/nn/niu_5_m.mp3":"music/nn/niu_5_md71ca578.mp3","music/nn/niu_5_w.mp3":"music/nn/niu_5_w3b132761.mp3","music/nn/niu_6_m.mp3":"music/nn/niu_6_m83a03c02.mp3","music/nn/niu_6_w.mp3":"music/nn/niu_6_w63288e57.mp3","music/nn/niu_7_m.mp3":"music/nn/niu_7_m5010f65a.mp3","music/nn/niu_7_w.mp3":"music/nn/niu_7_w4a51001d.mp3","music/nn/niu_8_m.mp3":"music/nn/niu_8_mee09a1a3.mp3","music/nn/niu_8_w.mp3":"music/nn/niu_8_wc8bd0fd6.mp3","music/nn/niu_9_m.mp3":"music/nn/niu_9_mdb7682da.mp3","music/nn/niu_9_w.mp3":"music/nn/niu_9_wd66624c5.mp3","music/nn/qiangzhuang_m.mp3":"music/nn/qiangzhuang_mf2237d9f.mp3","music/nn/qiangzhuang_w.mp3":"music/nn/qiangzhuang_w9174bb3c.mp3","music/nn/selectboss.mp3":"music/nn/selectboss5a411dd8.mp3","music/nn/sureboss.mp3":"music/nn/surebossf240530b.mp3","music/nn/women/01.mp3":"music/nn/women/01b0acde38.mp3","music/nn/women/02.mp3":"music/nn/women/02137c848c.mp3","music/nn/women/03.mp3":"music/nn/women/03c443505f.mp3","music/nn/women/04.mp3":"music/nn/women/04a86f0799.mp3","music/nn/women/05.mp3":"music/nn/women/05113505ac.mp3","music/nn/women/06.mp3":"music/nn/women/06f04b17d0.mp3","music/nn/women/07.mp3":"music/nn/women/0749fac9bc.mp3","music/nn/women/08.mp3":"music/nn/women/085bad713c.mp3","music/nn/women/09.mp3":"music/nn/women/09e66e52ba.mp3","music/nn/women/10.mp3":"music/nn/women/10186180de.mp3","music/nn/women/11.mp3":"music/nn/women/118e7d0da6.mp3","music/nn/women/12.mp3":"music/nn/women/121429b52b.mp3","music/nn/women/13.mp3":"music/nn/women/1328085b0a.mp3","music/nn/women/14.mp3":"music/nn/women/1425464455.mp3","music/reward.mp3":"music/reward354a6afa.mp3","music/saizi.mp3":"music/saizi23d308c5.mp3","nn/brnn.png":"nn/brnncp77b2e2e5.png","nn/history.png":"nn/historycp16385eac.png","nn/nn1.png":"nn/nn1cp5bad8ad7.png","nn/nn2.png":"nn/nn2cp9f4bd5d1.png","nn/stop_bg.png":"nn/stop_bgcp177fc315.png","part/star1.part":"part/star15f39890a.part","rank/title.png":"rank/titlecpf2844a56.png","release.html":"releaseefd0170f.html","res/atlas/chapter.atlas":"res/atlas/chaptercp1a98c79b.atlas","res/atlas/chapter.png":"res/atlas/chaptercpf870e721.png","res/atlas/chat.atlas":"res/atlas/chatcp8245371c.atlas","res/atlas/chat.png":"res/atlas/chatcp98cdd150.png","res/atlas/ddz/beijing.atlas":"res/atlas/ddz/beijingcpa548f30c.atlas","res/atlas/ddz/beijing.png":"res/atlas/ddz/beijingcp37375c9a.png","res/atlas/ddz/effect.atlas":"res/atlas/ddz/effectcp04e39124.atlas","res/atlas/ddz/effect.png":"res/atlas/ddz/effectcpf338730d.png","res/atlas/ddz/zhuangshi.atlas":"res/atlas/ddz/zhuangshicpa9da0988.atlas","res/atlas/ddz/zhuangshi.png":"res/atlas/ddz/zhuangshicp910c305d.png","res/atlas/ddz.atlas":"res/atlas/ddzcp64829e69.atlas","res/atlas/ddz.png":"res/atlas/ddzcpa2d7a88d.png","res/atlas/first.atlas":"res/atlas/firstcpb41de9f7.atlas","res/atlas/first.png":"res/atlas/firstcpf9292df3.png","res/atlas/fish.atlas":"res/atlas/fishcpbe9869e6.atlas","res/atlas/fish.png":"res/atlas/fishcp1128011d.png","res/atlas/gift.atlas":"res/atlas/giftcpb1f4c03a.atlas","res/atlas/gift.png":"res/atlas/giftcpb6d98474.png","res/atlas/girl.atlas":"res/atlas/girlcp94672018.atlas","res/atlas/girl.png":"res/atlas/girlcpf1aac25b.png","res/atlas/group.atlas":"res/atlas/groupcpafd13819.atlas","res/atlas/group.png":"res/atlas/groupcp73be8409.png","res/atlas/head.atlas":"res/atlas/headcp7e8c4715.atlas","res/atlas/head.png":"res/atlas/headcp2a96629c.png","res/atlas/lobby.atlas":"res/atlas/lobbycp30012e23.atlas","res/atlas/lobby.png":"res/atlas/lobbycpd87f44bf.png","res/atlas/lobby2.atlas":"res/atlas/lobby2cp7253b2a8.atlas","res/atlas/lobby2.png":"res/atlas/lobby2cp50412ef0.png","res/atlas/login.atlas":"res/atlas/logincp462cec86.atlas","res/atlas/login.png":"res/atlas/logincp4df99ad6.png","res/atlas/lucky.atlas":"res/atlas/luckycpe9223ca4.atlas","res/atlas/lucky.png":"res/atlas/luckycp9ef8294f.png","res/atlas/luckyqian.atlas":"res/atlas/luckyqiancpc546f84c.atlas","res/atlas/luckyqian.png":"res/atlas/luckyqiancp2322776d.png","res/atlas/nn.atlas":"res/atlas/nncp1122ea7d.atlas","res/atlas/nn.png":"res/atlas/nncp621bfcfa.png","res/atlas/nnpoker.atlas":"res/atlas/nnpokercp277815e6.atlas","res/atlas/nnpoker.png":"res/atlas/nnpokercpdbf9dcec.png","res/atlas/playclock.atlas":"res/atlas/playclockcpf906532e.atlas","res/atlas/playclock.png":"res/atlas/playclockcpcb537946.png","res/atlas/poker.atlas":"res/atlas/pokercp2258c444.atlas","res/atlas/poker.png":"res/atlas/pokercpc6117c7d.png","res/atlas/rank.atlas":"res/atlas/rankcp5766a8a7.atlas","res/atlas/rank.png":"res/atlas/rankcpa3cf3378.png","res/atlas/shop.atlas":"res/atlas/shopcpd316e103.atlas","res/atlas/shop.png":"res/atlas/shopcp6ae8db96.png","res/atlas/vip.atlas":"res/atlas/vipcp1167a005.atlas","res/atlas/vip.png":"res/atlas/vipcp11d32591.png","spine/dizhurukou.png":"spine/dizhurukoucp4be636d9.png","spine/dizhurukou.sk":"spine/dizhurukou2de8c009.sk","spine/dt_dizhu.png":"spine/dt_dizhucp8da0c0d3.png","spine/dt_dizhu.sk":"spine/dt_dizhu6057f22f.sk","test.html":"test9a113d39.html","texture.png":"texturecpef6d7de7.png","unpack.json":"unpackcp18430087.json","vip/vip1.png":"vip/vip1cpd51af071.png"}