{"meta":{"app":"http://www.layabox.com","prefix":"10101.swf","scale":"1","version":"1.0","image":"10101_v20180515165755.png"},"frames":{"5.png":{"frame":{"x":190,"y":91,"w":53,"h":23},"rotated":false,"pivot":{"y":0.5,"x":0.5},"trimmed":false,"sourceSize":{"w":53,"h":23},"spriteSourceSize":{"x":0,"y":0,"w":53,"h":23}},"4.png":{"frame":{"x":219,"y":40,"w":31,"h":32},"rotated":false,"pivot":{"y":0.5,"x":0.5},"trimmed":false,"sourceSize":{"w":31,"h":32},"spriteSourceSize":{"x":0,"y":0,"w":31,"h":32}},"10.png":{"frame":{"x":103,"y":92,"w":53,"h":32},"rotated":false,"pivot":{"y":0.5,"x":0.5},"trimmed":false,"sourceSize":{"w":53,"h":32},"spriteSourceSize":{"x":0,"y":0,"w":53,"h":32}},"12.png":{"frame":{"x":190,"y":1,"w":40,"h":37},"rotated":false,"pivot":{"y":0.5,"x":0.5},"trimmed":false,"sourceSize":{"w":40,"h":37},"spriteSourceSize":{"x":0,"y":0,"w":40,"h":37}},"1.png":{"frame":{"x":1,"y":1,"w":100,"h":100},"rotated":false,"pivot":{"y":0.5,"x":0.5},"trimmed":false,"sourceSize":{"w":100,"h":100},"spriteSourceSize":{"x":0,"y":0,"w":100,"h":100}},"11.png":{"frame":{"x":219,"y":74,"w":16,"h":10},"rotated":false,"pivot":{"y":0.5,"x":0.5},"trimmed":false,"sourceSize":{"w":16,"h":10},"spriteSourceSize":{"x":0,"y":0,"w":16,"h":10}},"2.png":{"frame":{"x":103,"y":1,"w":85,"h":89},"rotated":false,"pivot":{"y":0.5,"x":0.5},"trimmed":false,"sourceSize":{"w":85,"h":89},"spriteSourceSize":{"x":0,"y":0,"w":85,"h":89}},"3.png":{"frame":{"x":158,"y":92,"w":28,"h":29},"rotated":false,"pivot":{"y":0.5,"x":0.5},"trimmed":false,"sourceSize":{"w":28,"h":29},"spriteSourceSize":{"x":0,"y":0,"w":28,"h":29}},"9.png":{"frame":{"x":1,"y":103,"w":26,"h":18},"rotated":false,"pivot":{"y":0.5,"x":0.5},"trimmed":false,"sourceSize":{"w":26,"h":18},"spriteSourceSize":{"x":0,"y":0,"w":26,"h":18}},"7.png":{"frame":{"x":190,"y":40,"w":27,"h":49},"rotated":false,"pivot":{"y":0.5,"x":0.5},"trimmed":false,"sourceSize":{"w":27,"h":49},"spriteSourceSize":{"x":0,"y":0,"w":27,"h":49}},"6.png":{"frame":{"x":237,"y":74,"w":15,"h":7},"rotated":false,"pivot":{"y":0.5,"x":0.5},"trimmed":false,"sourceSize":{"w":15,"h":7},"spriteSourceSize":{"x":0,"y":0,"w":15,"h":7}}}}