{"meta":{"app":"http://www.layabox.com","prefix":"10107.swf","scale":"1","version":"1.0","image":"10107_v20180515165755.png"},"frames":{"3.png":{"rotated":false,"pivot":{"y":0.5,"x":0.5},"frame":{"x":191,"y":1,"w":47,"h":14},"trimmed":false,"sourceSize":{"w":47,"h":14},"spriteSourceSize":{"x":0,"y":0,"w":47,"h":14}},"9.png":{"rotated":false,"pivot":{"y":0.5,"x":0.5},"frame":{"x":136,"y":110,"w":73,"h":12},"trimmed":false,"sourceSize":{"w":73,"h":12},"spriteSourceSize":{"x":0,"y":0,"w":73,"h":12}},"6.png":{"rotated":false,"pivot":{"y":0.5,"x":0.5},"frame":{"x":136,"y":93,"w":63,"h":15},"trimmed":false,"sourceSize":{"w":63,"h":15},"spriteSourceSize":{"x":0,"y":0,"w":63,"h":15}},"8.png":{"rotated":false,"pivot":{"y":0.5,"x":0.5},"frame":{"x":103,"y":93,"w":31,"h":32},"trimmed":false,"sourceSize":{"w":31,"h":32},"spriteSourceSize":{"x":0,"y":0,"w":31,"h":32}},"7.png":{"rotated":false,"pivot":{"y":0.5,"x":0.5},"frame":{"x":191,"y":29,"w":49,"h":12},"trimmed":false,"sourceSize":{"w":49,"h":12},"spriteSourceSize":{"x":0,"y":0,"w":49,"h":12}},"1.png":{"rotated":false,"pivot":{"y":0.5,"x":0.5},"frame":{"x":1,"y":1,"w":100,"h":100},"trimmed":false,"sourceSize":{"w":100,"h":100},"spriteSourceSize":{"x":0,"y":0,"w":100,"h":100}},"5.png":{"rotated":false,"pivot":{"y":0.5,"x":0.5},"frame":{"x":191,"y":17,"w":60,"h":10},"trimmed":false,"sourceSize":{"w":60,"h":10},"spriteSourceSize":{"x":0,"y":0,"w":60,"h":10}},"4.png":{"rotated":false,"pivot":{"y":0.5,"x":0.5},"frame":{"x":1,"y":103,"w":63,"h":15},"trimmed":false,"sourceSize":{"w":63,"h":15},"spriteSourceSize":{"x":0,"y":0,"w":63,"h":15}},"2.png":{"rotated":false,"pivot":{"y":0.5,"x":0.5},"frame":{"x":103,"y":1,"w":86,"h":90},"trimmed":false,"sourceSize":{"w":86,"h":90},"spriteSourceSize":{"x":0,"y":0,"w":86,"h":90}}}}