{"frames":{"1.png":{"frame":{"x":1,"y":1,"w":100,"h":100},"sourceSize":{"w":100,"h":100},"spriteSourceSize":{"x":0,"y":0,"w":100,"h":100},"rotated":false,"trimmed":false,"pivot":{"y":0.5,"x":0.5}},"4.png":{"frame":{"x":35,"y":103,"w":32,"h":16},"sourceSize":{"w":32,"h":16},"spriteSourceSize":{"x":0,"y":0,"w":32,"h":16},"rotated":false,"trimmed":false,"pivot":{"y":0.5,"x":0.5}},"6.png":{"frame":{"x":103,"y":92,"w":24,"h":24},"sourceSize":{"w":24,"h":24},"spriteSourceSize":{"x":0,"y":0,"w":24,"h":24},"rotated":false,"trimmed":false,"pivot":{"y":0.5,"x":0.5}},"9.png":{"frame":{"x":129,"y":92,"w":28,"h":18},"sourceSize":{"w":28,"h":18},"spriteSourceSize":{"x":0,"y":0,"w":28,"h":18},"rotated":false,"trimmed":false,"pivot":{"y":0.5,"x":0.5}},"5.png":{"frame":{"x":103,"y":118,"w":1,"h":1},"sourceSize":{"w":1,"h":1},"spriteSourceSize":{"x":0,"y":0,"w":1,"h":1},"rotated":false,"trimmed":false,"pivot":{"y":0.5,"x":0.5}},"7.png":{"frame":{"x":159,"y":92,"w":28,"h":16},"sourceSize":{"w":28,"h":16},"spriteSourceSize":{"x":0,"y":0,"w":28,"h":16},"rotated":false,"trimmed":false,"pivot":{"y":0.5,"x":0.5}},"10.png":{"frame":{"x":69,"y":103,"w":32,"h":16},"sourceSize":{"w":32,"h":16},"spriteSourceSize":{"x":0,"y":0,"w":32,"h":16},"rotated":false,"trimmed":false,"pivot":{"y":0.5,"x":0.5}},"2.png":{"frame":{"x":103,"y":1,"w":85,"h":89},"sourceSize":{"w":85,"h":89},"spriteSourceSize":{"x":0,"y":0,"w":85,"h":89},"rotated":false,"trimmed":false,"pivot":{"y":0.5,"x":0.5}},"8.png":{"frame":{"x":1,"y":103,"w":32,"h":17},"sourceSize":{"w":32,"h":17},"spriteSourceSize":{"x":0,"y":0,"w":32,"h":17},"rotated":false,"trimmed":false,"pivot":{"y":0.5,"x":0.5}}},"meta":{"app":"http://www.layabox.com","prefix":"10117.swf","scale":"1","version":"1.0","image":"10117_v20180515165755.png"}}