{"frames":{"4.png":{"sourceSize":{"w":61,"h":54},"trimmed":false,"pivot":{"y":0.5,"x":0.5},"spriteSourceSize":{"x":0,"y":0,"w":61,"h":54},"frame":{"x":190,"y":1,"w":61,"h":54},"rotated":false},"1.png":{"sourceSize":{"w":100,"h":100},"trimmed":false,"pivot":{"y":0.5,"x":0.5},"spriteSourceSize":{"x":0,"y":0,"w":100,"h":100},"frame":{"x":1,"y":1,"w":100,"h":100},"rotated":false},"7.png":{"sourceSize":{"w":68,"h":13},"trimmed":false,"pivot":{"y":0.5,"x":0.5},"spriteSourceSize":{"x":0,"y":0,"w":68,"h":13},"frame":{"x":177,"y":105,"w":68,"h":13},"rotated":false},"5.png":{"sourceSize":{"w":72,"h":33},"trimmed":false,"pivot":{"y":0.5,"x":0.5},"spriteSourceSize":{"x":0,"y":0,"w":72,"h":33},"frame":{"x":103,"y":92,"w":72,"h":33},"rotated":false},"6.png":{"sourceSize":{"w":37,"h":46},"trimmed":false,"pivot":{"y":0.5,"x":0.5},"spriteSourceSize":{"x":0,"y":0,"w":37,"h":46},"frame":{"x":190,"y":57,"w":37,"h":46},"rotated":false},"2.png":{"sourceSize":{"w":85,"h":89},"trimmed":false,"pivot":{"y":0.5,"x":0.5},"spriteSourceSize":{"x":0,"y":0,"w":85,"h":89},"frame":{"x":103,"y":1,"w":85,"h":89},"rotated":false}},"meta":{"app":"http://www.layabox.com","prefix":"10119.swf","scale":"1","version":"1.0","image":"10119_v20180515165755.png"}}