{"meta":{"app":"http://www.layabox.com","prefix":"10110.swf","scale":"1","version":"1.0","image":"10110_v20180515165755.png"},"frames":{"4.png":{"frame":{"x":103,"y":92,"w":36,"h":35},"rotated":false,"spriteSourceSize":{"x":0,"y":0,"w":36,"h":35},"trimmed":false,"pivot":{"y":0.5,"x":0.5},"sourceSize":{"w":36,"h":35}},"9.png":{"frame":{"x":27,"y":120,"w":26,"h":6},"rotated":false,"spriteSourceSize":{"x":0,"y":0,"w":26,"h":6},"trimmed":false,"pivot":{"y":0.5,"x":0.5},"sourceSize":{"w":26,"h":6}},"10.png":{"frame":{"x":1,"y":103,"w":73,"h":8},"rotated":false,"spriteSourceSize":{"x":0,"y":0,"w":73,"h":8},"trimmed":false,"pivot":{"y":0.5,"x":0.5},"sourceSize":{"w":73,"h":8}},"2.png":{"frame":{"x":103,"y":1,"w":85,"h":89},"rotated":false,"spriteSourceSize":{"x":0,"y":0,"w":85,"h":89},"trimmed":false,"pivot":{"y":0.5,"x":0.5},"sourceSize":{"w":85,"h":89}},"6.png":{"frame":{"x":141,"y":92,"w":25,"h":26},"rotated":false,"spriteSourceSize":{"x":0,"y":0,"w":25,"h":26},"trimmed":false,"pivot":{"y":0.5,"x":0.5},"sourceSize":{"w":25,"h":26}},"5.png":{"frame":{"x":76,"y":103,"w":15,"h":15},"rotated":false,"spriteSourceSize":{"x":0,"y":0,"w":15,"h":15},"trimmed":false,"pivot":{"y":0.5,"x":0.5},"sourceSize":{"w":15,"h":15}},"11.png":{"frame":{"x":1,"y":113,"w":24,"h":8},"rotated":false,"spriteSourceSize":{"x":0,"y":0,"w":24,"h":8},"trimmed":false,"pivot":{"y":0.5,"x":0.5},"sourceSize":{"w":24,"h":8}},"1.png":{"frame":{"x":1,"y":1,"w":100,"h":100},"rotated":false,"spriteSourceSize":{"x":0,"y":0,"w":100,"h":100},"trimmed":false,"pivot":{"y":0.5,"x":0.5},"sourceSize":{"w":100,"h":100}},"8.png":{"frame":{"x":1,"y":123,"w":24,"h":4},"rotated":false,"spriteSourceSize":{"x":0,"y":0,"w":24,"h":4},"trimmed":false,"pivot":{"y":0.5,"x":0.5},"sourceSize":{"w":24,"h":4}}}}