{"meta":{"app":"http://www.layabox.com","prefix":"10114.swf","scale":"1","version":"1.0","image":"10114_v20180515165755.png"},"frames":{"2.png":{"frame":{"x":103,"y":1,"w":85,"h":89},"trimmed":false,"spriteSourceSize":{"x":0,"y":0,"w":85,"h":89},"rotated":false,"pivot":{"y":0.5,"x":0.5},"sourceSize":{"w":85,"h":89}},"1.png":{"frame":{"x":1,"y":1,"w":100,"h":100},"trimmed":false,"spriteSourceSize":{"x":0,"y":0,"w":100,"h":100},"rotated":false,"pivot":{"y":0.5,"x":0.5},"sourceSize":{"w":100,"h":100}},"4.png":{"frame":{"x":190,"y":1,"w":62,"h":71},"trimmed":false,"spriteSourceSize":{"x":0,"y":0,"w":62,"h":71},"rotated":false,"pivot":{"y":0.5,"x":0.5},"sourceSize":{"w":62,"h":71}},"5.png":{"frame":{"x":190,"y":74,"w":37,"h":43},"trimmed":false,"spriteSourceSize":{"x":0,"y":0,"w":37,"h":43},"rotated":false,"pivot":{"y":0.5,"x":0.5},"sourceSize":{"w":37,"h":43}}}}