{"meta":{"app":"http://www.layabox.com","prefix":"10115.swf","scale":"1","version":"1.0","image":"10115_v20180515165755.png"},"frames":{"18.png":{"frame":{"x":92,"y":194,"w":67,"h":31},"pivot":{"y":0.5,"x":0.5},"trimmed":false,"spriteSourceSize":{"x":0,"y":0,"w":67,"h":31},"sourceSize":{"w":67,"h":31},"rotated":false},"20.png":{"frame":{"x":88,"y":161,"w":77,"h":31},"pivot":{"y":0.5,"x":0.5},"trimmed":false,"spriteSourceSize":{"x":0,"y":0,"w":77,"h":31},"sourceSize":{"w":77,"h":31},"rotated":false},"8.png":{"frame":{"x":225,"y":214,"w":25,"h":30},"pivot":{"y":0.5,"x":0.5},"trimmed":false,"spriteSourceSize":{"x":0,"y":0,"w":25,"h":30},"sourceSize":{"w":25,"h":30},"rotated":false},"12.png":{"frame":{"x":242,"y":189,"w":13,"h":20},"pivot":{"y":0.5,"x":0.5},"trimmed":false,"spriteSourceSize":{"x":0,"y":0,"w":13,"h":20},"sourceSize":{"w":13,"h":20},"rotated":false},"11.png":{"frame":{"x":117,"y":73,"w":10,"h":15},"pivot":{"y":0.5,"x":0.5},"trimmed":false,"spriteSourceSize":{"x":0,"y":0,"w":10,"h":15},"sourceSize":{"w":10,"h":15},"rotated":false},"4.png":{"frame":{"x":103,"y":37,"w":32,"h":34},"pivot":{"y":0.5,"x":0.5},"trimmed":false,"spriteSourceSize":{"x":0,"y":0,"w":32,"h":34},"sourceSize":{"w":32,"h":34},"rotated":false},"9.png":{"frame":{"x":103,"y":1,"w":32,"h":34},"pivot":{"y":0.5,"x":0.5},"trimmed":false,"spriteSourceSize":{"x":0,"y":0,"w":32,"h":34},"sourceSize":{"w":32,"h":34},"rotated":false},"13.png":{"frame":{"x":242,"y":163,"w":13,"h":24},"pivot":{"y":0.5,"x":0.5},"trimmed":false,"spriteSourceSize":{"x":0,"y":0,"w":13,"h":24},"sourceSize":{"w":13,"h":24},"rotated":false},"17.png":{"frame":{"x":88,"y":103,"w":80,"h":56},"pivot":{"y":0.5,"x":0.5},"trimmed":false,"spriteSourceSize":{"x":0,"y":0,"w":80,"h":56},"sourceSize":{"w":80,"h":56},"rotated":false},"15.png":{"frame":{"x":137,"y":1,"w":15,"h":42},"pivot":{"y":0.5,"x":0.5},"trimmed":false,"spriteSourceSize":{"x":0,"y":0,"w":15,"h":42},"sourceSize":{"w":15,"h":42},"rotated":false},"2.png":{"frame":{"x":1,"y":103,"w":85,"h":89},"pivot":{"y":0.5,"x":0.5},"trimmed":false,"spriteSourceSize":{"x":0,"y":0,"w":85,"h":89},"sourceSize":{"w":85,"h":89},"rotated":false},"16.png":{"frame":{"x":225,"y":163,"w":15,"h":49},"pivot":{"y":0.5,"x":0.5},"trimmed":false,"spriteSourceSize":{"x":0,"y":0,"w":15,"h":49},"sourceSize":{"w":15,"h":49},"rotated":false},"5.png":{"frame":{"x":103,"y":73,"w":12,"h":16},"pivot":{"y":0.5,"x":0.5},"trimmed":false,"spriteSourceSize":{"x":0,"y":0,"w":12,"h":16},"sourceSize":{"w":12,"h":16},"rotated":false},"7.png":{"frame":{"x":170,"y":103,"w":72,"h":58},"pivot":{"y":0.5,"x":0.5},"trimmed":false,"spriteSourceSize":{"x":0,"y":0,"w":72,"h":58},"sourceSize":{"w":72,"h":58},"rotated":false},"6.png":{"frame":{"x":193,"y":194,"w":30,"h":38},"pivot":{"y":0.5,"x":0.5},"trimmed":false,"spriteSourceSize":{"x":0,"y":0,"w":30,"h":38},"sourceSize":{"w":30,"h":38},"rotated":false},"14.png":{"frame":{"x":137,"y":45,"w":15,"h":37},"pivot":{"y":0.5,"x":0.5},"trimmed":false,"spriteSourceSize":{"x":0,"y":0,"w":15,"h":37},"sourceSize":{"w":15,"h":37},"rotated":false},"10.png":{"frame":{"x":161,"y":194,"w":30,"h":38},"pivot":{"y":0.5,"x":0.5},"trimmed":false,"spriteSourceSize":{"x":0,"y":0,"w":30,"h":38},"sourceSize":{"w":30,"h":38},"rotated":false},"19.png":{"frame":{"x":1,"y":194,"w":89,"h":56},"pivot":{"y":0.5,"x":0.5},"trimmed":false,"spriteSourceSize":{"x":0,"y":0,"w":89,"h":56},"sourceSize":{"w":89,"h":56},"rotated":false},"1.png":{"frame":{"x":1,"y":1,"w":100,"h":100},"pivot":{"y":0.5,"x":0.5},"trimmed":false,"spriteSourceSize":{"x":0,"y":0,"w":100,"h":100},"sourceSize":{"w":100,"h":100},"rotated":false}}}